2026-07-06 11:34:42,058 INFO Loading data data/semantic_endpoint_v18/data.pt…
2026-07-06 11:35:06,770 INFO Loaded 17301 examples (filtered to ≤ 12 s audio)
2026-07-06 11:35:06,806 INFO Reserved 128 holdout examples {'silence_only': 8, 'single_sil': 8, 'asr_plain': 8, 'complete_nosil': 8, 'digit_fire': 8, 'bias_nat_relevant': 8, 'truncated': 8, 'pair_fire': 8, 'pair_hold': 8, 'spell_email': 8, 'spell_name': 8, 'digit_hold': 8, 'digit_nosil': 8, 'lead_sil': 8, 'bias_nat_distractor': 8, 'long_sil': 8}; train set now 17173
2026-07-06 11:35:06,806 INFO Loading Qwen3-ASR-0.6B base…
The following generation flags are not valid and may be ignored: ['temperature']. Set `TRANSFORMERS_VERBOSITY=info` for more details.
2026-07-06 11:35:11,997 INFO Tokenizer extended: vocab=151707, eager=151705, end=151706 (new rows initialized)
2026-07-06 11:35:12,129 INFO Trainable 164.76 M / Total 791.60 M
2026-07-06 11:35:12,131 INFO AdamW: 224 decay(+LoRA) / 1 no-decay params
2026-07-06 11:35:12,131 INFO --resume set but no step*.pt found; starting fresh
2026-07-06 11:35:12,592 INFO step    0  loss 14.0885  lr 2.00e-06  0.41 s/step  free 94241 MB
2026-07-06 11:35:15,258 INFO step   20  loss 7.2455  lr 4.20e-05  0.12 s/step  free 78504 MB
2026-07-06 11:35:17,936 INFO step   40  loss 4.4995  lr 8.20e-05  0.11 s/step  free 78504 MB
2026-07-06 11:35:20,633 INFO step   60  loss 4.7414  lr 1.22e-04  0.11 s/step  free 78504 MB
2026-07-06 11:35:23,287 INFO step   80  loss 4.9076  lr 1.62e-04  0.11 s/step  free 71294 MB
2026-07-06 11:35:26,013 INFO step  100  loss 4.4185  lr 2.00e-04  0.11 s/step  free 71294 MB
2026-07-06 11:35:28,655 INFO step  120  loss 4.8905  lr 2.00e-04  0.11 s/step  free 67658 MB
2026-07-06 11:35:31,320 INFO step  140  loss 3.9918  lr 2.00e-04  0.11 s/step  free 67658 MB
2026-07-06 11:35:34,005 INFO step  160  loss 3.8376  lr 2.00e-04  0.11 s/step  free 67658 MB
2026-07-06 11:35:36,726 INFO step  180  loss 4.5425  lr 2.00e-04  0.11 s/step  free 67658 MB
2026-07-06 11:35:39,492 INFO step  200  loss 4.2029  lr 2.00e-04  0.13 s/step  free 67658 MB
2026-07-06 11:35:42,317 INFO step  220  loss 3.7878  lr 2.00e-04  0.13 s/step  free 67658 MB
2026-07-06 11:35:45,035 INFO step  240  loss 4.6084  lr 2.00e-04  0.13 s/step  free 67658 MB
2026-07-06 11:35:47,740 INFO step  260  loss 4.8872  lr 2.00e-04  0.12 s/step  free 67658 MB
2026-07-06 11:35:50,550 INFO step  280  loss 4.2543  lr 2.00e-04  0.11 s/step  free 60095 MB
2026-07-06 11:35:53,363 INFO step  300  loss 4.1922  lr 2.00e-04  0.11 s/step  free 60095 MB
2026-07-06 11:35:56,052 INFO step  320  loss 4.4754  lr 2.00e-04  0.12 s/step  free 60095 MB
2026-07-06 11:35:58,783 INFO step  340  loss 4.8904  lr 2.00e-04  0.11 s/step  free 60095 MB
2026-07-06 11:36:01,520 INFO step  360  loss 4.1469  lr 2.00e-04  0.12 s/step  free 60095 MB
2026-07-06 11:36:04,345 INFO step  380  loss 4.4957  lr 2.00e-04  0.13 s/step  free 60095 MB
2026-07-06 11:36:07,064 INFO step  400  loss 4.1250  lr 2.00e-04  0.11 s/step  free 60095 MB
2026-07-06 11:36:09,770 INFO step  420  loss 4.0427  lr 2.00e-04  0.11 s/step  free 60095 MB
2026-07-06 11:36:12,472 INFO step  440  loss 4.3294  lr 2.00e-04  0.11 s/step  free 60095 MB
2026-07-06 11:36:15,178 INFO step  460  loss 4.6476  lr 2.00e-04  0.12 s/step  free 60095 MB
2026-07-06 11:36:18,030 INFO step  480  loss 4.8166  lr 2.00e-04  0.13 s/step  free 60095 MB
2026-07-06 11:36:20,766 INFO step  500  loss 4.2564  lr 1.99e-04  0.11 s/step  free 60095 MB
2026-07-06 11:36:21,538 INFO Saved step500.pt (resumable)
2026-07-06 11:36:24,270 INFO step  520  loss 3.7963  lr 1.99e-04  0.11 s/step  free 60095 MB
2026-07-06 11:36:26,958 INFO step  540  loss 4.6085  lr 1.99e-04  0.12 s/step  free 60095 MB
2026-07-06 11:36:29,788 INFO step  560  loss 4.3735  lr 1.99e-04  0.12 s/step  free 60095 MB
2026-07-06 11:36:32,573 INFO step  580  loss 4.6058  lr 1.99e-04  0.13 s/step  free 60095 MB
2026-07-06 11:36:35,403 INFO step  600  loss 4.4316  lr 1.99e-04  0.12 s/step  free 60095 MB
2026-07-06 11:36:38,133 INFO step  620  loss 4.2204  lr 1.99e-04  0.12 s/step  free 60095 MB
2026-07-06 11:36:40,843 INFO step  640  loss 3.8073  lr 1.99e-04  0.12 s/step  free 60095 MB
2026-07-06 11:36:43,513 INFO step  660  loss 4.4176  lr 1.99e-04  0.11 s/step  free 60095 MB
2026-07-06 11:36:46,277 INFO step  680  loss 4.4217  lr 1.99e-04  0.11 s/step  free 60095 MB
2026-07-06 11:36:48,974 INFO step  700  loss 3.8122  lr 1.99e-04  0.11 s/step  free 60095 MB
2026-07-06 11:36:51,780 INFO step  720  loss 3.6907  lr 1.99e-04  0.11 s/step  free 60095 MB
2026-07-06 11:36:54,522 INFO step  740  loss 4.6275  lr 1.99e-04  0.11 s/step  free 60095 MB
2026-07-06 11:36:57,252 INFO step  760  loss 4.2633  lr 1.99e-04  0.11 s/step  free 60095 MB
2026-07-06 11:36:59,957 INFO step  780  loss 4.1929  lr 1.98e-04  0.13 s/step  free 60095 MB
2026-07-06 11:37:02,759 INFO step  800  loss 4.0940  lr 1.98e-04  0.11 s/step  free 60095 MB
2026-07-06 11:37:05,623 INFO step  820  loss 4.2218  lr 1.98e-04  0.13 s/step  free 60095 MB
2026-07-06 11:37:08,373 INFO step  840  loss 4.7050  lr 1.98e-04  0.11 s/step  free 60095 MB
2026-07-06 11:37:11,074 INFO step  860  loss 4.3504  lr 1.98e-04  0.11 s/step  free 60095 MB
2026-07-06 11:37:13,881 INFO step  880  loss 4.5083  lr 1.98e-04  0.12 s/step  free 60095 MB
2026-07-06 11:37:16,756 INFO step  900  loss 4.5174  lr 1.98e-04  0.12 s/step  free 60095 MB
2026-07-06 11:37:19,453 INFO step  920  loss 4.5579  lr 1.98e-04  0.11 s/step  free 60095 MB
2026-07-06 11:37:22,176 INFO step  940  loss 4.0049  lr 1.98e-04  0.11 s/step  free 60095 MB
2026-07-06 11:37:24,967 INFO step  960  loss 3.7620  lr 1.98e-04  0.11 s/step  free 60095 MB
2026-07-06 11:37:27,792 INFO step  980  loss 4.4920  lr 1.97e-04  0.11 s/step  free 60095 MB
2026-07-06 11:37:30,508 INFO step 1000  loss 3.1993  lr 1.97e-04  0.11 s/step  free 60095 MB
2026-07-06 11:37:31,275 INFO Saved step1000.pt (resumable)
2026-07-06 11:37:34,104 INFO step 1020  loss 4.6449  lr 1.97e-04  0.11 s/step  free 60095 MB
2026-07-06 11:37:36,871 INFO step 1040  loss 4.7034  lr 1.97e-04  0.13 s/step  free 60095 MB
2026-07-06 11:37:39,563 INFO step 1060  loss 4.5426  lr 1.97e-04  0.11 s/step  free 60095 MB
2026-07-06 11:37:42,313 INFO step 1080  loss 4.9031  lr 1.97e-04  0.12 s/step  free 60095 MB
2026-07-06 11:37:45,207 INFO step 1100  loss 4.8914  lr 1.97e-04  0.12 s/step  free 60095 MB
2026-07-06 11:37:47,934 INFO step 1120  loss 4.6667  lr 1.97e-04  0.11 s/step  free 60095 MB
2026-07-06 11:37:50,609 INFO step 1140  loss 4.3433  lr 1.96e-04  0.11 s/step  free 60095 MB
2026-07-06 11:37:53,272 INFO step 1160  loss 4.9752  lr 1.96e-04  0.12 s/step  free 60095 MB
2026-07-06 11:37:56,064 INFO step 1180  loss 4.3241  lr 1.96e-04  0.11 s/step  free 60095 MB
2026-07-06 11:37:58,730 INFO step 1200  loss 4.6521  lr 1.96e-04  0.11 s/step  free 60095 MB
2026-07-06 11:38:01,536 INFO step 1220  loss 4.5729  lr 1.96e-04  0.11 s/step  free 60095 MB
2026-07-06 11:38:04,300 INFO step 1240  loss 4.0660  lr 1.96e-04  0.11 s/step  free 60095 MB
2026-07-06 11:38:06,955 INFO step 1260  loss 2.6827  lr 1.96e-04  0.11 s/step  free 60095 MB
2026-07-06 11:38:09,724 INFO step 1280  loss 4.5038  lr 1.95e-04  0.17 s/step  free 60095 MB
2026-07-06 11:38:12,471 INFO step 1300  loss 4.1244  lr 1.95e-04  0.11 s/step  free 60095 MB
2026-07-06 11:38:15,150 INFO step 1320  loss 4.2575  lr 1.95e-04  0.11 s/step  free 60095 MB
2026-07-06 11:38:17,861 INFO step 1340  loss 3.9267  lr 1.95e-04  0.12 s/step  free 60095 MB
2026-07-06 11:38:20,557 INFO step 1360  loss 3.7525  lr 1.95e-04  0.12 s/step  free 60095 MB
2026-07-06 11:38:23,294 INFO step 1380  loss 4.3765  lr 1.95e-04  0.11 s/step  free 60095 MB
2026-07-06 11:38:26,096 INFO step 1400  loss 4.2773  lr 1.94e-04  0.14 s/step  free 60095 MB
2026-07-06 11:38:28,939 INFO step 1420  loss 4.4876  lr 1.94e-04  0.11 s/step  free 60095 MB
2026-07-06 11:38:31,628 INFO step 1440  loss 3.9403  lr 1.94e-04  0.11 s/step  free 60095 MB
2026-07-06 11:38:34,398 INFO step 1460  loss 3.8326  lr 1.94e-04  0.11 s/step  free 60095 MB
2026-07-06 11:38:37,224 INFO step 1480  loss 3.1920  lr 1.94e-04  0.13 s/step  free 60095 MB
2026-07-06 11:38:39,897 INFO step 1500  loss 4.6159  lr 1.94e-04  0.11 s/step  free 60095 MB
2026-07-06 11:38:40,726 INFO Saved step1500.pt (resumable)
Setting `pad_token_id` to `eos_token_id`:151645 for open-end generation.
Setting `pad_token_id` to `eos_token_id`:151645 for open-end generation.
Setting `pad_token_id` to `eos_token_id`:151645 for open-end generation.
Setting `pad_token_id` to `eos_token_id`:151645 for open-end generation.
Setting `pad_token_id` to `eos_token_id`:151645 for open-end generation.
Setting `pad_token_id` to `eos_token_id`:151645 for open-end generation.
Setting `pad_token_id` to `eos_token_id`:151645 for open-end generation.
Setting `pad_token_id` to `eos_token_id`:151645 for open-end generation.
Setting `pad_token_id` to `eos_token_id`:151645 for open-end generation.
Setting `pad_token_id` to `eos_token_id`:151645 for open-end generation.
Setting `pad_token_id` to `eos_token_id`:151645 for open-end generation.
Setting `pad_token_id` to `eos_token_id`:151645 for open-end generation.
Setting `pad_token_id` to `eos_token_id`:151645 for open-end generation.
Setting `pad_token_id` to `eos_token_id`:151645 for open-end generation.
Setting `pad_token_id` to `eos_token_id`:151645 for open-end generation.
Setting `pad_token_id` to `eos_token_id`:151645 for open-end generation.
Setting `pad_token_id` to `eos_token_id`:151645 for open-end generation.
Setting `pad_token_id` to `eos_token_id`:151645 for open-end generation.
Setting `pad_token_id` to `eos_token_id`:151645 for open-end generation.
Setting `pad_token_id` to `eos_token_id`:151645 for open-end generation.
Setting `pad_token_id` to `eos_token_id`:151645 for open-end generation.
Setting `pad_token_id` to `eos_token_id`:151645 for open-end generation.
Setting `pad_token_id` to `eos_token_id`:151645 for open-end generation.
Setting `pad_token_id` to `eos_token_id`:151645 for open-end generation.
Setting `pad_token_id` to `eos_token_id`:151645 for open-end generation.
Setting `pad_token_id` to `eos_token_id`:151645 for open-end generation.
Setting `pad_token_id` to `eos_token_id`:151645 for open-end generation.
Setting `pad_token_id` to `eos_token_id`:151645 for open-end generation.
Setting `pad_token_id` to `eos_token_id`:151645 for open-end generation.
Setting `pad_token_id` to `eos_token_id`:151645 for open-end generation.
Setting `pad_token_id` to `eos_token_id`:151645 for open-end generation.
Setting `pad_token_id` to `eos_token_id`:151645 for open-end generation.
Setting `pad_token_id` to `eos_token_id`:151645 for open-end generation.
Setting `pad_token_id` to `eos_token_id`:151645 for open-end generation.
Setting `pad_token_id` to `eos_token_id`:151645 for open-end generation.
Setting `pad_token_id` to `eos_token_id`:151645 for open-end generation.
Setting `pad_token_id` to `eos_token_id`:151645 for open-end generation.
Setting `pad_token_id` to `eos_token_id`:151645 for open-end generation.
Setting `pad_token_id` to `eos_token_id`:151645 for open-end generation.
Setting `pad_token_id` to `eos_token_id`:151645 for open-end generation.
Setting `pad_token_id` to `eos_token_id`:151645 for open-end generation.
Setting `pad_token_id` to `eos_token_id`:151645 for open-end generation.
Setting `pad_token_id` to `eos_token_id`:151645 for open-end generation.
Setting `pad_token_id` to `eos_token_id`:151645 for open-end generation.
Setting `pad_token_id` to `eos_token_id`:151645 for open-end generation.
Setting `pad_token_id` to `eos_token_id`:151645 for open-end generation.
Setting `pad_token_id` to `eos_token_id`:151645 for open-end generation.
Setting `pad_token_id` to `eos_token_id`:151645 for open-end generation.
Setting `pad_token_id` to `eos_token_id`:151645 for open-end generation.
Setting `pad_token_id` to `eos_token_id`:151645 for open-end generation.
Setting `pad_token_id` to `eos_token_id`:151645 for open-end generation.
Setting `pad_token_id` to `eos_token_id`:151645 for open-end generation.
Setting `pad_token_id` to `eos_token_id`:151645 for open-end generation.
Setting `pad_token_id` to `eos_token_id`:151645 for open-end generation.
Setting `pad_token_id` to `eos_token_id`:151645 for open-end generation.
Setting `pad_token_id` to `eos_token_id`:151645 for open-end generation.
Setting `pad_token_id` to `eos_token_id`:151645 for open-end generation.
Setting `pad_token_id` to `eos_token_id`:151645 for open-end generation.
Setting `pad_token_id` to `eos_token_id`:151645 for open-end generation.
Setting `pad_token_id` to `eos_token_id`:151645 for open-end generation.
Setting `pad_token_id` to `eos_token_id`:151645 for open-end generation.
Setting `pad_token_id` to `eos_token_id`:151645 for open-end generation.
Setting `pad_token_id` to `eos_token_id`:151645 for open-end generation.
Setting `pad_token_id` to `eos_token_id`:151645 for open-end generation.
Setting `pad_token_id` to `eos_token_id`:151645 for open-end generation.
Setting `pad_token_id` to `eos_token_id`:151645 for open-end generation.
Setting `pad_token_id` to `eos_token_id`:151645 for open-end generation.
Setting `pad_token_id` to `eos_token_id`:151645 for open-end generation.
Setting `pad_token_id` to `eos_token_id`:151645 for open-end generation.
Setting `pad_token_id` to `eos_token_id`:151645 for open-end generation.
Setting `pad_token_id` to `eos_token_id`:151645 for open-end generation.
Setting `pad_token_id` to `eos_token_id`:151645 for open-end generation.
Setting `pad_token_id` to `eos_token_id`:151645 for open-end generation.
Setting `pad_token_id` to `eos_token_id`:151645 for open-end generation.
Setting `pad_token_id` to `eos_token_id`:151645 for open-end generation.
Setting `pad_token_id` to `eos_token_id`:151645 for open-end generation.
Setting `pad_token_id` to `eos_token_id`:151645 for open-end generation.
Setting `pad_token_id` to `eos_token_id`:151645 for open-end generation.
Setting `pad_token_id` to `eos_token_id`:151645 for open-end generation.
Setting `pad_token_id` to `eos_token_id`:151645 for open-end generation.
Setting `pad_token_id` to `eos_token_id`:151645 for open-end generation.
Setting `pad_token_id` to `eos_token_id`:151645 for open-end generation.
Setting `pad_token_id` to `eos_token_id`:151645 for open-end generation.
Setting `pad_token_id` to `eos_token_id`:151645 for open-end generation.
Setting `pad_token_id` to `eos_token_id`:151645 for open-end generation.
Setting `pad_token_id` to `eos_token_id`:151645 for open-end generation.
Setting `pad_token_id` to `eos_token_id`:151645 for open-end generation.
Setting `pad_token_id` to `eos_token_id`:151645 for open-end generation.
Setting `pad_token_id` to `eos_token_id`:151645 for open-end generation.
Setting `pad_token_id` to `eos_token_id`:151645 for open-end generation.
Setting `pad_token_id` to `eos_token_id`:151645 for open-end generation.
Setting `pad_token_id` to `eos_token_id`:151645 for open-end generation.
Setting `pad_token_id` to `eos_token_id`:151645 for open-end generation.
Setting `pad_token_id` to `eos_token_id`:151645 for open-end generation.
Setting `pad_token_id` to `eos_token_id`:151645 for open-end generation.
Setting `pad_token_id` to `eos_token_id`:151645 for open-end generation.
Setting `pad_token_id` to `eos_token_id`:151645 for open-end generation.
Setting `pad_token_id` to `eos_token_id`:151645 for open-end generation.
Setting `pad_token_id` to `eos_token_id`:151645 for open-end generation.
Setting `pad_token_id` to `eos_token_id`:151645 for open-end generation.
Setting `pad_token_id` to `eos_token_id`:151645 for open-end generation.
Setting `pad_token_id` to `eos_token_id`:151645 for open-end generation.
Setting `pad_token_id` to `eos_token_id`:151645 for open-end generation.
Setting `pad_token_id` to `eos_token_id`:151645 for open-end generation.
Setting `pad_token_id` to `eos_token_id`:151645 for open-end generation.
Setting `pad_token_id` to `eos_token_id`:151645 for open-end generation.
Setting `pad_token_id` to `eos_token_id`:151645 for open-end generation.
Setting `pad_token_id` to `eos_token_id`:151645 for open-end generation.
Setting `pad_token_id` to `eos_token_id`:151645 for open-end generation.
Setting `pad_token_id` to `eos_token_id`:151645 for open-end generation.
Setting `pad_token_id` to `eos_token_id`:151645 for open-end generation.
Setting `pad_token_id` to `eos_token_id`:151645 for open-end generation.
Setting `pad_token_id` to `eos_token_id`:151645 for open-end generation.
Setting `pad_token_id` to `eos_token_id`:151645 for open-end generation.
Setting `pad_token_id` to `eos_token_id`:151645 for open-end generation.
Setting `pad_token_id` to `eos_token_id`:151645 for open-end generation.
Setting `pad_token_id` to `eos_token_id`:151645 for open-end generation.
Setting `pad_token_id` to `eos_token_id`:151645 for open-end generation.
Setting `pad_token_id` to `eos_token_id`:151645 for open-end generation.
Setting `pad_token_id` to `eos_token_id`:151645 for open-end generation.
Setting `pad_token_id` to `eos_token_id`:151645 for open-end generation.
Setting `pad_token_id` to `eos_token_id`:151645 for open-end generation.
Setting `pad_token_id` to `eos_token_id`:151645 for open-end generation.
Setting `pad_token_id` to `eos_token_id`:151645 for open-end generation.
Setting `pad_token_id` to `eos_token_id`:151645 for open-end generation.
Setting `pad_token_id` to `eos_token_id`:151645 for open-end generation.
Setting `pad_token_id` to `eos_token_id`:151645 for open-end generation.
Setting `pad_token_id` to `eos_token_id`:151645 for open-end generation.
2026-07-06 11:39:26,550 INFO EVAL step  1500  asr_plain=1.00 bias_nat_distractor=1.00 bias_nat_relevant=1.00 complete_nosil=1.00 digit_fire=1.00 digit_hold=1.00 digit_nosil=1.00 lead_sil=1.00 long_sil=1.00 pair_fire=0.88 pair_hold=0.75 silence_only=1.00 single_sil=1.00 spell_email=1.00 spell_name=1.00 truncated=1.00  score=0.977 (45.8s)
2026-07-06 11:39:27,069 INFO New best (v9 score 0.977) -> checkpoints/semantic_endpoint_v18_es/best.pt
2026-07-06 11:39:29,717 INFO step 1520  loss 3.2936  lr 1.93e-04  0.11 s/step  free 60093 MB
2026-07-06 11:39:32,346 INFO step 1540  loss 4.0242  lr 1.93e-04  0.11 s/step  free 60093 MB
2026-07-06 11:39:35,122 INFO step 1560  loss 4.6645  lr 1.93e-04  0.12 s/step  free 60093 MB
2026-07-06 11:39:37,976 INFO step 1580  loss 3.6781  lr 1.93e-04  0.11 s/step  free 60093 MB
2026-07-06 11:39:40,632 INFO step 1600  loss 3.1508  lr 1.93e-04  0.15 s/step  free 60093 MB
2026-07-06 11:39:43,451 INFO step 1620  loss 4.6817  lr 1.92e-04  0.11 s/step  free 60093 MB
2026-07-06 11:39:46,260 INFO step 1640  loss 4.3179  lr 1.92e-04  0.12 s/step  free 60093 MB
2026-07-06 11:39:48,902 INFO step 1660  loss 4.4821  lr 1.92e-04  0.12 s/step  free 60093 MB
2026-07-06 11:39:51,588 INFO step 1680  loss 3.6189  lr 1.92e-04  0.11 s/step  free 60093 MB
2026-07-06 11:39:54,181 INFO step 1700  loss 4.4034  lr 1.92e-04  0.11 s/step  free 60093 MB
2026-07-06 11:39:56,875 INFO step 1720  loss 4.4550  lr 1.91e-04  0.13 s/step  free 60093 MB
2026-07-06 11:39:59,863 INFO step 1740  loss 4.6517  lr 1.91e-04  0.17 s/step  free 60093 MB
2026-07-06 11:40:02,674 INFO step 1760  loss 4.3204  lr 1.91e-04  0.11 s/step  free 60093 MB
2026-07-06 11:40:05,537 INFO step 1780  loss 4.3110  lr 1.91e-04  0.12 s/step  free 60093 MB
2026-07-06 11:40:08,321 INFO step 1800  loss 4.2824  lr 1.91e-04  0.11 s/step  free 60093 MB
2026-07-06 11:40:11,191 INFO step 1820  loss 4.2416  lr 1.90e-04  0.12 s/step  free 60093 MB
2026-07-06 11:40:13,941 INFO step 1840  loss 4.6764  lr 1.90e-04  0.12 s/step  free 60093 MB
2026-07-06 11:40:16,629 INFO step 1860  loss 4.2889  lr 1.90e-04  0.11 s/step  free 60093 MB
2026-07-06 11:40:19,339 INFO step 1880  loss 4.0836  lr 1.90e-04  0.13 s/step  free 60093 MB
2026-07-06 11:40:22,010 INFO step 1900  loss 4.0910  lr 1.89e-04  0.13 s/step  free 60093 MB
2026-07-06 11:40:24,606 INFO step 1920  loss 4.2583  lr 1.89e-04  0.11 s/step  free 60093 MB
2026-07-06 11:40:27,388 INFO step 1940  loss 4.4645  lr 1.89e-04  0.11 s/step  free 60093 MB
2026-07-06 11:40:30,036 INFO step 1960  loss 4.6230  lr 1.89e-04  0.11 s/step  free 60093 MB
2026-07-06 11:40:32,761 INFO step 1980  loss 4.9124  lr 1.89e-04  0.11 s/step  free 60093 MB
2026-07-06 11:40:35,414 INFO step 2000  loss 3.9415  lr 1.88e-04  0.11 s/step  free 60093 MB
2026-07-06 11:40:36,243 INFO Saved step2000.pt (resumable)
2026-07-06 11:40:38,915 INFO step 2020  loss 3.9976  lr 1.88e-04  0.12 s/step  free 60093 MB
2026-07-06 11:40:41,619 INFO step 2040  loss 4.3198  lr 1.88e-04  0.12 s/step  free 60093 MB
2026-07-06 11:40:44,297 INFO step 2060  loss 4.8233  lr 1.88e-04  0.14 s/step  free 60093 MB
2026-07-06 11:40:46,895 INFO step 2080  loss 4.3667  lr 1.87e-04  0.11 s/step  free 60093 MB
2026-07-06 11:40:49,657 INFO step 2100  loss 4.2962  lr 1.87e-04  0.11 s/step  free 60093 MB
2026-07-06 11:40:52,406 INFO step 2120  loss 4.3038  lr 1.87e-04  0.11 s/step  free 60093 MB
2026-07-06 11:40:55,094 INFO step 2140  loss 4.3572  lr 1.87e-04  0.13 s/step  free 60093 MB
2026-07-06 11:40:57,959 INFO step 2160  loss 3.3253  lr 1.86e-04  0.11 s/step  free 60093 MB
2026-07-06 11:41:00,640 INFO step 2180  loss 4.7795  lr 1.86e-04  0.12 s/step  free 60093 MB
2026-07-06 11:41:03,359 INFO step 2200  loss 2.1605  lr 1.86e-04  0.12 s/step  free 60093 MB
2026-07-06 11:41:06,039 INFO step 2220  loss 3.7599  lr 1.86e-04  0.11 s/step  free 60093 MB
2026-07-06 11:41:08,730 INFO step 2240  loss 4.1824  lr 1.85e-04  0.11 s/step  free 60093 MB
2026-07-06 11:41:11,374 INFO step 2260  loss 4.4958  lr 1.85e-04  0.11 s/step  free 60093 MB
2026-07-06 11:41:14,111 INFO step 2280  loss 4.4870  lr 1.85e-04  0.11 s/step  free 60093 MB
2026-07-06 11:41:16,851 INFO step 2300  loss 4.5775  lr 1.84e-04  0.11 s/step  free 60093 MB
2026-07-06 11:41:19,667 INFO step 2320  loss 4.2701  lr 1.84e-04  0.15 s/step  free 60093 MB
2026-07-06 11:41:22,403 INFO step 2340  loss 3.9779  lr 1.84e-04  0.11 s/step  free 60093 MB
2026-07-06 11:41:25,184 INFO step 2360  loss 4.7967  lr 1.84e-04  0.12 s/step  free 60093 MB
2026-07-06 11:41:28,068 INFO step 2380  loss 5.0560  lr 1.83e-04  0.12 s/step  free 60093 MB
2026-07-06 11:41:30,699 INFO step 2400  loss 3.8049  lr 1.83e-04  0.12 s/step  free 60093 MB
2026-07-06 11:41:33,414 INFO step 2420  loss 4.1839  lr 1.83e-04  0.11 s/step  free 60093 MB
2026-07-06 11:41:36,079 INFO step 2440  loss 3.9531  lr 1.82e-04  0.12 s/step  free 60093 MB
2026-07-06 11:41:39,006 INFO step 2460  loss 4.2749  lr 1.82e-04  0.14 s/step  free 60093 MB
2026-07-06 11:41:41,746 INFO step 2480  loss 4.8881  lr 1.82e-04  0.11 s/step  free 60093 MB
2026-07-06 11:41:44,488 INFO step 2500  loss 4.0727  lr 1.82e-04  0.11 s/step  free 60093 MB
2026-07-06 11:41:45,316 INFO Saved step2500.pt (resumable)
2026-07-06 11:41:48,189 INFO step 2520  loss 4.0955  lr 1.81e-04  0.11 s/step  free 60093 MB
2026-07-06 11:41:50,763 INFO step 2540  loss 2.8410  lr 1.81e-04  0.11 s/step  free 60093 MB
2026-07-06 11:41:53,423 INFO step 2560  loss 4.7744  lr 1.81e-04  0.11 s/step  free 60093 MB
2026-07-06 11:41:56,064 INFO step 2580  loss 4.7229  lr 1.80e-04  0.11 s/step  free 60093 MB
2026-07-06 11:41:58,725 INFO step 2600  loss 4.4656  lr 1.80e-04  0.11 s/step  free 60093 MB
2026-07-06 11:42:01,410 INFO step 2620  loss 3.2440  lr 1.80e-04  0.12 s/step  free 60093 MB
2026-07-06 11:42:04,221 INFO step 2640  loss 5.1986  lr 1.79e-04  0.12 s/step  free 60093 MB
2026-07-06 11:42:06,914 INFO step 2660  loss 4.2302  lr 1.79e-04  0.11 s/step  free 60093 MB
2026-07-06 11:42:09,573 INFO step 2680  loss 3.2206  lr 1.79e-04  0.11 s/step  free 60093 MB
2026-07-06 11:42:12,248 INFO step 2700  loss 4.2003  lr 1.78e-04  0.12 s/step  free 60093 MB
2026-07-06 11:42:15,041 INFO step 2720  loss 4.0523  lr 1.78e-04  0.12 s/step  free 60093 MB
2026-07-06 11:42:17,800 INFO step 2740  loss 3.9601  lr 1.78e-04  0.12 s/step  free 60093 MB
2026-07-06 11:42:20,501 INFO step 2760  loss 3.8080  lr 1.78e-04  0.11 s/step  free 60093 MB
2026-07-06 11:42:23,102 INFO step 2780  loss 3.2687  lr 1.77e-04  0.11 s/step  free 60093 MB
2026-07-06 11:42:25,848 INFO step 2800  loss 4.0186  lr 1.77e-04  0.13 s/step  free 60093 MB
2026-07-06 11:42:28,546 INFO step 2820  loss 3.7091  lr 1.77e-04  0.13 s/step  free 60093 MB
2026-07-06 11:42:31,254 INFO step 2840  loss 4.2053  lr 1.76e-04  0.11 s/step  free 60093 MB
2026-07-06 11:42:34,024 INFO step 2860  loss 4.3471  lr 1.76e-04  0.12 s/step  free 60093 MB
2026-07-06 11:42:36,833 INFO step 2880  loss 5.0102  lr 1.76e-04  0.11 s/step  free 60093 MB
2026-07-06 11:42:39,557 INFO step 2900  loss 3.9963  lr 1.75e-04  0.12 s/step  free 60093 MB
2026-07-06 11:42:42,228 INFO step 2920  loss 4.0651  lr 1.75e-04  0.11 s/step  free 60093 MB
2026-07-06 11:42:44,925 INFO step 2940  loss 4.1012  lr 1.75e-04  0.14 s/step  free 60093 MB
2026-07-06 11:42:47,751 INFO step 2960  loss 3.5788  lr 1.74e-04  0.12 s/step  free 60093 MB
2026-07-06 11:42:50,487 INFO step 2980  loss 4.3336  lr 1.74e-04  0.11 s/step  free 60093 MB
2026-07-06 11:42:53,103 INFO step 3000  loss 4.1924  lr 1.73e-04  0.11 s/step  free 60093 MB
2026-07-06 11:42:53,931 INFO Saved step3000.pt (resumable)
Setting `pad_token_id` to `eos_token_id`:151645 for open-end generation.
Setting `pad_token_id` to `eos_token_id`:151645 for open-end generation.
Setting `pad_token_id` to `eos_token_id`:151645 for open-end generation.
Setting `pad_token_id` to `eos_token_id`:151645 for open-end generation.
Setting `pad_token_id` to `eos_token_id`:151645 for open-end generation.
Setting `pad_token_id` to `eos_token_id`:151645 for open-end generation.
Setting `pad_token_id` to `eos_token_id`:151645 for open-end generation.
Setting `pad_token_id` to `eos_token_id`:151645 for open-end generation.
Setting `pad_token_id` to `eos_token_id`:151645 for open-end generation.
Setting `pad_token_id` to `eos_token_id`:151645 for open-end generation.
Setting `pad_token_id` to `eos_token_id`:151645 for open-end generation.
Setting `pad_token_id` to `eos_token_id`:151645 for open-end generation.
Setting `pad_token_id` to `eos_token_id`:151645 for open-end generation.
Setting `pad_token_id` to `eos_token_id`:151645 for open-end generation.
Setting `pad_token_id` to `eos_token_id`:151645 for open-end generation.
Setting `pad_token_id` to `eos_token_id`:151645 for open-end generation.
Setting `pad_token_id` to `eos_token_id`:151645 for open-end generation.
Setting `pad_token_id` to `eos_token_id`:151645 for open-end generation.
Setting `pad_token_id` to `eos_token_id`:151645 for open-end generation.
Setting `pad_token_id` to `eos_token_id`:151645 for open-end generation.
Setting `pad_token_id` to `eos_token_id`:151645 for open-end generation.
Setting `pad_token_id` to `eos_token_id`:151645 for open-end generation.
Setting `pad_token_id` to `eos_token_id`:151645 for open-end generation.
Setting `pad_token_id` to `eos_token_id`:151645 for open-end generation.
Setting `pad_token_id` to `eos_token_id`:151645 for open-end generation.
Setting `pad_token_id` to `eos_token_id`:151645 for open-end generation.
Setting `pad_token_id` to `eos_token_id`:151645 for open-end generation.
Setting `pad_token_id` to `eos_token_id`:151645 for open-end generation.
Setting `pad_token_id` to `eos_token_id`:151645 for open-end generation.
Setting `pad_token_id` to `eos_token_id`:151645 for open-end generation.
Setting `pad_token_id` to `eos_token_id`:151645 for open-end generation.
Setting `pad_token_id` to `eos_token_id`:151645 for open-end generation.
Setting `pad_token_id` to `eos_token_id`:151645 for open-end generation.
Setting `pad_token_id` to `eos_token_id`:151645 for open-end generation.
Setting `pad_token_id` to `eos_token_id`:151645 for open-end generation.
Setting `pad_token_id` to `eos_token_id`:151645 for open-end generation.
Setting `pad_token_id` to `eos_token_id`:151645 for open-end generation.
Setting `pad_token_id` to `eos_token_id`:151645 for open-end generation.
Setting `pad_token_id` to `eos_token_id`:151645 for open-end generation.
Setting `pad_token_id` to `eos_token_id`:151645 for open-end generation.
Setting `pad_token_id` to `eos_token_id`:151645 for open-end generation.
Setting `pad_token_id` to `eos_token_id`:151645 for open-end generation.
Setting `pad_token_id` to `eos_token_id`:151645 for open-end generation.
Setting `pad_token_id` to `eos_token_id`:151645 for open-end generation.
Setting `pad_token_id` to `eos_token_id`:151645 for open-end generation.
Setting `pad_token_id` to `eos_token_id`:151645 for open-end generation.
Setting `pad_token_id` to `eos_token_id`:151645 for open-end generation.
Setting `pad_token_id` to `eos_token_id`:151645 for open-end generation.
Setting `pad_token_id` to `eos_token_id`:151645 for open-end generation.
Setting `pad_token_id` to `eos_token_id`:151645 for open-end generation.
Setting `pad_token_id` to `eos_token_id`:151645 for open-end generation.
Setting `pad_token_id` to `eos_token_id`:151645 for open-end generation.
Setting `pad_token_id` to `eos_token_id`:151645 for open-end generation.
Setting `pad_token_id` to `eos_token_id`:151645 for open-end generation.
Setting `pad_token_id` to `eos_token_id`:151645 for open-end generation.
Setting `pad_token_id` to `eos_token_id`:151645 for open-end generation.
Setting `pad_token_id` to `eos_token_id`:151645 for open-end generation.
Setting `pad_token_id` to `eos_token_id`:151645 for open-end generation.
Setting `pad_token_id` to `eos_token_id`:151645 for open-end generation.
Setting `pad_token_id` to `eos_token_id`:151645 for open-end generation.
Setting `pad_token_id` to `eos_token_id`:151645 for open-end generation.
Setting `pad_token_id` to `eos_token_id`:151645 for open-end generation.
Setting `pad_token_id` to `eos_token_id`:151645 for open-end generation.
Setting `pad_token_id` to `eos_token_id`:151645 for open-end generation.
Setting `pad_token_id` to `eos_token_id`:151645 for open-end generation.
Setting `pad_token_id` to `eos_token_id`:151645 for open-end generation.
Setting `pad_token_id` to `eos_token_id`:151645 for open-end generation.
Setting `pad_token_id` to `eos_token_id`:151645 for open-end generation.
Setting `pad_token_id` to `eos_token_id`:151645 for open-end generation.
Setting `pad_token_id` to `eos_token_id`:151645 for open-end generation.
Setting `pad_token_id` to `eos_token_id`:151645 for open-end generation.
Setting `pad_token_id` to `eos_token_id`:151645 for open-end generation.
Setting `pad_token_id` to `eos_token_id`:151645 for open-end generation.
Setting `pad_token_id` to `eos_token_id`:151645 for open-end generation.
Setting `pad_token_id` to `eos_token_id`:151645 for open-end generation.
Setting `pad_token_id` to `eos_token_id`:151645 for open-end generation.
Setting `pad_token_id` to `eos_token_id`:151645 for open-end generation.
Setting `pad_token_id` to `eos_token_id`:151645 for open-end generation.
Setting `pad_token_id` to `eos_token_id`:151645 for open-end generation.
Setting `pad_token_id` to `eos_token_id`:151645 for open-end generation.
Setting `pad_token_id` to `eos_token_id`:151645 for open-end generation.
Setting `pad_token_id` to `eos_token_id`:151645 for open-end generation.
Setting `pad_token_id` to `eos_token_id`:151645 for open-end generation.
Setting `pad_token_id` to `eos_token_id`:151645 for open-end generation.
Setting `pad_token_id` to `eos_token_id`:151645 for open-end generation.
Setting `pad_token_id` to `eos_token_id`:151645 for open-end generation.
Setting `pad_token_id` to `eos_token_id`:151645 for open-end generation.
Setting `pad_token_id` to `eos_token_id`:151645 for open-end generation.
Setting `pad_token_id` to `eos_token_id`:151645 for open-end generation.
Setting `pad_token_id` to `eos_token_id`:151645 for open-end generation.
Setting `pad_token_id` to `eos_token_id`:151645 for open-end generation.
Setting `pad_token_id` to `eos_token_id`:151645 for open-end generation.
Setting `pad_token_id` to `eos_token_id`:151645 for open-end generation.
Setting `pad_token_id` to `eos_token_id`:151645 for open-end generation.
Setting `pad_token_id` to `eos_token_id`:151645 for open-end generation.
Setting `pad_token_id` to `eos_token_id`:151645 for open-end generation.
Setting `pad_token_id` to `eos_token_id`:151645 for open-end generation.
Setting `pad_token_id` to `eos_token_id`:151645 for open-end generation.
Setting `pad_token_id` to `eos_token_id`:151645 for open-end generation.
Setting `pad_token_id` to `eos_token_id`:151645 for open-end generation.
Setting `pad_token_id` to `eos_token_id`:151645 for open-end generation.
Setting `pad_token_id` to `eos_token_id`:151645 for open-end generation.
Setting `pad_token_id` to `eos_token_id`:151645 for open-end generation.
Setting `pad_token_id` to `eos_token_id`:151645 for open-end generation.
Setting `pad_token_id` to `eos_token_id`:151645 for open-end generation.
Setting `pad_token_id` to `eos_token_id`:151645 for open-end generation.
Setting `pad_token_id` to `eos_token_id`:151645 for open-end generation.
Setting `pad_token_id` to `eos_token_id`:151645 for open-end generation.
Setting `pad_token_id` to `eos_token_id`:151645 for open-end generation.
Setting `pad_token_id` to `eos_token_id`:151645 for open-end generation.
Setting `pad_token_id` to `eos_token_id`:151645 for open-end generation.
Setting `pad_token_id` to `eos_token_id`:151645 for open-end generation.
Setting `pad_token_id` to `eos_token_id`:151645 for open-end generation.
Setting `pad_token_id` to `eos_token_id`:151645 for open-end generation.
Setting `pad_token_id` to `eos_token_id`:151645 for open-end generation.
Setting `pad_token_id` to `eos_token_id`:151645 for open-end generation.
Setting `pad_token_id` to `eos_token_id`:151645 for open-end generation.
Setting `pad_token_id` to `eos_token_id`:151645 for open-end generation.
Setting `pad_token_id` to `eos_token_id`:151645 for open-end generation.
Setting `pad_token_id` to `eos_token_id`:151645 for open-end generation.
Setting `pad_token_id` to `eos_token_id`:151645 for open-end generation.
Setting `pad_token_id` to `eos_token_id`:151645 for open-end generation.
Setting `pad_token_id` to `eos_token_id`:151645 for open-end generation.
Setting `pad_token_id` to `eos_token_id`:151645 for open-end generation.
Setting `pad_token_id` to `eos_token_id`:151645 for open-end generation.
Setting `pad_token_id` to `eos_token_id`:151645 for open-end generation.
Setting `pad_token_id` to `eos_token_id`:151645 for open-end generation.
Setting `pad_token_id` to `eos_token_id`:151645 for open-end generation.
2026-07-06 11:43:39,273 INFO EVAL step  3000  asr_plain=1.00 bias_nat_distractor=1.00 bias_nat_relevant=1.00 complete_nosil=1.00 digit_fire=1.00 digit_hold=1.00 digit_nosil=1.00 lead_sil=1.00 long_sil=0.88 pair_fire=0.88 pair_hold=0.75 silence_only=1.00 single_sil=0.88 spell_email=1.00 spell_name=1.00 truncated=1.00  score=0.961 (45.3s)
2026-07-06 11:43:42,202 INFO step 3020  loss 4.7143  lr 1.73e-04  0.11 s/step  free 60093 MB
2026-07-06 11:43:44,865 INFO step 3040  loss 4.9499  lr 1.73e-04  0.11 s/step  free 60093 MB
2026-07-06 11:43:47,484 INFO step 3060  loss 3.7089  lr 1.72e-04  0.11 s/step  free 60093 MB
2026-07-06 11:43:50,161 INFO step 3080  loss 5.0208  lr 1.72e-04  0.11 s/step  free 60093 MB
2026-07-06 11:43:52,880 INFO step 3100  loss 4.7541  lr 1.72e-04  0.11 s/step  free 60093 MB
2026-07-06 11:43:55,693 INFO step 3120  loss 4.7019  lr 1.71e-04  0.11 s/step  free 60093 MB
2026-07-06 11:43:58,383 INFO step 3140  loss 4.4017  lr 1.71e-04  0.12 s/step  free 60093 MB
2026-07-06 11:44:01,124 INFO step 3160  loss 4.0100  lr 1.71e-04  0.12 s/step  free 60093 MB
2026-07-06 11:44:03,796 INFO step 3180  loss 4.2002  lr 1.70e-04  0.12 s/step  free 60093 MB
2026-07-06 11:44:06,421 INFO step 3200  loss 4.9337  lr 1.70e-04  0.11 s/step  free 60093 MB
2026-07-06 11:44:09,051 INFO step 3220  loss 4.2980  lr 1.70e-04  0.13 s/step  free 60093 MB
2026-07-06 11:44:11,710 INFO step 3240  loss 4.7528  lr 1.69e-04  0.11 s/step  free 60093 MB
2026-07-06 11:44:14,375 INFO step 3260  loss 4.7631  lr 1.69e-04  0.11 s/step  free 60093 MB
2026-07-06 11:44:17,111 INFO step 3280  loss 4.7760  lr 1.68e-04  0.11 s/step  free 60093 MB
2026-07-06 11:44:19,907 INFO step 3300  loss 3.9598  lr 1.68e-04  0.13 s/step  free 60093 MB
2026-07-06 11:44:22,666 INFO step 3320  loss 4.2854  lr 1.68e-04  0.11 s/step  free 60093 MB
2026-07-06 11:44:25,406 INFO step 3340  loss 4.3058  lr 1.67e-04  0.13 s/step  free 60093 MB
2026-07-06 11:44:28,169 INFO step 3360  loss 4.5659  lr 1.67e-04  0.11 s/step  free 60093 MB
2026-07-06 11:44:30,926 INFO step 3380  loss 4.7602  lr 1.67e-04  0.12 s/step  free 60093 MB
2026-07-06 11:44:33,655 INFO step 3400  loss 3.7813  lr 1.66e-04  0.11 s/step  free 60093 MB
2026-07-06 11:44:36,522 INFO step 3420  loss 4.4780  lr 1.66e-04  0.15 s/step  free 60093 MB
2026-07-06 11:44:39,287 INFO step 3440  loss 4.1354  lr 1.65e-04  0.11 s/step  free 60093 MB
2026-07-06 11:44:41,959 INFO step 3460  loss 3.9376  lr 1.65e-04  0.11 s/step  free 60093 MB
2026-07-06 11:44:44,555 INFO step 3480  loss 3.1211  lr 1.65e-04  0.11 s/step  free 60093 MB
2026-07-06 11:44:47,398 INFO step 3500  loss 3.7495  lr 1.64e-04  0.11 s/step  free 60093 MB
2026-07-06 11:44:48,217 INFO Saved step3500.pt (resumable)
2026-07-06 11:44:51,007 INFO step 3520  loss 5.1193  lr 1.64e-04  0.11 s/step  free 60093 MB
2026-07-06 11:44:53,729 INFO step 3540  loss 4.6403  lr 1.63e-04  0.12 s/step  free 60093 MB
2026-07-06 11:44:56,380 INFO step 3560  loss 3.2142  lr 1.63e-04  0.13 s/step  free 60093 MB
2026-07-06 11:44:59,147 INFO step 3580  loss 3.9803  lr 1.63e-04  0.14 s/step  free 60093 MB
2026-07-06 11:45:01,954 INFO step 3600  loss 4.4586  lr 1.62e-04  0.11 s/step  free 60093 MB
2026-07-06 11:45:04,636 INFO step 3620  loss 4.3869  lr 1.62e-04  0.12 s/step  free 60093 MB
2026-07-06 11:45:07,363 INFO step 3640  loss 3.3216  lr 1.61e-04  0.11 s/step  free 60093 MB
2026-07-06 11:45:10,080 INFO step 3660  loss 4.0545  lr 1.61e-04  0.12 s/step  free 60093 MB
2026-07-06 11:45:12,711 INFO step 3680  loss 4.3400  lr 1.61e-04  0.11 s/step  free 60093 MB
2026-07-06 11:45:15,430 INFO step 3700  loss 4.1556  lr 1.60e-04  0.11 s/step  free 60093 MB
2026-07-06 11:45:18,195 INFO step 3720  loss 4.5292  lr 1.60e-04  0.11 s/step  free 60093 MB
2026-07-06 11:45:20,833 INFO step 3740  loss 3.5749  lr 1.59e-04  0.11 s/step  free 60093 MB
2026-07-06 11:45:23,514 INFO step 3760  loss 4.8969  lr 1.59e-04  0.11 s/step  free 60093 MB
2026-07-06 11:45:26,128 INFO step 3780  loss 4.1826  lr 1.59e-04  0.11 s/step  free 60093 MB
2026-07-06 11:45:28,752 INFO step 3800  loss 4.3049  lr 1.58e-04  0.11 s/step  free 60093 MB
2026-07-06 11:45:31,487 INFO step 3820  loss 4.5796  lr 1.58e-04  0.12 s/step  free 60093 MB
2026-07-06 11:45:34,224 INFO step 3840  loss 4.5067  lr 1.57e-04  0.12 s/step  free 60093 MB
2026-07-06 11:45:36,993 INFO step 3860  loss 3.8974  lr 1.57e-04  0.11 s/step  free 60093 MB
2026-07-06 11:45:39,660 INFO step 3880  loss 4.2640  lr 1.56e-04  0.11 s/step  free 60093 MB
2026-07-06 11:45:42,316 INFO step 3900  loss 4.6615  lr 1.56e-04  0.11 s/step  free 60093 MB
2026-07-06 11:45:45,073 INFO step 3920  loss 4.4644  lr 1.56e-04  0.11 s/step  free 60093 MB
2026-07-06 11:45:47,828 INFO step 3940  loss 4.3476  lr 1.55e-04  0.11 s/step  free 60093 MB
2026-07-06 11:45:50,601 INFO step 3960  loss 3.6858  lr 1.55e-04  0.13 s/step  free 60093 MB
2026-07-06 11:45:53,232 INFO step 3980  loss 3.8604  lr 1.54e-04  0.11 s/step  free 60093 MB
2026-07-06 11:45:55,886 INFO step 4000  loss 4.2442  lr 1.54e-04  0.11 s/step  free 60093 MB
2026-07-06 11:45:56,713 INFO Saved step4000.pt (resumable)
2026-07-06 11:45:59,367 INFO step 4020  loss 4.0495  lr 1.54e-04  0.11 s/step  free 60093 MB
2026-07-06 11:46:02,139 INFO step 4040  loss 4.5833  lr 1.53e-04  0.11 s/step  free 60093 MB
2026-07-06 11:46:04,812 INFO step 4060  loss 4.3816  lr 1.53e-04  0.11 s/step  free 60093 MB
2026-07-06 11:46:07,589 INFO step 4080  loss 4.6307  lr 1.52e-04  0.13 s/step  free 60093 MB
2026-07-06 11:46:10,446 INFO step 4100  loss 2.9091  lr 1.52e-04  0.12 s/step  free 60093 MB
2026-07-06 11:46:13,303 INFO step 4120  loss 4.4682  lr 1.51e-04  0.11 s/step  free 60093 MB
2026-07-06 11:46:16,014 INFO step 4140  loss 4.9199  lr 1.51e-04  0.13 s/step  free 60093 MB
2026-07-06 11:46:18,804 INFO step 4160  loss 4.5994  lr 1.50e-04  0.11 s/step  free 60093 MB
2026-07-06 11:46:21,728 INFO step 4180  loss 4.5898  lr 1.50e-04  0.12 s/step  free 60093 MB
2026-07-06 11:46:24,504 INFO step 4200  loss 5.0148  lr 1.50e-04  0.11 s/step  free 60093 MB
2026-07-06 11:46:27,199 INFO step 4220  loss 3.6272  lr 1.49e-04  0.12 s/step  free 60093 MB
2026-07-06 11:46:29,891 INFO step 4240  loss 4.0877  lr 1.49e-04  0.11 s/step  free 60093 MB
2026-07-06 11:46:32,621 INFO step 4260  loss 3.8554  lr 1.48e-04  0.11 s/step  free 60093 MB
2026-07-06 11:46:35,459 INFO step 4280  loss 4.3128  lr 1.48e-04  0.14 s/step  free 60093 MB
2026-07-06 11:46:38,208 INFO step 4300  loss 3.9662  lr 1.47e-04  0.11 s/step  free 60093 MB
2026-07-06 11:46:40,932 INFO step 4320  loss 4.5424  lr 1.47e-04  0.13 s/step  free 60093 MB
2026-07-06 11:46:43,593 INFO step 4340  loss 4.5900  lr 1.46e-04  0.15 s/step  free 60093 MB
2026-07-06 11:46:46,186 INFO step 4360  loss 3.7535  lr 1.46e-04  0.11 s/step  free 60093 MB
2026-07-06 11:46:48,846 INFO step 4380  loss 4.5950  lr 1.46e-04  0.11 s/step  free 60093 MB
2026-07-06 11:46:51,609 INFO step 4400  loss 3.4338  lr 1.45e-04  0.11 s/step  free 60093 MB
2026-07-06 11:46:54,260 INFO step 4420  loss 4.2800  lr 1.45e-04  0.11 s/step  free 60093 MB
2026-07-06 11:46:56,889 INFO step 4440  loss 3.0566  lr 1.44e-04  0.11 s/step  free 60093 MB
2026-07-06 11:46:59,497 INFO step 4460  loss 4.8195  lr 1.44e-04  0.13 s/step  free 60093 MB
2026-07-06 11:47:02,193 INFO step 4480  loss 3.9558  lr 1.43e-04  0.12 s/step  free 60093 MB
2026-07-06 11:47:04,805 INFO step 4500  loss 3.7510  lr 1.43e-04  0.11 s/step  free 60093 MB
2026-07-06 11:47:05,621 INFO Saved step4500.pt (resumable)
Setting `pad_token_id` to `eos_token_id`:151645 for open-end generation.
Setting `pad_token_id` to `eos_token_id`:151645 for open-end generation.
Setting `pad_token_id` to `eos_token_id`:151645 for open-end generation.
Setting `pad_token_id` to `eos_token_id`:151645 for open-end generation.
Setting `pad_token_id` to `eos_token_id`:151645 for open-end generation.
Setting `pad_token_id` to `eos_token_id`:151645 for open-end generation.
Setting `pad_token_id` to `eos_token_id`:151645 for open-end generation.
Setting `pad_token_id` to `eos_token_id`:151645 for open-end generation.
Setting `pad_token_id` to `eos_token_id`:151645 for open-end generation.
Setting `pad_token_id` to `eos_token_id`:151645 for open-end generation.
Setting `pad_token_id` to `eos_token_id`:151645 for open-end generation.
Setting `pad_token_id` to `eos_token_id`:151645 for open-end generation.
Setting `pad_token_id` to `eos_token_id`:151645 for open-end generation.
Setting `pad_token_id` to `eos_token_id`:151645 for open-end generation.
Setting `pad_token_id` to `eos_token_id`:151645 for open-end generation.
Setting `pad_token_id` to `eos_token_id`:151645 for open-end generation.
Setting `pad_token_id` to `eos_token_id`:151645 for open-end generation.
Setting `pad_token_id` to `eos_token_id`:151645 for open-end generation.
Setting `pad_token_id` to `eos_token_id`:151645 for open-end generation.
Setting `pad_token_id` to `eos_token_id`:151645 for open-end generation.
Setting `pad_token_id` to `eos_token_id`:151645 for open-end generation.
Setting `pad_token_id` to `eos_token_id`:151645 for open-end generation.
Setting `pad_token_id` to `eos_token_id`:151645 for open-end generation.
Setting `pad_token_id` to `eos_token_id`:151645 for open-end generation.
Setting `pad_token_id` to `eos_token_id`:151645 for open-end generation.
Setting `pad_token_id` to `eos_token_id`:151645 for open-end generation.
Setting `pad_token_id` to `eos_token_id`:151645 for open-end generation.
Setting `pad_token_id` to `eos_token_id`:151645 for open-end generation.
Setting `pad_token_id` to `eos_token_id`:151645 for open-end generation.
Setting `pad_token_id` to `eos_token_id`:151645 for open-end generation.
Setting `pad_token_id` to `eos_token_id`:151645 for open-end generation.
Setting `pad_token_id` to `eos_token_id`:151645 for open-end generation.
Setting `pad_token_id` to `eos_token_id`:151645 for open-end generation.
Setting `pad_token_id` to `eos_token_id`:151645 for open-end generation.
Setting `pad_token_id` to `eos_token_id`:151645 for open-end generation.
Setting `pad_token_id` to `eos_token_id`:151645 for open-end generation.
Setting `pad_token_id` to `eos_token_id`:151645 for open-end generation.
Setting `pad_token_id` to `eos_token_id`:151645 for open-end generation.
Setting `pad_token_id` to `eos_token_id`:151645 for open-end generation.
Setting `pad_token_id` to `eos_token_id`:151645 for open-end generation.
Setting `pad_token_id` to `eos_token_id`:151645 for open-end generation.
Setting `pad_token_id` to `eos_token_id`:151645 for open-end generation.
Setting `pad_token_id` to `eos_token_id`:151645 for open-end generation.
Setting `pad_token_id` to `eos_token_id`:151645 for open-end generation.
Setting `pad_token_id` to `eos_token_id`:151645 for open-end generation.
Setting `pad_token_id` to `eos_token_id`:151645 for open-end generation.
Setting `pad_token_id` to `eos_token_id`:151645 for open-end generation.
Setting `pad_token_id` to `eos_token_id`:151645 for open-end generation.
Setting `pad_token_id` to `eos_token_id`:151645 for open-end generation.
Setting `pad_token_id` to `eos_token_id`:151645 for open-end generation.
Setting `pad_token_id` to `eos_token_id`:151645 for open-end generation.
Setting `pad_token_id` to `eos_token_id`:151645 for open-end generation.
Setting `pad_token_id` to `eos_token_id`:151645 for open-end generation.
Setting `pad_token_id` to `eos_token_id`:151645 for open-end generation.
Setting `pad_token_id` to `eos_token_id`:151645 for open-end generation.
Setting `pad_token_id` to `eos_token_id`:151645 for open-end generation.
Setting `pad_token_id` to `eos_token_id`:151645 for open-end generation.
Setting `pad_token_id` to `eos_token_id`:151645 for open-end generation.
Setting `pad_token_id` to `eos_token_id`:151645 for open-end generation.
Setting `pad_token_id` to `eos_token_id`:151645 for open-end generation.
Setting `pad_token_id` to `eos_token_id`:151645 for open-end generation.
Setting `pad_token_id` to `eos_token_id`:151645 for open-end generation.
Setting `pad_token_id` to `eos_token_id`:151645 for open-end generation.
Setting `pad_token_id` to `eos_token_id`:151645 for open-end generation.
Setting `pad_token_id` to `eos_token_id`:151645 for open-end generation.
Setting `pad_token_id` to `eos_token_id`:151645 for open-end generation.
Setting `pad_token_id` to `eos_token_id`:151645 for open-end generation.
Setting `pad_token_id` to `eos_token_id`:151645 for open-end generation.
Setting `pad_token_id` to `eos_token_id`:151645 for open-end generation.
Setting `pad_token_id` to `eos_token_id`:151645 for open-end generation.
Setting `pad_token_id` to `eos_token_id`:151645 for open-end generation.
Setting `pad_token_id` to `eos_token_id`:151645 for open-end generation.
Setting `pad_token_id` to `eos_token_id`:151645 for open-end generation.
Setting `pad_token_id` to `eos_token_id`:151645 for open-end generation.
Setting `pad_token_id` to `eos_token_id`:151645 for open-end generation.
Setting `pad_token_id` to `eos_token_id`:151645 for open-end generation.
Setting `pad_token_id` to `eos_token_id`:151645 for open-end generation.
Setting `pad_token_id` to `eos_token_id`:151645 for open-end generation.
Setting `pad_token_id` to `eos_token_id`:151645 for open-end generation.
Setting `pad_token_id` to `eos_token_id`:151645 for open-end generation.
Setting `pad_token_id` to `eos_token_id`:151645 for open-end generation.
Setting `pad_token_id` to `eos_token_id`:151645 for open-end generation.
Setting `pad_token_id` to `eos_token_id`:151645 for open-end generation.
Setting `pad_token_id` to `eos_token_id`:151645 for open-end generation.
Setting `pad_token_id` to `eos_token_id`:151645 for open-end generation.
Setting `pad_token_id` to `eos_token_id`:151645 for open-end generation.
Setting `pad_token_id` to `eos_token_id`:151645 for open-end generation.
Setting `pad_token_id` to `eos_token_id`:151645 for open-end generation.
Setting `pad_token_id` to `eos_token_id`:151645 for open-end generation.
Setting `pad_token_id` to `eos_token_id`:151645 for open-end generation.
Setting `pad_token_id` to `eos_token_id`:151645 for open-end generation.
Setting `pad_token_id` to `eos_token_id`:151645 for open-end generation.
Setting `pad_token_id` to `eos_token_id`:151645 for open-end generation.
Setting `pad_token_id` to `eos_token_id`:151645 for open-end generation.
Setting `pad_token_id` to `eos_token_id`:151645 for open-end generation.
Setting `pad_token_id` to `eos_token_id`:151645 for open-end generation.
Setting `pad_token_id` to `eos_token_id`:151645 for open-end generation.
Setting `pad_token_id` to `eos_token_id`:151645 for open-end generation.
Setting `pad_token_id` to `eos_token_id`:151645 for open-end generation.
Setting `pad_token_id` to `eos_token_id`:151645 for open-end generation.
Setting `pad_token_id` to `eos_token_id`:151645 for open-end generation.
Setting `pad_token_id` to `eos_token_id`:151645 for open-end generation.
Setting `pad_token_id` to `eos_token_id`:151645 for open-end generation.
Setting `pad_token_id` to `eos_token_id`:151645 for open-end generation.
Setting `pad_token_id` to `eos_token_id`:151645 for open-end generation.
Setting `pad_token_id` to `eos_token_id`:151645 for open-end generation.
Setting `pad_token_id` to `eos_token_id`:151645 for open-end generation.
Setting `pad_token_id` to `eos_token_id`:151645 for open-end generation.
Setting `pad_token_id` to `eos_token_id`:151645 for open-end generation.
Setting `pad_token_id` to `eos_token_id`:151645 for open-end generation.
Setting `pad_token_id` to `eos_token_id`:151645 for open-end generation.
Setting `pad_token_id` to `eos_token_id`:151645 for open-end generation.
Setting `pad_token_id` to `eos_token_id`:151645 for open-end generation.
Setting `pad_token_id` to `eos_token_id`:151645 for open-end generation.
Setting `pad_token_id` to `eos_token_id`:151645 for open-end generation.
Setting `pad_token_id` to `eos_token_id`:151645 for open-end generation.
Setting `pad_token_id` to `eos_token_id`:151645 for open-end generation.
Setting `pad_token_id` to `eos_token_id`:151645 for open-end generation.
Setting `pad_token_id` to `eos_token_id`:151645 for open-end generation.
Setting `pad_token_id` to `eos_token_id`:151645 for open-end generation.
Setting `pad_token_id` to `eos_token_id`:151645 for open-end generation.
Setting `pad_token_id` to `eos_token_id`:151645 for open-end generation.
Setting `pad_token_id` to `eos_token_id`:151645 for open-end generation.
Setting `pad_token_id` to `eos_token_id`:151645 for open-end generation.
Setting `pad_token_id` to `eos_token_id`:151645 for open-end generation.
Setting `pad_token_id` to `eos_token_id`:151645 for open-end generation.
Setting `pad_token_id` to `eos_token_id`:151645 for open-end generation.
Setting `pad_token_id` to `eos_token_id`:151645 for open-end generation.
2026-07-06 11:47:50,945 INFO EVAL step  4500  asr_plain=1.00 bias_nat_distractor=1.00 bias_nat_relevant=1.00 complete_nosil=1.00 digit_fire=1.00 digit_hold=1.00 digit_nosil=1.00 lead_sil=1.00 long_sil=1.00 pair_fire=1.00 pair_hold=0.75 silence_only=1.00 single_sil=1.00 spell_email=1.00 spell_name=1.00 truncated=1.00  score=0.984 (45.3s)
2026-07-06 11:47:51,644 INFO New best (v9 score 0.984) -> checkpoints/semantic_endpoint_v18_es/best.pt
2026-07-06 11:47:54,339 INFO step 4520  loss 4.5462  lr 1.42e-04  0.11 s/step  free 60093 MB
2026-07-06 11:47:56,960 INFO step 4540  loss 4.7969  lr 1.42e-04  0.11 s/step  free 60093 MB
2026-07-06 11:47:59,676 INFO step 4560  loss 3.5890  lr 1.41e-04  0.11 s/step  free 60093 MB
2026-07-06 11:48:02,411 INFO step 4580  loss 4.7983  lr 1.41e-04  0.12 s/step  free 60093 MB
2026-07-06 11:48:05,102 INFO step 4600  loss 4.1516  lr 1.40e-04  0.13 s/step  free 60093 MB
2026-07-06 11:48:07,803 INFO step 4620  loss 4.9078  lr 1.40e-04  0.11 s/step  free 60093 MB
2026-07-06 11:48:10,480 INFO step 4640  loss 3.6079  lr 1.40e-04  0.11 s/step  free 60093 MB
2026-07-06 11:48:13,147 INFO step 4660  loss 4.2423  lr 1.39e-04  0.13 s/step  free 60093 MB
2026-07-06 11:48:15,914 INFO step 4680  loss 4.5564  lr 1.39e-04  0.11 s/step  free 60093 MB
2026-07-06 11:48:18,619 INFO step 4700  loss 3.6675  lr 1.38e-04  0.11 s/step  free 60093 MB
2026-07-06 11:48:21,357 INFO step 4720  loss 4.4864  lr 1.38e-04  0.11 s/step  free 60093 MB
2026-07-06 11:48:24,039 INFO step 4740  loss 3.7297  lr 1.37e-04  0.11 s/step  free 60093 MB
2026-07-06 11:48:26,820 INFO step 4760  loss 4.3850  lr 1.37e-04  0.12 s/step  free 60093 MB
2026-07-06 11:48:29,491 INFO step 4780  loss 3.9055  lr 1.36e-04  0.12 s/step  free 60093 MB
2026-07-06 11:48:32,153 INFO step 4800  loss 4.8808  lr 1.36e-04  0.11 s/step  free 60093 MB
2026-07-06 11:48:34,914 INFO step 4820  loss 3.7926  lr 1.35e-04  0.12 s/step  free 60093 MB
2026-07-06 11:48:37,720 INFO step 4840  loss 3.7836  lr 1.35e-04  0.12 s/step  free 60093 MB
2026-07-06 11:48:40,552 INFO step 4860  loss 3.7541  lr 1.34e-04  0.11 s/step  free 60093 MB
2026-07-06 11:48:43,278 INFO step 4880  loss 4.0460  lr 1.34e-04  0.11 s/step  free 60093 MB
2026-07-06 11:48:46,014 INFO step 4900  loss 3.7290  lr 1.33e-04  0.16 s/step  free 60093 MB
2026-07-06 11:48:48,648 INFO step 4920  loss 3.4791  lr 1.33e-04  0.11 s/step  free 60093 MB
2026-07-06 11:48:51,313 INFO step 4940  loss 4.2452  lr 1.32e-04  0.11 s/step  free 60093 MB
2026-07-06 11:48:54,164 INFO step 4960  loss 2.8580  lr 1.32e-04  0.12 s/step  free 60093 MB
2026-07-06 11:48:56,928 INFO step 4980  loss 4.5449  lr 1.31e-04  0.11 s/step  free 60093 MB
2026-07-06 11:48:59,577 INFO step 5000  loss 4.6920  lr 1.31e-04  0.11 s/step  free 60093 MB
2026-07-06 11:49:01,051 INFO Saved step5000.pt (resumable)
2026-07-06 11:49:03,749 INFO step 5020  loss 4.3280  lr 1.31e-04  0.11 s/step  free 60093 MB
2026-07-06 11:49:06,545 INFO step 5040  loss 4.2402  lr 1.30e-04  0.11 s/step  free 60093 MB
2026-07-06 11:49:09,294 INFO step 5060  loss 4.1591  lr 1.30e-04  0.11 s/step  free 60093 MB
2026-07-06 11:49:12,033 INFO step 5080  loss 4.1213  lr 1.29e-04  0.11 s/step  free 60093 MB
2026-07-06 11:49:14,732 INFO step 5100  loss 4.4488  lr 1.29e-04  0.11 s/step  free 60093 MB
2026-07-06 11:49:17,463 INFO step 5120  loss 4.8674  lr 1.28e-04  0.11 s/step  free 60093 MB
2026-07-06 11:49:20,155 INFO step 5140  loss 4.3736  lr 1.28e-04  0.11 s/step  free 60093 MB
2026-07-06 11:49:22,786 INFO step 5160  loss 4.1201  lr 1.27e-04  0.11 s/step  free 60093 MB
2026-07-06 11:49:25,620 INFO step 5180  loss 3.4824  lr 1.27e-04  0.15 s/step  free 60093 MB
2026-07-06 11:49:28,280 INFO step 5200  loss 4.5089  lr 1.26e-04  0.11 s/step  free 60093 MB
2026-07-06 11:49:30,960 INFO step 5220  loss 4.3067  lr 1.26e-04  0.11 s/step  free 60093 MB
2026-07-06 11:49:33,676 INFO step 5240  loss 4.3870  lr 1.25e-04  0.11 s/step  free 60093 MB
2026-07-06 11:49:36,290 INFO step 5260  loss 4.5675  lr 1.25e-04  0.11 s/step  free 60093 MB
2026-07-06 11:49:39,087 INFO step 5280  loss 4.1364  lr 1.24e-04  0.12 s/step  free 60093 MB
2026-07-06 11:49:41,733 INFO step 5300  loss 4.7605  lr 1.24e-04  0.11 s/step  free 60093 MB
2026-07-06 11:49:44,385 INFO step 5320  loss 4.5477  lr 1.23e-04  0.11 s/step  free 60093 MB
2026-07-06 11:49:47,146 INFO step 5340  loss 4.0457  lr 1.23e-04  0.15 s/step  free 60093 MB
2026-07-06 11:49:49,859 INFO step 5360  loss 4.2602  lr 1.22e-04  0.11 s/step  free 60093 MB
2026-07-06 11:49:52,600 INFO step 5380  loss 4.5684  lr 1.22e-04  0.11 s/step  free 60093 MB
2026-07-06 11:49:55,296 INFO step 5400  loss 3.3971  lr 1.21e-04  0.13 s/step  free 60093 MB
2026-07-06 11:49:58,245 INFO step 5420  loss 4.4618  lr 1.21e-04  0.11 s/step  free 60093 MB
2026-07-06 11:50:00,877 INFO step 5440  loss 4.0340  lr 1.20e-04  0.11 s/step  free 60093 MB
2026-07-06 11:50:03,536 INFO step 5460  loss 4.5990  lr 1.20e-04  0.12 s/step  free 60093 MB
2026-07-06 11:50:06,283 INFO step 5480  loss 4.0521  lr 1.19e-04  0.11 s/step  free 60093 MB
2026-07-06 11:50:09,065 INFO step 5500  loss 4.8140  lr 1.19e-04  0.11 s/step  free 60093 MB
2026-07-06 11:50:09,888 INFO Saved step5500.pt (resumable)
2026-07-06 11:50:12,546 INFO step 5520  loss 4.0316  lr 1.18e-04  0.11 s/step  free 60093 MB
2026-07-06 11:50:15,275 INFO step 5540  loss 4.9271  lr 1.18e-04  0.11 s/step  free 60093 MB
2026-07-06 11:50:17,943 INFO step 5560  loss 4.1741  lr 1.17e-04  0.15 s/step  free 60093 MB
2026-07-06 11:50:20,661 INFO step 5580  loss 4.6064  lr 1.17e-04  0.12 s/step  free 60093 MB
2026-07-06 11:50:23,324 INFO step 5600  loss 4.3414  lr 1.16e-04  0.13 s/step  free 60093 MB
2026-07-06 11:50:25,992 INFO step 5620  loss 4.8644  lr 1.16e-04  0.11 s/step  free 60093 MB
2026-07-06 11:50:28,637 INFO step 5640  loss 3.9173  lr 1.15e-04  0.11 s/step  free 60093 MB
2026-07-06 11:50:31,277 INFO step 5660  loss 3.0069  lr 1.15e-04  0.11 s/step  free 60093 MB
2026-07-06 11:50:33,941 INFO step 5680  loss 4.2516  lr 1.14e-04  0.11 s/step  free 60093 MB
2026-07-06 11:50:36,651 INFO step 5700  loss 4.6008  lr 1.14e-04  0.12 s/step  free 60093 MB
2026-07-06 11:50:39,260 INFO step 5720  loss 4.5905  lr 1.13e-04  0.12 s/step  free 60093 MB
2026-07-06 11:50:41,900 INFO step 5740  loss 4.2642  lr 1.13e-04  0.11 s/step  free 60093 MB
2026-07-06 11:50:44,577 INFO step 5760  loss 3.7148  lr 1.12e-04  0.11 s/step  free 60093 MB
2026-07-06 11:50:47,278 INFO step 5780  loss 3.3105  lr 1.12e-04  0.11 s/step  free 60093 MB
2026-07-06 11:50:50,048 INFO step 5800  loss 4.8683  lr 1.11e-04  0.12 s/step  free 60093 MB
2026-07-06 11:50:52,836 INFO step 5820  loss 3.8666  lr 1.11e-04  0.15 s/step  free 60093 MB
2026-07-06 11:50:55,482 INFO step 5840  loss 3.4659  lr 1.10e-04  0.11 s/step  free 60093 MB
2026-07-06 11:50:58,127 INFO step 5860  loss 4.6020  lr 1.10e-04  0.15 s/step  free 60093 MB
2026-07-06 11:51:00,990 INFO step 5880  loss 4.3538  lr 1.09e-04  0.12 s/step  free 60093 MB
2026-07-06 11:51:03,632 INFO step 5900  loss 4.3253  lr 1.09e-04  0.11 s/step  free 60093 MB
2026-07-06 11:51:06,340 INFO step 5920  loss 2.3098  lr 1.08e-04  0.11 s/step  free 60093 MB
2026-07-06 11:51:09,113 INFO step 5940  loss 4.5656  lr 1.08e-04  0.12 s/step  free 60093 MB
2026-07-06 11:51:11,872 INFO step 5960  loss 4.1110  lr 1.07e-04  0.12 s/step  free 60093 MB
2026-07-06 11:51:14,678 INFO step 5980  loss 4.0160  lr 1.07e-04  0.15 s/step  free 60093 MB
2026-07-06 11:51:17,325 INFO step 6000  loss 3.7173  lr 1.06e-04  0.11 s/step  free 60093 MB
2026-07-06 11:51:18,147 INFO Saved step6000.pt (resumable)
Setting `pad_token_id` to `eos_token_id`:151645 for open-end generation.
Setting `pad_token_id` to `eos_token_id`:151645 for open-end generation.
Setting `pad_token_id` to `eos_token_id`:151645 for open-end generation.
Setting `pad_token_id` to `eos_token_id`:151645 for open-end generation.
Setting `pad_token_id` to `eos_token_id`:151645 for open-end generation.
Setting `pad_token_id` to `eos_token_id`:151645 for open-end generation.
Setting `pad_token_id` to `eos_token_id`:151645 for open-end generation.
Setting `pad_token_id` to `eos_token_id`:151645 for open-end generation.
Setting `pad_token_id` to `eos_token_id`:151645 for open-end generation.
Setting `pad_token_id` to `eos_token_id`:151645 for open-end generation.
Setting `pad_token_id` to `eos_token_id`:151645 for open-end generation.
Setting `pad_token_id` to `eos_token_id`:151645 for open-end generation.
Setting `pad_token_id` to `eos_token_id`:151645 for open-end generation.
Setting `pad_token_id` to `eos_token_id`:151645 for open-end generation.
Setting `pad_token_id` to `eos_token_id`:151645 for open-end generation.
Setting `pad_token_id` to `eos_token_id`:151645 for open-end generation.
Setting `pad_token_id` to `eos_token_id`:151645 for open-end generation.
Setting `pad_token_id` to `eos_token_id`:151645 for open-end generation.
Setting `pad_token_id` to `eos_token_id`:151645 for open-end generation.
Setting `pad_token_id` to `eos_token_id`:151645 for open-end generation.
Setting `pad_token_id` to `eos_token_id`:151645 for open-end generation.
Setting `pad_token_id` to `eos_token_id`:151645 for open-end generation.
Setting `pad_token_id` to `eos_token_id`:151645 for open-end generation.
Setting `pad_token_id` to `eos_token_id`:151645 for open-end generation.
Setting `pad_token_id` to `eos_token_id`:151645 for open-end generation.
Setting `pad_token_id` to `eos_token_id`:151645 for open-end generation.
Setting `pad_token_id` to `eos_token_id`:151645 for open-end generation.
Setting `pad_token_id` to `eos_token_id`:151645 for open-end generation.
Setting `pad_token_id` to `eos_token_id`:151645 for open-end generation.
Setting `pad_token_id` to `eos_token_id`:151645 for open-end generation.
Setting `pad_token_id` to `eos_token_id`:151645 for open-end generation.
Setting `pad_token_id` to `eos_token_id`:151645 for open-end generation.
Setting `pad_token_id` to `eos_token_id`:151645 for open-end generation.
Setting `pad_token_id` to `eos_token_id`:151645 for open-end generation.
Setting `pad_token_id` to `eos_token_id`:151645 for open-end generation.
Setting `pad_token_id` to `eos_token_id`:151645 for open-end generation.
Setting `pad_token_id` to `eos_token_id`:151645 for open-end generation.
Setting `pad_token_id` to `eos_token_id`:151645 for open-end generation.
Setting `pad_token_id` to `eos_token_id`:151645 for open-end generation.
Setting `pad_token_id` to `eos_token_id`:151645 for open-end generation.
Setting `pad_token_id` to `eos_token_id`:151645 for open-end generation.
Setting `pad_token_id` to `eos_token_id`:151645 for open-end generation.
Setting `pad_token_id` to `eos_token_id`:151645 for open-end generation.
Setting `pad_token_id` to `eos_token_id`:151645 for open-end generation.
Setting `pad_token_id` to `eos_token_id`:151645 for open-end generation.
Setting `pad_token_id` to `eos_token_id`:151645 for open-end generation.
Setting `pad_token_id` to `eos_token_id`:151645 for open-end generation.
Setting `pad_token_id` to `eos_token_id`:151645 for open-end generation.
Setting `pad_token_id` to `eos_token_id`:151645 for open-end generation.
Setting `pad_token_id` to `eos_token_id`:151645 for open-end generation.
Setting `pad_token_id` to `eos_token_id`:151645 for open-end generation.
Setting `pad_token_id` to `eos_token_id`:151645 for open-end generation.
Setting `pad_token_id` to `eos_token_id`:151645 for open-end generation.
Setting `pad_token_id` to `eos_token_id`:151645 for open-end generation.
Setting `pad_token_id` to `eos_token_id`:151645 for open-end generation.
Setting `pad_token_id` to `eos_token_id`:151645 for open-end generation.
Setting `pad_token_id` to `eos_token_id`:151645 for open-end generation.
Setting `pad_token_id` to `eos_token_id`:151645 for open-end generation.
Setting `pad_token_id` to `eos_token_id`:151645 for open-end generation.
Setting `pad_token_id` to `eos_token_id`:151645 for open-end generation.
Setting `pad_token_id` to `eos_token_id`:151645 for open-end generation.
Setting `pad_token_id` to `eos_token_id`:151645 for open-end generation.
Setting `pad_token_id` to `eos_token_id`:151645 for open-end generation.
Setting `pad_token_id` to `eos_token_id`:151645 for open-end generation.
Setting `pad_token_id` to `eos_token_id`:151645 for open-end generation.
Setting `pad_token_id` to `eos_token_id`:151645 for open-end generation.
Setting `pad_token_id` to `eos_token_id`:151645 for open-end generation.
Setting `pad_token_id` to `eos_token_id`:151645 for open-end generation.
Setting `pad_token_id` to `eos_token_id`:151645 for open-end generation.
Setting `pad_token_id` to `eos_token_id`:151645 for open-end generation.
Setting `pad_token_id` to `eos_token_id`:151645 for open-end generation.
Setting `pad_token_id` to `eos_token_id`:151645 for open-end generation.
Setting `pad_token_id` to `eos_token_id`:151645 for open-end generation.
Setting `pad_token_id` to `eos_token_id`:151645 for open-end generation.
Setting `pad_token_id` to `eos_token_id`:151645 for open-end generation.
Setting `pad_token_id` to `eos_token_id`:151645 for open-end generation.
Setting `pad_token_id` to `eos_token_id`:151645 for open-end generation.
Setting `pad_token_id` to `eos_token_id`:151645 for open-end generation.
Setting `pad_token_id` to `eos_token_id`:151645 for open-end generation.
Setting `pad_token_id` to `eos_token_id`:151645 for open-end generation.
Setting `pad_token_id` to `eos_token_id`:151645 for open-end generation.
Setting `pad_token_id` to `eos_token_id`:151645 for open-end generation.
Setting `pad_token_id` to `eos_token_id`:151645 for open-end generation.
Setting `pad_token_id` to `eos_token_id`:151645 for open-end generation.
Setting `pad_token_id` to `eos_token_id`:151645 for open-end generation.
Setting `pad_token_id` to `eos_token_id`:151645 for open-end generation.
Setting `pad_token_id` to `eos_token_id`:151645 for open-end generation.
Setting `pad_token_id` to `eos_token_id`:151645 for open-end generation.
Setting `pad_token_id` to `eos_token_id`:151645 for open-end generation.
Setting `pad_token_id` to `eos_token_id`:151645 for open-end generation.
Setting `pad_token_id` to `eos_token_id`:151645 for open-end generation.
Setting `pad_token_id` to `eos_token_id`:151645 for open-end generation.
Setting `pad_token_id` to `eos_token_id`:151645 for open-end generation.
Setting `pad_token_id` to `eos_token_id`:151645 for open-end generation.
Setting `pad_token_id` to `eos_token_id`:151645 for open-end generation.
Setting `pad_token_id` to `eos_token_id`:151645 for open-end generation.
Setting `pad_token_id` to `eos_token_id`:151645 for open-end generation.
Setting `pad_token_id` to `eos_token_id`:151645 for open-end generation.
Setting `pad_token_id` to `eos_token_id`:151645 for open-end generation.
Setting `pad_token_id` to `eos_token_id`:151645 for open-end generation.
Setting `pad_token_id` to `eos_token_id`:151645 for open-end generation.
Setting `pad_token_id` to `eos_token_id`:151645 for open-end generation.
Setting `pad_token_id` to `eos_token_id`:151645 for open-end generation.
Setting `pad_token_id` to `eos_token_id`:151645 for open-end generation.
Setting `pad_token_id` to `eos_token_id`:151645 for open-end generation.
Setting `pad_token_id` to `eos_token_id`:151645 for open-end generation.
Setting `pad_token_id` to `eos_token_id`:151645 for open-end generation.
Setting `pad_token_id` to `eos_token_id`:151645 for open-end generation.
Setting `pad_token_id` to `eos_token_id`:151645 for open-end generation.
Setting `pad_token_id` to `eos_token_id`:151645 for open-end generation.
Setting `pad_token_id` to `eos_token_id`:151645 for open-end generation.
Setting `pad_token_id` to `eos_token_id`:151645 for open-end generation.
Setting `pad_token_id` to `eos_token_id`:151645 for open-end generation.
Setting `pad_token_id` to `eos_token_id`:151645 for open-end generation.
Setting `pad_token_id` to `eos_token_id`:151645 for open-end generation.
Setting `pad_token_id` to `eos_token_id`:151645 for open-end generation.
Setting `pad_token_id` to `eos_token_id`:151645 for open-end generation.
Setting `pad_token_id` to `eos_token_id`:151645 for open-end generation.
Setting `pad_token_id` to `eos_token_id`:151645 for open-end generation.
Setting `pad_token_id` to `eos_token_id`:151645 for open-end generation.
Setting `pad_token_id` to `eos_token_id`:151645 for open-end generation.
Setting `pad_token_id` to `eos_token_id`:151645 for open-end generation.
Setting `pad_token_id` to `eos_token_id`:151645 for open-end generation.
Setting `pad_token_id` to `eos_token_id`:151645 for open-end generation.
Setting `pad_token_id` to `eos_token_id`:151645 for open-end generation.
Setting `pad_token_id` to `eos_token_id`:151645 for open-end generation.
Setting `pad_token_id` to `eos_token_id`:151645 for open-end generation.
Setting `pad_token_id` to `eos_token_id`:151645 for open-end generation.
2026-07-06 11:52:05,359 INFO EVAL step  6000  asr_plain=1.00 bias_nat_distractor=1.00 bias_nat_relevant=1.00 complete_nosil=1.00 digit_fire=1.00 digit_hold=1.00 digit_nosil=1.00 lead_sil=1.00 long_sil=1.00 pair_fire=0.88 pair_hold=0.88 silence_only=1.00 single_sil=0.88 spell_email=1.00 spell_name=1.00 truncated=1.00  score=0.977 (47.2s)
2026-07-06 11:52:08,272 INFO step 6020  loss 4.1025  lr 1.06e-04  0.12 s/step  free 60093 MB
2026-07-06 11:52:11,051 INFO step 6040  loss 4.8216  lr 1.05e-04  0.13 s/step  free 60093 MB
2026-07-06 11:52:13,745 INFO step 6060  loss 4.6434  lr 1.05e-04  0.11 s/step  free 60093 MB
2026-07-06 11:52:16,496 INFO step 6080  loss 4.5127  lr 1.04e-04  0.11 s/step  free 60093 MB
2026-07-06 11:52:19,143 INFO step 6100  loss 3.9436  lr 1.04e-04  0.11 s/step  free 60093 MB
2026-07-06 11:52:21,859 INFO step 6120  loss 4.1353  lr 1.03e-04  0.11 s/step  free 60093 MB
2026-07-06 11:52:24,527 INFO step 6140  loss 4.0473  lr 1.03e-04  0.11 s/step  free 60093 MB
2026-07-06 11:52:27,316 INFO step 6160  loss 3.8605  lr 1.02e-04  0.12 s/step  free 60093 MB
2026-07-06 11:52:30,020 INFO step 6180  loss 3.4445  lr 1.02e-04  0.11 s/step  free 60093 MB
2026-07-06 11:52:32,722 INFO step 6200  loss 4.5411  lr 1.01e-04  0.11 s/step  free 60093 MB
2026-07-06 11:52:35,518 INFO step 6220  loss 4.2360  lr 1.01e-04  0.11 s/step  free 60093 MB
2026-07-06 11:52:38,186 INFO step 6240  loss 4.5380  lr 1.00e-04  0.11 s/step  free 60093 MB
2026-07-06 11:52:40,972 INFO step 6260  loss 4.2510  lr 9.97e-05  0.12 s/step  free 60093 MB
2026-07-06 11:52:43,674 INFO step 6280  loss 4.2678  lr 9.92e-05  0.11 s/step  free 60093 MB
2026-07-06 11:52:46,359 INFO step 6300  loss 3.6383  lr 9.87e-05  0.12 s/step  free 60093 MB
2026-07-06 11:52:49,060 INFO step 6320  loss 4.3157  lr 9.82e-05  0.12 s/step  free 60093 MB
2026-07-06 11:52:51,853 INFO step 6340  loss 3.4617  lr 9.77e-05  0.13 s/step  free 60093 MB
2026-07-06 11:52:54,660 INFO step 6360  loss 4.4147  lr 9.72e-05  0.12 s/step  free 60093 MB
2026-07-06 11:52:57,373 INFO step 6380  loss 2.2513  lr 9.67e-05  0.11 s/step  free 60093 MB
2026-07-06 11:52:59,986 INFO step 6400  loss 4.2472  lr 9.62e-05  0.11 s/step  free 60093 MB
2026-07-06 11:53:02,638 INFO step 6420  loss 4.7983  lr 9.57e-05  0.11 s/step  free 60093 MB
2026-07-06 11:53:05,319 INFO step 6440  loss 4.2111  lr 9.52e-05  0.12 s/step  free 60093 MB
2026-07-06 11:53:08,072 INFO step 6460  loss 5.0129  lr 9.47e-05  0.12 s/step  free 60093 MB
2026-07-06 11:53:10,778 INFO step 6480  loss 4.1220  lr 9.42e-05  0.11 s/step  free 60093 MB
2026-07-06 11:53:13,410 INFO step 6500  loss 4.5821  lr 9.37e-05  0.12 s/step  free 60093 MB
2026-07-06 11:53:14,227 INFO Saved step6500.pt (resumable)
2026-07-06 11:53:16,883 INFO step 6520  loss 4.4917  lr 9.32e-05  0.11 s/step  free 60093 MB
2026-07-06 11:53:19,700 INFO step 6540  loss 3.8995  lr 9.27e-05  0.13 s/step  free 60093 MB
2026-07-06 11:53:22,436 INFO step 6560  loss 4.2455  lr 9.22e-05  0.12 s/step  free 60093 MB
2026-07-06 11:53:25,153 INFO step 6580  loss 4.4141  lr 9.18e-05  0.12 s/step  free 60093 MB
2026-07-06 11:53:27,851 INFO step 6600  loss 3.4805  lr 9.13e-05  0.11 s/step  free 60093 MB
2026-07-06 11:53:30,633 INFO step 6620  loss 3.9987  lr 9.08e-05  0.11 s/step  free 60093 MB
2026-07-06 11:53:33,421 INFO step 6640  loss 4.5119  lr 9.03e-05  0.12 s/step  free 60093 MB
2026-07-06 11:53:36,199 INFO step 6660  loss 3.8622  lr 8.98e-05  0.12 s/step  free 60093 MB
2026-07-06 11:53:38,990 INFO step 6680  loss 4.2933  lr 8.93e-05  0.14 s/step  free 60093 MB
2026-07-06 11:53:41,671 INFO step 6700  loss 3.2283  lr 8.88e-05  0.11 s/step  free 60093 MB
2026-07-06 11:53:44,377 INFO step 6720  loss 4.2725  lr 8.83e-05  0.12 s/step  free 60093 MB
2026-07-06 11:53:47,090 INFO step 6740  loss 4.2150  lr 8.78e-05  0.11 s/step  free 60093 MB
2026-07-06 11:53:49,791 INFO step 6760  loss 4.3416  lr 8.73e-05  0.11 s/step  free 60093 MB
2026-07-06 11:53:52,389 INFO step 6780  loss 3.4105  lr 8.68e-05  0.11 s/step  free 60093 MB
2026-07-06 11:53:55,010 INFO step 6800  loss 4.4071  lr 8.63e-05  0.12 s/step  free 60093 MB
2026-07-06 11:53:57,872 INFO step 6820  loss 4.3928  lr 8.58e-05  0.11 s/step  free 60093 MB
2026-07-06 11:54:00,485 INFO step 6840  loss 4.0206  lr 8.53e-05  0.11 s/step  free 60093 MB
2026-07-06 11:54:03,189 INFO step 6860  loss 4.4047  lr 8.48e-05  0.11 s/step  free 60093 MB
2026-07-06 11:54:05,888 INFO step 6880  loss 4.2553  lr 8.43e-05  0.11 s/step  free 60093 MB
2026-07-06 11:54:08,568 INFO step 6900  loss 4.3804  lr 8.39e-05  0.12 s/step  free 60093 MB
2026-07-06 11:54:11,267 INFO step 6920  loss 4.3490  lr 8.34e-05  0.11 s/step  free 60093 MB
2026-07-06 11:54:14,008 INFO step 6940  loss 4.7212  lr 8.29e-05  0.12 s/step  free 60093 MB
2026-07-06 11:54:16,618 INFO step 6960  loss 3.8632  lr 8.24e-05  0.11 s/step  free 60093 MB
2026-07-06 11:54:19,327 INFO step 6980  loss 4.1010  lr 8.19e-05  0.11 s/step  free 60093 MB
2026-07-06 11:54:21,987 INFO step 7000  loss 4.4733  lr 8.14e-05  0.11 s/step  free 60093 MB
2026-07-06 11:54:22,813 INFO Saved step7000.pt (resumable)
2026-07-06 11:54:25,650 INFO step 7020  loss 4.8663  lr 8.09e-05  0.12 s/step  free 60093 MB
2026-07-06 11:54:28,381 INFO step 7040  loss 4.6614  lr 8.05e-05  0.12 s/step  free 60093 MB
2026-07-06 11:54:31,082 INFO step 7060  loss 4.9253  lr 8.00e-05  0.12 s/step  free 60093 MB
2026-07-06 11:54:33,731 INFO step 7080  loss 4.3215  lr 7.95e-05  0.12 s/step  free 60093 MB
2026-07-06 11:54:36,485 INFO step 7100  loss 4.1233  lr 7.90e-05  0.11 s/step  free 60093 MB
2026-07-06 11:54:39,263 INFO step 7120  loss 3.2962  lr 7.85e-05  0.12 s/step  free 60093 MB
2026-07-06 11:54:41,996 INFO step 7140  loss 4.2257  lr 7.80e-05  0.12 s/step  free 60093 MB
2026-07-06 11:54:44,734 INFO step 7160  loss 4.4662  lr 7.76e-05  0.11 s/step  free 60093 MB
2026-07-06 11:54:47,501 INFO step 7180  loss 3.9347  lr 7.71e-05  0.14 s/step  free 60093 MB
2026-07-06 11:54:50,173 INFO step 7200  loss 3.9643  lr 7.66e-05  0.15 s/step  free 60093 MB
2026-07-06 11:54:52,834 INFO step 7220  loss 4.0200  lr 7.61e-05  0.11 s/step  free 60093 MB
2026-07-06 11:54:55,556 INFO step 7240  loss 4.1969  lr 7.56e-05  0.11 s/step  free 60093 MB
2026-07-06 11:54:58,247 INFO step 7260  loss 4.4599  lr 7.52e-05  0.11 s/step  free 60093 MB
2026-07-06 11:55:00,990 INFO step 7280  loss 4.9059  lr 7.47e-05  0.12 s/step  free 60093 MB
2026-07-06 11:55:03,767 INFO step 7300  loss 4.8740  lr 7.42e-05  0.12 s/step  free 60093 MB
2026-07-06 11:55:06,534 INFO step 7320  loss 4.3689  lr 7.37e-05  0.12 s/step  free 60093 MB
2026-07-06 11:55:09,303 INFO step 7340  loss 4.4124  lr 7.33e-05  0.11 s/step  free 60093 MB
2026-07-06 11:55:11,999 INFO step 7360  loss 3.9623  lr 7.28e-05  0.11 s/step  free 60093 MB
2026-07-06 11:55:14,776 INFO step 7380  loss 2.8456  lr 7.23e-05  0.11 s/step  free 60093 MB
2026-07-06 11:55:17,440 INFO step 7400  loss 4.2224  lr 7.19e-05  0.12 s/step  free 60093 MB
2026-07-06 11:55:20,198 INFO step 7420  loss 3.9875  lr 7.14e-05  0.11 s/step  free 60093 MB
2026-07-06 11:55:22,864 INFO step 7440  loss 3.9857  lr 7.09e-05  0.11 s/step  free 60093 MB
2026-07-06 11:55:25,546 INFO step 7460  loss 4.4736  lr 7.04e-05  0.15 s/step  free 60093 MB
2026-07-06 11:55:28,342 INFO step 7480  loss 4.2521  lr 7.00e-05  0.13 s/step  free 60093 MB
2026-07-06 11:55:31,041 INFO step 7500  loss 4.5231  lr 6.95e-05  0.11 s/step  free 60093 MB
2026-07-06 11:55:31,862 INFO Saved step7500.pt (resumable)
Setting `pad_token_id` to `eos_token_id`:151645 for open-end generation.
Setting `pad_token_id` to `eos_token_id`:151645 for open-end generation.
Setting `pad_token_id` to `eos_token_id`:151645 for open-end generation.
Setting `pad_token_id` to `eos_token_id`:151645 for open-end generation.
Setting `pad_token_id` to `eos_token_id`:151645 for open-end generation.
Setting `pad_token_id` to `eos_token_id`:151645 for open-end generation.
Setting `pad_token_id` to `eos_token_id`:151645 for open-end generation.
Setting `pad_token_id` to `eos_token_id`:151645 for open-end generation.
Setting `pad_token_id` to `eos_token_id`:151645 for open-end generation.
Setting `pad_token_id` to `eos_token_id`:151645 for open-end generation.
Setting `pad_token_id` to `eos_token_id`:151645 for open-end generation.
Setting `pad_token_id` to `eos_token_id`:151645 for open-end generation.
Setting `pad_token_id` to `eos_token_id`:151645 for open-end generation.
Setting `pad_token_id` to `eos_token_id`:151645 for open-end generation.
Setting `pad_token_id` to `eos_token_id`:151645 for open-end generation.
Setting `pad_token_id` to `eos_token_id`:151645 for open-end generation.
Setting `pad_token_id` to `eos_token_id`:151645 for open-end generation.
Setting `pad_token_id` to `eos_token_id`:151645 for open-end generation.
Setting `pad_token_id` to `eos_token_id`:151645 for open-end generation.
Setting `pad_token_id` to `eos_token_id`:151645 for open-end generation.
Setting `pad_token_id` to `eos_token_id`:151645 for open-end generation.
Setting `pad_token_id` to `eos_token_id`:151645 for open-end generation.
Setting `pad_token_id` to `eos_token_id`:151645 for open-end generation.
Setting `pad_token_id` to `eos_token_id`:151645 for open-end generation.
Setting `pad_token_id` to `eos_token_id`:151645 for open-end generation.
Setting `pad_token_id` to `eos_token_id`:151645 for open-end generation.
Setting `pad_token_id` to `eos_token_id`:151645 for open-end generation.
Setting `pad_token_id` to `eos_token_id`:151645 for open-end generation.
Setting `pad_token_id` to `eos_token_id`:151645 for open-end generation.
Setting `pad_token_id` to `eos_token_id`:151645 for open-end generation.
Setting `pad_token_id` to `eos_token_id`:151645 for open-end generation.
Setting `pad_token_id` to `eos_token_id`:151645 for open-end generation.
Setting `pad_token_id` to `eos_token_id`:151645 for open-end generation.
Setting `pad_token_id` to `eos_token_id`:151645 for open-end generation.
Setting `pad_token_id` to `eos_token_id`:151645 for open-end generation.
Setting `pad_token_id` to `eos_token_id`:151645 for open-end generation.
Setting `pad_token_id` to `eos_token_id`:151645 for open-end generation.
Setting `pad_token_id` to `eos_token_id`:151645 for open-end generation.
Setting `pad_token_id` to `eos_token_id`:151645 for open-end generation.
Setting `pad_token_id` to `eos_token_id`:151645 for open-end generation.
Setting `pad_token_id` to `eos_token_id`:151645 for open-end generation.
Setting `pad_token_id` to `eos_token_id`:151645 for open-end generation.
Setting `pad_token_id` to `eos_token_id`:151645 for open-end generation.
Setting `pad_token_id` to `eos_token_id`:151645 for open-end generation.
Setting `pad_token_id` to `eos_token_id`:151645 for open-end generation.
Setting `pad_token_id` to `eos_token_id`:151645 for open-end generation.
Setting `pad_token_id` to `eos_token_id`:151645 for open-end generation.
Setting `pad_token_id` to `eos_token_id`:151645 for open-end generation.
Setting `pad_token_id` to `eos_token_id`:151645 for open-end generation.
Setting `pad_token_id` to `eos_token_id`:151645 for open-end generation.
Setting `pad_token_id` to `eos_token_id`:151645 for open-end generation.
Setting `pad_token_id` to `eos_token_id`:151645 for open-end generation.
Setting `pad_token_id` to `eos_token_id`:151645 for open-end generation.
Setting `pad_token_id` to `eos_token_id`:151645 for open-end generation.
Setting `pad_token_id` to `eos_token_id`:151645 for open-end generation.
Setting `pad_token_id` to `eos_token_id`:151645 for open-end generation.
Setting `pad_token_id` to `eos_token_id`:151645 for open-end generation.
Setting `pad_token_id` to `eos_token_id`:151645 for open-end generation.
Setting `pad_token_id` to `eos_token_id`:151645 for open-end generation.
Setting `pad_token_id` to `eos_token_id`:151645 for open-end generation.
Setting `pad_token_id` to `eos_token_id`:151645 for open-end generation.
Setting `pad_token_id` to `eos_token_id`:151645 for open-end generation.
Setting `pad_token_id` to `eos_token_id`:151645 for open-end generation.
Setting `pad_token_id` to `eos_token_id`:151645 for open-end generation.
Setting `pad_token_id` to `eos_token_id`:151645 for open-end generation.
Setting `pad_token_id` to `eos_token_id`:151645 for open-end generation.
Setting `pad_token_id` to `eos_token_id`:151645 for open-end generation.
Setting `pad_token_id` to `eos_token_id`:151645 for open-end generation.
Setting `pad_token_id` to `eos_token_id`:151645 for open-end generation.
Setting `pad_token_id` to `eos_token_id`:151645 for open-end generation.
Setting `pad_token_id` to `eos_token_id`:151645 for open-end generation.
Setting `pad_token_id` to `eos_token_id`:151645 for open-end generation.
Setting `pad_token_id` to `eos_token_id`:151645 for open-end generation.
Setting `pad_token_id` to `eos_token_id`:151645 for open-end generation.
Setting `pad_token_id` to `eos_token_id`:151645 for open-end generation.
Setting `pad_token_id` to `eos_token_id`:151645 for open-end generation.
Setting `pad_token_id` to `eos_token_id`:151645 for open-end generation.
Setting `pad_token_id` to `eos_token_id`:151645 for open-end generation.
Setting `pad_token_id` to `eos_token_id`:151645 for open-end generation.
Setting `pad_token_id` to `eos_token_id`:151645 for open-end generation.
Setting `pad_token_id` to `eos_token_id`:151645 for open-end generation.
Setting `pad_token_id` to `eos_token_id`:151645 for open-end generation.
Setting `pad_token_id` to `eos_token_id`:151645 for open-end generation.
Setting `pad_token_id` to `eos_token_id`:151645 for open-end generation.
Setting `pad_token_id` to `eos_token_id`:151645 for open-end generation.
Setting `pad_token_id` to `eos_token_id`:151645 for open-end generation.
Setting `pad_token_id` to `eos_token_id`:151645 for open-end generation.
Setting `pad_token_id` to `eos_token_id`:151645 for open-end generation.
Setting `pad_token_id` to `eos_token_id`:151645 for open-end generation.
Setting `pad_token_id` to `eos_token_id`:151645 for open-end generation.
Setting `pad_token_id` to `eos_token_id`:151645 for open-end generation.
Setting `pad_token_id` to `eos_token_id`:151645 for open-end generation.
Setting `pad_token_id` to `eos_token_id`:151645 for open-end generation.
Setting `pad_token_id` to `eos_token_id`:151645 for open-end generation.
Setting `pad_token_id` to `eos_token_id`:151645 for open-end generation.
Setting `pad_token_id` to `eos_token_id`:151645 for open-end generation.
Setting `pad_token_id` to `eos_token_id`:151645 for open-end generation.
Setting `pad_token_id` to `eos_token_id`:151645 for open-end generation.
Setting `pad_token_id` to `eos_token_id`:151645 for open-end generation.
Setting `pad_token_id` to `eos_token_id`:151645 for open-end generation.
Setting `pad_token_id` to `eos_token_id`:151645 for open-end generation.
Setting `pad_token_id` to `eos_token_id`:151645 for open-end generation.
Setting `pad_token_id` to `eos_token_id`:151645 for open-end generation.
Setting `pad_token_id` to `eos_token_id`:151645 for open-end generation.
Setting `pad_token_id` to `eos_token_id`:151645 for open-end generation.
Setting `pad_token_id` to `eos_token_id`:151645 for open-end generation.
Setting `pad_token_id` to `eos_token_id`:151645 for open-end generation.
Setting `pad_token_id` to `eos_token_id`:151645 for open-end generation.
Setting `pad_token_id` to `eos_token_id`:151645 for open-end generation.
Setting `pad_token_id` to `eos_token_id`:151645 for open-end generation.
Setting `pad_token_id` to `eos_token_id`:151645 for open-end generation.
Setting `pad_token_id` to `eos_token_id`:151645 for open-end generation.
Setting `pad_token_id` to `eos_token_id`:151645 for open-end generation.
Setting `pad_token_id` to `eos_token_id`:151645 for open-end generation.
Setting `pad_token_id` to `eos_token_id`:151645 for open-end generation.
Setting `pad_token_id` to `eos_token_id`:151645 for open-end generation.
Setting `pad_token_id` to `eos_token_id`:151645 for open-end generation.
Setting `pad_token_id` to `eos_token_id`:151645 for open-end generation.
Setting `pad_token_id` to `eos_token_id`:151645 for open-end generation.
Setting `pad_token_id` to `eos_token_id`:151645 for open-end generation.
Setting `pad_token_id` to `eos_token_id`:151645 for open-end generation.
Setting `pad_token_id` to `eos_token_id`:151645 for open-end generation.
Setting `pad_token_id` to `eos_token_id`:151645 for open-end generation.
Setting `pad_token_id` to `eos_token_id`:151645 for open-end generation.
Setting `pad_token_id` to `eos_token_id`:151645 for open-end generation.
Setting `pad_token_id` to `eos_token_id`:151645 for open-end generation.
Setting `pad_token_id` to `eos_token_id`:151645 for open-end generation.
Setting `pad_token_id` to `eos_token_id`:151645 for open-end generation.
2026-07-06 11:56:17,852 INFO EVAL step  7500  asr_plain=1.00 bias_nat_distractor=1.00 bias_nat_relevant=1.00 complete_nosil=1.00 digit_fire=1.00 digit_hold=1.00 digit_nosil=1.00 lead_sil=1.00 long_sil=1.00 pair_fire=0.75 pair_hold=1.00 silence_only=1.00 single_sil=1.00 spell_email=1.00 spell_name=1.00 truncated=1.00  score=0.984 (46.0s)
2026-07-06 11:56:20,877 INFO step 7520  loss 4.6695  lr 6.91e-05  0.11 s/step  free 60093 MB
2026-07-06 11:56:23,592 INFO step 7540  loss 4.3216  lr 6.86e-05  0.11 s/step  free 60093 MB
2026-07-06 11:56:26,349 INFO step 7560  loss 4.6355  lr 6.81e-05  0.11 s/step  free 60093 MB
2026-07-06 11:56:29,002 INFO step 7580  loss 3.9864  lr 6.77e-05  0.13 s/step  free 60093 MB
2026-07-06 11:56:31,665 INFO step 7600  loss 4.2166  lr 6.72e-05  0.12 s/step  free 60093 MB
2026-07-06 11:56:34,538 INFO step 7620  loss 4.0639  lr 6.67e-05  0.13 s/step  free 60093 MB
2026-07-06 11:56:37,270 INFO step 7640  loss 4.0355  lr 6.63e-05  0.11 s/step  free 60093 MB
2026-07-06 11:56:39,861 INFO step 7660  loss 4.2551  lr 6.58e-05  0.11 s/step  free 60093 MB
2026-07-06 11:56:42,523 INFO step 7680  loss 4.1491  lr 6.54e-05  0.11 s/step  free 60093 MB
2026-07-06 11:56:45,185 INFO step 7700  loss 3.4979  lr 6.49e-05  0.11 s/step  free 60093 MB
2026-07-06 11:56:47,809 INFO step 7720  loss 4.4635  lr 6.45e-05  0.13 s/step  free 60093 MB
2026-07-06 11:56:50,503 INFO step 7740  loss 4.2281  lr 6.40e-05  0.11 s/step  free 60093 MB
2026-07-06 11:56:53,272 INFO step 7760  loss 4.4116  lr 6.36e-05  0.11 s/step  free 60093 MB
2026-07-06 11:56:55,999 INFO step 7780  loss 4.9106  lr 6.31e-05  0.12 s/step  free 60093 MB
2026-07-06 11:56:58,701 INFO step 7800  loss 3.8913  lr 6.27e-05  0.13 s/step  free 60093 MB
2026-07-06 11:57:01,516 INFO step 7820  loss 4.2799  lr 6.22e-05  0.12 s/step  free 60093 MB
2026-07-06 11:57:04,272 INFO step 7840  loss 4.3284  lr 6.18e-05  0.11 s/step  free 60093 MB
2026-07-06 11:57:06,972 INFO step 7860  loss 4.3277  lr 6.13e-05  0.11 s/step  free 60093 MB
2026-07-06 11:57:09,587 INFO step 7880  loss 4.1063  lr 6.09e-05  0.13 s/step  free 60093 MB
2026-07-06 11:57:12,267 INFO step 7900  loss 3.7497  lr 6.04e-05  0.11 s/step  free 60093 MB
2026-07-06 11:57:14,942 INFO step 7920  loss 4.0754  lr 6.00e-05  0.12 s/step  free 60093 MB
2026-07-06 11:57:17,670 INFO step 7940  loss 4.1303  lr 5.95e-05  0.11 s/step  free 60093 MB
2026-07-06 11:57:20,264 INFO step 7960  loss 4.2224  lr 5.91e-05  0.11 s/step  free 60093 MB
2026-07-06 11:57:22,984 INFO step 7980  loss 4.5255  lr 5.87e-05  0.11 s/step  free 60093 MB
2026-07-06 11:57:25,733 INFO step 8000  loss 4.5252  lr 5.82e-05  0.11 s/step  free 60093 MB
2026-07-06 11:57:26,551 INFO Saved step8000.pt (resumable)
2026-07-06 11:57:29,370 INFO step 8020  loss 4.8693  lr 5.78e-05  0.12 s/step  free 60093 MB
2026-07-06 11:57:32,028 INFO step 8040  loss 4.3160  lr 5.74e-05  0.12 s/step  free 60093 MB
2026-07-06 11:57:34,673 INFO step 8060  loss 4.2591  lr 5.69e-05  0.11 s/step  free 60093 MB
2026-07-06 11:57:37,542 INFO step 8080  loss 4.0620  lr 5.65e-05  0.15 s/step  free 60093 MB
2026-07-06 11:57:40,299 INFO step 8100  loss 4.3238  lr 5.61e-05  0.13 s/step  free 60093 MB
2026-07-06 11:57:43,027 INFO step 8120  loss 3.6856  lr 5.56e-05  0.11 s/step  free 60093 MB
2026-07-06 11:57:45,721 INFO step 8140  loss 4.1908  lr 5.52e-05  0.11 s/step  free 60093 MB
2026-07-06 11:57:48,407 INFO step 8160  loss 4.5468  lr 5.48e-05  0.11 s/step  free 60093 MB
2026-07-06 11:57:51,068 INFO step 8180  loss 3.8939  lr 5.44e-05  0.11 s/step  free 60093 MB
2026-07-06 11:57:53,763 INFO step 8200  loss 4.0291  lr 5.39e-05  0.12 s/step  free 60093 MB
2026-07-06 11:57:56,451 INFO step 8220  loss 3.9493  lr 5.35e-05  0.12 s/step  free 60093 MB
2026-07-06 11:57:59,248 INFO step 8240  loss 4.2150  lr 5.31e-05  0.11 s/step  free 60093 MB
2026-07-06 11:58:01,953 INFO step 8260  loss 4.1008  lr 5.27e-05  0.13 s/step  free 60093 MB
2026-07-06 11:58:04,613 INFO step 8280  loss 3.9006  lr 5.22e-05  0.11 s/step  free 60093 MB
2026-07-06 11:58:07,352 INFO step 8300  loss 4.1540  lr 5.18e-05  0.11 s/step  free 60093 MB
2026-07-06 11:58:10,017 INFO step 8320  loss 4.0247  lr 5.14e-05  0.11 s/step  free 60093 MB
2026-07-06 11:58:12,722 INFO step 8340  loss 4.3786  lr 5.10e-05  0.11 s/step  free 60093 MB
2026-07-06 11:58:15,343 INFO step 8360  loss 3.5337  lr 5.06e-05  0.12 s/step  free 60093 MB
2026-07-06 11:58:17,984 INFO step 8380  loss 4.5612  lr 5.02e-05  0.11 s/step  free 60093 MB
2026-07-06 11:58:20,685 INFO step 8400  loss 4.1872  lr 4.98e-05  0.11 s/step  free 60093 MB
2026-07-06 11:58:23,401 INFO step 8420  loss 4.6044  lr 4.94e-05  0.14 s/step  free 60093 MB
2026-07-06 11:58:26,154 INFO step 8440  loss 4.5645  lr 4.90e-05  0.12 s/step  free 60093 MB
2026-07-06 11:58:28,793 INFO step 8460  loss 4.0504  lr 4.86e-05  0.11 s/step  free 60093 MB
2026-07-06 11:58:31,437 INFO step 8480  loss 4.0381  lr 4.82e-05  0.11 s/step  free 60093 MB
2026-07-06 11:58:34,156 INFO step 8500  loss 4.0862  lr 4.77e-05  0.12 s/step  free 60093 MB
2026-07-06 11:58:34,994 INFO Saved step8500.pt (resumable)
2026-07-06 11:58:37,620 INFO step 8520  loss 4.2430  lr 4.74e-05  0.11 s/step  free 60093 MB
2026-07-06 11:58:40,298 INFO step 8540  loss 4.8761  lr 4.70e-05  0.12 s/step  free 60093 MB
2026-07-06 11:58:43,087 INFO step 8560  loss 3.4589  lr 4.66e-05  0.12 s/step  free 60093 MB
2026-07-06 11:58:45,800 INFO step 8580  loss 4.1258  lr 4.62e-05  0.11 s/step  free 60093 MB
2026-07-06 11:58:48,536 INFO step 8600  loss 4.3876  lr 4.58e-05  0.13 s/step  free 60093 MB
2026-07-06 11:58:51,179 INFO step 8620  loss 5.1103  lr 4.54e-05  0.11 s/step  free 60093 MB
2026-07-06 11:58:53,856 INFO step 8640  loss 4.5213  lr 4.50e-05  0.11 s/step  free 60093 MB
2026-07-06 11:58:56,628 INFO step 8660  loss 3.7531  lr 4.46e-05  0.12 s/step  free 60093 MB
2026-07-06 11:58:59,347 INFO step 8680  loss 4.7181  lr 4.42e-05  0.14 s/step  free 60093 MB
2026-07-06 11:59:02,230 INFO step 8700  loss 4.3169  lr 4.38e-05  0.12 s/step  free 60093 MB
2026-07-06 11:59:05,085 INFO step 8720  loss 4.5164  lr 4.34e-05  0.11 s/step  free 60093 MB
2026-07-06 11:59:07,855 INFO step 8740  loss 4.3071  lr 4.31e-05  0.11 s/step  free 60093 MB
2026-07-06 11:59:10,473 INFO step 8760  loss 4.5669  lr 4.27e-05  0.12 s/step  free 60093 MB
2026-07-06 11:59:13,263 INFO step 8780  loss 4.6634  lr 4.23e-05  0.11 s/step  free 60093 MB
2026-07-06 11:59:15,994 INFO step 8800  loss 4.0564  lr 4.19e-05  0.12 s/step  free 60093 MB
2026-07-06 11:59:18,646 INFO step 8820  loss 4.6619  lr 4.16e-05  0.12 s/step  free 60093 MB
2026-07-06 11:59:21,411 INFO step 8840  loss 4.3087  lr 4.12e-05  0.11 s/step  free 60093 MB
2026-07-06 11:59:24,087 INFO step 8860  loss 4.6156  lr 4.08e-05  0.11 s/step  free 60093 MB
2026-07-06 11:59:26,767 INFO step 8880  loss 4.0362  lr 4.04e-05  0.12 s/step  free 60093 MB
2026-07-06 11:59:29,392 INFO step 8900  loss 4.7404  lr 4.01e-05  0.11 s/step  free 60093 MB
2026-07-06 11:59:32,198 INFO step 8920  loss 4.3092  lr 3.97e-05  0.12 s/step  free 60093 MB
2026-07-06 11:59:34,926 INFO step 8940  loss 3.4222  lr 3.93e-05  0.13 s/step  free 60093 MB
2026-07-06 11:59:37,685 INFO step 8960  loss 4.3158  lr 3.90e-05  0.11 s/step  free 60093 MB
2026-07-06 11:59:40,422 INFO step 8980  loss 4.1051  lr 3.86e-05  0.11 s/step  free 60093 MB
2026-07-06 11:59:43,206 INFO step 9000  loss 3.8643  lr 3.83e-05  0.11 s/step  free 60093 MB
2026-07-06 11:59:44,019 INFO Saved step9000.pt (resumable)
Setting `pad_token_id` to `eos_token_id`:151645 for open-end generation.
Setting `pad_token_id` to `eos_token_id`:151645 for open-end generation.
Setting `pad_token_id` to `eos_token_id`:151645 for open-end generation.
Setting `pad_token_id` to `eos_token_id`:151645 for open-end generation.
Setting `pad_token_id` to `eos_token_id`:151645 for open-end generation.
Setting `pad_token_id` to `eos_token_id`:151645 for open-end generation.
Setting `pad_token_id` to `eos_token_id`:151645 for open-end generation.
Setting `pad_token_id` to `eos_token_id`:151645 for open-end generation.
Setting `pad_token_id` to `eos_token_id`:151645 for open-end generation.
Setting `pad_token_id` to `eos_token_id`:151645 for open-end generation.
Setting `pad_token_id` to `eos_token_id`:151645 for open-end generation.
Setting `pad_token_id` to `eos_token_id`:151645 for open-end generation.
Setting `pad_token_id` to `eos_token_id`:151645 for open-end generation.
Setting `pad_token_id` to `eos_token_id`:151645 for open-end generation.
Setting `pad_token_id` to `eos_token_id`:151645 for open-end generation.
Setting `pad_token_id` to `eos_token_id`:151645 for open-end generation.
Setting `pad_token_id` to `eos_token_id`:151645 for open-end generation.
Setting `pad_token_id` to `eos_token_id`:151645 for open-end generation.
Setting `pad_token_id` to `eos_token_id`:151645 for open-end generation.
Setting `pad_token_id` to `eos_token_id`:151645 for open-end generation.
Setting `pad_token_id` to `eos_token_id`:151645 for open-end generation.
Setting `pad_token_id` to `eos_token_id`:151645 for open-end generation.
Setting `pad_token_id` to `eos_token_id`:151645 for open-end generation.
Setting `pad_token_id` to `eos_token_id`:151645 for open-end generation.
Setting `pad_token_id` to `eos_token_id`:151645 for open-end generation.
Setting `pad_token_id` to `eos_token_id`:151645 for open-end generation.
Setting `pad_token_id` to `eos_token_id`:151645 for open-end generation.
Setting `pad_token_id` to `eos_token_id`:151645 for open-end generation.
Setting `pad_token_id` to `eos_token_id`:151645 for open-end generation.
Setting `pad_token_id` to `eos_token_id`:151645 for open-end generation.
Setting `pad_token_id` to `eos_token_id`:151645 for open-end generation.
Setting `pad_token_id` to `eos_token_id`:151645 for open-end generation.
Setting `pad_token_id` to `eos_token_id`:151645 for open-end generation.
Setting `pad_token_id` to `eos_token_id`:151645 for open-end generation.
Setting `pad_token_id` to `eos_token_id`:151645 for open-end generation.
Setting `pad_token_id` to `eos_token_id`:151645 for open-end generation.
Setting `pad_token_id` to `eos_token_id`:151645 for open-end generation.
Setting `pad_token_id` to `eos_token_id`:151645 for open-end generation.
Setting `pad_token_id` to `eos_token_id`:151645 for open-end generation.
Setting `pad_token_id` to `eos_token_id`:151645 for open-end generation.
Setting `pad_token_id` to `eos_token_id`:151645 for open-end generation.
Setting `pad_token_id` to `eos_token_id`:151645 for open-end generation.
Setting `pad_token_id` to `eos_token_id`:151645 for open-end generation.
Setting `pad_token_id` to `eos_token_id`:151645 for open-end generation.
Setting `pad_token_id` to `eos_token_id`:151645 for open-end generation.
Setting `pad_token_id` to `eos_token_id`:151645 for open-end generation.
Setting `pad_token_id` to `eos_token_id`:151645 for open-end generation.
Setting `pad_token_id` to `eos_token_id`:151645 for open-end generation.
Setting `pad_token_id` to `eos_token_id`:151645 for open-end generation.
Setting `pad_token_id` to `eos_token_id`:151645 for open-end generation.
Setting `pad_token_id` to `eos_token_id`:151645 for open-end generation.
Setting `pad_token_id` to `eos_token_id`:151645 for open-end generation.
Setting `pad_token_id` to `eos_token_id`:151645 for open-end generation.
Setting `pad_token_id` to `eos_token_id`:151645 for open-end generation.
Setting `pad_token_id` to `eos_token_id`:151645 for open-end generation.
Setting `pad_token_id` to `eos_token_id`:151645 for open-end generation.
Setting `pad_token_id` to `eos_token_id`:151645 for open-end generation.
Setting `pad_token_id` to `eos_token_id`:151645 for open-end generation.
Setting `pad_token_id` to `eos_token_id`:151645 for open-end generation.
Setting `pad_token_id` to `eos_token_id`:151645 for open-end generation.
Setting `pad_token_id` to `eos_token_id`:151645 for open-end generation.
Setting `pad_token_id` to `eos_token_id`:151645 for open-end generation.
Setting `pad_token_id` to `eos_token_id`:151645 for open-end generation.
Setting `pad_token_id` to `eos_token_id`:151645 for open-end generation.
Setting `pad_token_id` to `eos_token_id`:151645 for open-end generation.
Setting `pad_token_id` to `eos_token_id`:151645 for open-end generation.
Setting `pad_token_id` to `eos_token_id`:151645 for open-end generation.
Setting `pad_token_id` to `eos_token_id`:151645 for open-end generation.
Setting `pad_token_id` to `eos_token_id`:151645 for open-end generation.
Setting `pad_token_id` to `eos_token_id`:151645 for open-end generation.
Setting `pad_token_id` to `eos_token_id`:151645 for open-end generation.
Setting `pad_token_id` to `eos_token_id`:151645 for open-end generation.
Setting `pad_token_id` to `eos_token_id`:151645 for open-end generation.
Setting `pad_token_id` to `eos_token_id`:151645 for open-end generation.
Setting `pad_token_id` to `eos_token_id`:151645 for open-end generation.
Setting `pad_token_id` to `eos_token_id`:151645 for open-end generation.
Setting `pad_token_id` to `eos_token_id`:151645 for open-end generation.
Setting `pad_token_id` to `eos_token_id`:151645 for open-end generation.
Setting `pad_token_id` to `eos_token_id`:151645 for open-end generation.
Setting `pad_token_id` to `eos_token_id`:151645 for open-end generation.
Setting `pad_token_id` to `eos_token_id`:151645 for open-end generation.
Setting `pad_token_id` to `eos_token_id`:151645 for open-end generation.
Setting `pad_token_id` to `eos_token_id`:151645 for open-end generation.
Setting `pad_token_id` to `eos_token_id`:151645 for open-end generation.
Setting `pad_token_id` to `eos_token_id`:151645 for open-end generation.
Setting `pad_token_id` to `eos_token_id`:151645 for open-end generation.
Setting `pad_token_id` to `eos_token_id`:151645 for open-end generation.
Setting `pad_token_id` to `eos_token_id`:151645 for open-end generation.
Setting `pad_token_id` to `eos_token_id`:151645 for open-end generation.
Setting `pad_token_id` to `eos_token_id`:151645 for open-end generation.
Setting `pad_token_id` to `eos_token_id`:151645 for open-end generation.
Setting `pad_token_id` to `eos_token_id`:151645 for open-end generation.
Setting `pad_token_id` to `eos_token_id`:151645 for open-end generation.
Setting `pad_token_id` to `eos_token_id`:151645 for open-end generation.
Setting `pad_token_id` to `eos_token_id`:151645 for open-end generation.
Setting `pad_token_id` to `eos_token_id`:151645 for open-end generation.
Setting `pad_token_id` to `eos_token_id`:151645 for open-end generation.
Setting `pad_token_id` to `eos_token_id`:151645 for open-end generation.
Setting `pad_token_id` to `eos_token_id`:151645 for open-end generation.
Setting `pad_token_id` to `eos_token_id`:151645 for open-end generation.
Setting `pad_token_id` to `eos_token_id`:151645 for open-end generation.
Setting `pad_token_id` to `eos_token_id`:151645 for open-end generation.
Setting `pad_token_id` to `eos_token_id`:151645 for open-end generation.
Setting `pad_token_id` to `eos_token_id`:151645 for open-end generation.
Setting `pad_token_id` to `eos_token_id`:151645 for open-end generation.
Setting `pad_token_id` to `eos_token_id`:151645 for open-end generation.
Setting `pad_token_id` to `eos_token_id`:151645 for open-end generation.
Setting `pad_token_id` to `eos_token_id`:151645 for open-end generation.
Setting `pad_token_id` to `eos_token_id`:151645 for open-end generation.
Setting `pad_token_id` to `eos_token_id`:151645 for open-end generation.
Setting `pad_token_id` to `eos_token_id`:151645 for open-end generation.
Setting `pad_token_id` to `eos_token_id`:151645 for open-end generation.
Setting `pad_token_id` to `eos_token_id`:151645 for open-end generation.
Setting `pad_token_id` to `eos_token_id`:151645 for open-end generation.
Setting `pad_token_id` to `eos_token_id`:151645 for open-end generation.
Setting `pad_token_id` to `eos_token_id`:151645 for open-end generation.
Setting `pad_token_id` to `eos_token_id`:151645 for open-end generation.
Setting `pad_token_id` to `eos_token_id`:151645 for open-end generation.
Setting `pad_token_id` to `eos_token_id`:151645 for open-end generation.
Setting `pad_token_id` to `eos_token_id`:151645 for open-end generation.
Setting `pad_token_id` to `eos_token_id`:151645 for open-end generation.
Setting `pad_token_id` to `eos_token_id`:151645 for open-end generation.
Setting `pad_token_id` to `eos_token_id`:151645 for open-end generation.
Setting `pad_token_id` to `eos_token_id`:151645 for open-end generation.
Setting `pad_token_id` to `eos_token_id`:151645 for open-end generation.
Setting `pad_token_id` to `eos_token_id`:151645 for open-end generation.
Setting `pad_token_id` to `eos_token_id`:151645 for open-end generation.
Setting `pad_token_id` to `eos_token_id`:151645 for open-end generation.
2026-07-06 12:00:29,352 INFO EVAL step  9000  asr_plain=1.00 bias_nat_distractor=1.00 bias_nat_relevant=1.00 complete_nosil=1.00 digit_fire=1.00 digit_hold=1.00 digit_nosil=1.00 lead_sil=1.00 long_sil=1.00 pair_fire=0.75 pair_hold=1.00 silence_only=1.00 single_sil=1.00 spell_email=1.00 spell_name=1.00 truncated=1.00  score=0.984 (45.3s)
2026-07-06 12:00:32,494 INFO step 9020  loss 4.5890  lr 3.79e-05  0.15 s/step  free 60093 MB
2026-07-06 12:00:35,287 INFO step 9040  loss 4.4124  lr 3.76e-05  0.13 s/step  free 60093 MB
2026-07-06 12:00:38,036 INFO step 9060  loss 4.5456  lr 3.72e-05  0.12 s/step  free 60093 MB
2026-07-06 12:00:40,868 INFO step 9080  loss 3.0289  lr 3.69e-05  0.11 s/step  free 60093 MB
2026-07-06 12:00:43,619 INFO step 9100  loss 4.2645  lr 3.65e-05  0.12 s/step  free 60093 MB
2026-07-06 12:00:46,454 INFO step 9120  loss 4.7832  lr 3.62e-05  0.11 s/step  free 60093 MB
2026-07-06 12:00:49,140 INFO step 9140  loss 4.9596  lr 3.58e-05  0.11 s/step  free 60093 MB
2026-07-06 12:00:51,798 INFO step 9160  loss 4.0320  lr 3.55e-05  0.11 s/step  free 60093 MB
2026-07-06 12:00:54,416 INFO step 9180  loss 3.7458  lr 3.51e-05  0.11 s/step  free 60093 MB
2026-07-06 12:00:57,084 INFO step 9200  loss 3.7516  lr 3.48e-05  0.11 s/step  free 60093 MB
2026-07-06 12:00:59,701 INFO step 9220  loss 4.2721  lr 3.45e-05  0.11 s/step  free 60093 MB
2026-07-06 12:01:02,361 INFO step 9240  loss 4.4442  lr 3.41e-05  0.12 s/step  free 60093 MB
2026-07-06 12:01:05,072 INFO step 9260  loss 4.2136  lr 3.38e-05  0.12 s/step  free 60093 MB
2026-07-06 12:01:07,740 INFO step 9280  loss 4.4182  lr 3.35e-05  0.13 s/step  free 60093 MB
2026-07-06 12:01:10,485 INFO step 9300  loss 4.2165  lr 3.31e-05  0.11 s/step  free 60093 MB
2026-07-06 12:01:13,153 INFO step 9320  loss 3.9898  lr 3.28e-05  0.11 s/step  free 60093 MB
2026-07-06 12:01:15,890 INFO step 9340  loss 3.5127  lr 3.25e-05  0.11 s/step  free 60093 MB
2026-07-06 12:01:18,585 INFO step 9360  loss 4.4864  lr 3.22e-05  0.12 s/step  free 60093 MB
2026-07-06 12:01:21,362 INFO step 9380  loss 4.4428  lr 3.18e-05  0.11 s/step  free 60093 MB
2026-07-06 12:01:24,028 INFO step 9400  loss 3.9231  lr 3.15e-05  0.11 s/step  free 60093 MB
2026-07-06 12:01:26,811 INFO step 9420  loss 4.7936  lr 3.12e-05  0.11 s/step  free 60093 MB
2026-07-06 12:01:29,520 INFO step 9440  loss 4.0806  lr 3.09e-05  0.11 s/step  free 60093 MB
2026-07-06 12:01:32,214 INFO step 9460  loss 3.1426  lr 3.06e-05  0.11 s/step  free 60093 MB
2026-07-06 12:01:34,861 INFO step 9480  loss 3.7873  lr 3.03e-05  0.11 s/step  free 60093 MB
2026-07-06 12:01:37,555 INFO step 9500  loss 4.7800  lr 3.00e-05  0.11 s/step  free 60093 MB
2026-07-06 12:01:38,372 INFO Saved step9500.pt (resumable)
2026-07-06 12:01:41,065 INFO step 9520  loss 3.9788  lr 2.96e-05  0.11 s/step  free 60093 MB
2026-07-06 12:01:43,833 INFO step 9540  loss 4.4590  lr 2.93e-05  0.11 s/step  free 60093 MB
2026-07-06 12:01:46,505 INFO step 9560  loss 4.1575  lr 2.90e-05  0.11 s/step  free 60093 MB
2026-07-06 12:01:49,206 INFO step 9580  loss 4.7166  lr 2.87e-05  0.11 s/step  free 60093 MB
2026-07-06 12:01:51,892 INFO step 9600  loss 4.4673  lr 2.84e-05  0.12 s/step  free 60093 MB
2026-07-06 12:01:54,585 INFO step 9620  loss 3.7032  lr 2.81e-05  0.11 s/step  free 60093 MB
2026-07-06 12:01:57,224 INFO step 9640  loss 3.3272  lr 2.78e-05  0.11 s/step  free 60093 MB
2026-07-06 12:01:59,930 INFO step 9660  loss 3.7616  lr 2.76e-05  0.12 s/step  free 60093 MB
2026-07-06 12:02:02,691 INFO step 9680  loss 4.1094  lr 2.73e-05  0.11 s/step  free 60093 MB
2026-07-06 12:02:05,362 INFO step 9700  loss 4.7415  lr 2.70e-05  0.11 s/step  free 60093 MB
2026-07-06 12:02:08,085 INFO step 9720  loss 4.7806  lr 2.67e-05  0.11 s/step  free 60093 MB
2026-07-06 12:02:10,728 INFO step 9740  loss 3.5896  lr 2.64e-05  0.12 s/step  free 60093 MB
2026-07-06 12:02:13,429 INFO step 9760  loss 4.6502  lr 2.61e-05  0.12 s/step  free 60093 MB
2026-07-06 12:02:16,135 INFO step 9780  loss 4.3250  lr 2.59e-05  0.11 s/step  free 60093 MB
2026-07-06 12:02:18,776 INFO step 9800  loss 3.1187  lr 2.56e-05  0.11 s/step  free 60093 MB
2026-07-06 12:02:21,647 INFO step 9820  loss 4.4850  lr 2.53e-05  0.13 s/step  free 60093 MB
2026-07-06 12:02:24,429 INFO step 9840  loss 4.2512  lr 2.50e-05  0.11 s/step  free 60093 MB
2026-07-06 12:02:27,161 INFO step 9860  loss 4.7874  lr 2.48e-05  0.12 s/step  free 60093 MB
2026-07-06 12:02:29,901 INFO step 9880  loss 4.2499  lr 2.45e-05  0.13 s/step  free 60093 MB
2026-07-06 12:02:32,602 INFO step 9900  loss 4.6706  lr 2.42e-05  0.11 s/step  free 60093 MB
2026-07-06 12:02:35,230 INFO step 9920  loss 3.9781  lr 2.40e-05  0.11 s/step  free 60093 MB
2026-07-06 12:02:37,831 INFO step 9940  loss 4.7764  lr 2.37e-05  0.11 s/step  free 60093 MB
2026-07-06 12:02:40,504 INFO step 9960  loss 4.7448  lr 2.34e-05  0.11 s/step  free 60093 MB
2026-07-06 12:02:43,206 INFO step 9980  loss 3.5691  lr 2.32e-05  0.12 s/step  free 60093 MB
2026-07-06 12:02:45,898 INFO step 10000  loss 4.2313  lr 2.29e-05  0.12 s/step  free 60093 MB
2026-07-06 12:02:46,724 INFO Saved step10000.pt (resumable)
2026-07-06 12:02:49,447 INFO step 10020  loss 4.5195  lr 2.27e-05  0.11 s/step  free 60093 MB
2026-07-06 12:02:52,217 INFO step 10040  loss 4.8593  lr 2.24e-05  0.11 s/step  free 60093 MB
2026-07-06 12:02:54,983 INFO step 10060  loss 4.8046  lr 2.22e-05  0.11 s/step  free 60093 MB
2026-07-06 12:02:57,684 INFO step 10080  loss 3.5599  lr 2.19e-05  0.11 s/step  free 60093 MB
2026-07-06 12:03:00,456 INFO step 10100  loss 4.9439  lr 2.17e-05  0.12 s/step  free 60093 MB
2026-07-06 12:03:03,231 INFO step 10120  loss 4.7526  lr 2.15e-05  0.12 s/step  free 60093 MB
2026-07-06 12:03:05,855 INFO step 10140  loss 4.5104  lr 2.12e-05  0.11 s/step  free 60093 MB
2026-07-06 12:03:08,466 INFO step 10160  loss 3.6979  lr 2.10e-05  0.11 s/step  free 60093 MB
2026-07-06 12:03:11,250 INFO step 10180  loss 4.5186  lr 2.08e-05  0.12 s/step  free 60093 MB
2026-07-06 12:03:13,904 INFO step 10200  loss 3.5143  lr 2.05e-05  0.11 s/step  free 60093 MB
2026-07-06 12:03:16,567 INFO step 10220  loss 4.0939  lr 2.03e-05  0.11 s/step  free 60093 MB
2026-07-06 12:03:19,300 INFO step 10240  loss 4.0581  lr 2.01e-05  0.11 s/step  free 60093 MB
2026-07-06 12:03:21,963 INFO step 10260  loss 3.9563  lr 1.98e-05  0.12 s/step  free 60093 MB
2026-07-06 12:03:24,682 INFO step 10280  loss 4.2080  lr 1.96e-05  0.11 s/step  free 60093 MB
2026-07-06 12:03:27,378 INFO step 10300  loss 3.5064  lr 1.94e-05  0.12 s/step  free 60093 MB
2026-07-06 12:03:30,082 INFO step 10320  loss 4.3295  lr 1.92e-05  0.14 s/step  free 60093 MB
2026-07-06 12:03:32,868 INFO step 10340  loss 5.1373  lr 1.90e-05  0.11 s/step  free 60093 MB
2026-07-06 12:03:35,632 INFO step 10360  loss 4.1991  lr 1.88e-05  0.12 s/step  free 60093 MB
2026-07-06 12:03:38,287 INFO step 10380  loss 3.3542  lr 1.86e-05  0.11 s/step  free 60093 MB
2026-07-06 12:03:40,945 INFO step 10400  loss 4.6344  lr 1.83e-05  0.11 s/step  free 60093 MB
2026-07-06 12:03:43,604 INFO step 10420  loss 3.2662  lr 1.81e-05  0.12 s/step  free 60093 MB
2026-07-06 12:03:46,347 INFO step 10440  loss 4.7986  lr 1.79e-05  0.13 s/step  free 60093 MB
2026-07-06 12:03:49,042 INFO step 10460  loss 4.1350  lr 1.77e-05  0.11 s/step  free 60093 MB
2026-07-06 12:03:51,761 INFO step 10480  loss 3.3924  lr 1.75e-05  0.12 s/step  free 60093 MB
2026-07-06 12:03:54,453 INFO step 10500  loss 4.3928  lr 1.74e-05  0.11 s/step  free 60093 MB
2026-07-06 12:03:55,273 INFO Saved step10500.pt (resumable)
Setting `pad_token_id` to `eos_token_id`:151645 for open-end generation.
Setting `pad_token_id` to `eos_token_id`:151645 for open-end generation.
Setting `pad_token_id` to `eos_token_id`:151645 for open-end generation.
Setting `pad_token_id` to `eos_token_id`:151645 for open-end generation.
Setting `pad_token_id` to `eos_token_id`:151645 for open-end generation.
Setting `pad_token_id` to `eos_token_id`:151645 for open-end generation.
Setting `pad_token_id` to `eos_token_id`:151645 for open-end generation.
Setting `pad_token_id` to `eos_token_id`:151645 for open-end generation.
Setting `pad_token_id` to `eos_token_id`:151645 for open-end generation.
Setting `pad_token_id` to `eos_token_id`:151645 for open-end generation.
Setting `pad_token_id` to `eos_token_id`:151645 for open-end generation.
Setting `pad_token_id` to `eos_token_id`:151645 for open-end generation.
Setting `pad_token_id` to `eos_token_id`:151645 for open-end generation.
Setting `pad_token_id` to `eos_token_id`:151645 for open-end generation.
Setting `pad_token_id` to `eos_token_id`:151645 for open-end generation.
Setting `pad_token_id` to `eos_token_id`:151645 for open-end generation.
Setting `pad_token_id` to `eos_token_id`:151645 for open-end generation.
Setting `pad_token_id` to `eos_token_id`:151645 for open-end generation.
Setting `pad_token_id` to `eos_token_id`:151645 for open-end generation.
Setting `pad_token_id` to `eos_token_id`:151645 for open-end generation.
Setting `pad_token_id` to `eos_token_id`:151645 for open-end generation.
Setting `pad_token_id` to `eos_token_id`:151645 for open-end generation.
Setting `pad_token_id` to `eos_token_id`:151645 for open-end generation.
Setting `pad_token_id` to `eos_token_id`:151645 for open-end generation.
Setting `pad_token_id` to `eos_token_id`:151645 for open-end generation.
Setting `pad_token_id` to `eos_token_id`:151645 for open-end generation.
Setting `pad_token_id` to `eos_token_id`:151645 for open-end generation.
Setting `pad_token_id` to `eos_token_id`:151645 for open-end generation.
Setting `pad_token_id` to `eos_token_id`:151645 for open-end generation.
Setting `pad_token_id` to `eos_token_id`:151645 for open-end generation.
Setting `pad_token_id` to `eos_token_id`:151645 for open-end generation.
Setting `pad_token_id` to `eos_token_id`:151645 for open-end generation.
Setting `pad_token_id` to `eos_token_id`:151645 for open-end generation.
Setting `pad_token_id` to `eos_token_id`:151645 for open-end generation.
Setting `pad_token_id` to `eos_token_id`:151645 for open-end generation.
Setting `pad_token_id` to `eos_token_id`:151645 for open-end generation.
Setting `pad_token_id` to `eos_token_id`:151645 for open-end generation.
Setting `pad_token_id` to `eos_token_id`:151645 for open-end generation.
Setting `pad_token_id` to `eos_token_id`:151645 for open-end generation.
Setting `pad_token_id` to `eos_token_id`:151645 for open-end generation.
Setting `pad_token_id` to `eos_token_id`:151645 for open-end generation.
Setting `pad_token_id` to `eos_token_id`:151645 for open-end generation.
Setting `pad_token_id` to `eos_token_id`:151645 for open-end generation.
Setting `pad_token_id` to `eos_token_id`:151645 for open-end generation.
Setting `pad_token_id` to `eos_token_id`:151645 for open-end generation.
Setting `pad_token_id` to `eos_token_id`:151645 for open-end generation.
Setting `pad_token_id` to `eos_token_id`:151645 for open-end generation.
Setting `pad_token_id` to `eos_token_id`:151645 for open-end generation.
Setting `pad_token_id` to `eos_token_id`:151645 for open-end generation.
Setting `pad_token_id` to `eos_token_id`:151645 for open-end generation.
Setting `pad_token_id` to `eos_token_id`:151645 for open-end generation.
Setting `pad_token_id` to `eos_token_id`:151645 for open-end generation.
Setting `pad_token_id` to `eos_token_id`:151645 for open-end generation.
Setting `pad_token_id` to `eos_token_id`:151645 for open-end generation.
Setting `pad_token_id` to `eos_token_id`:151645 for open-end generation.
Setting `pad_token_id` to `eos_token_id`:151645 for open-end generation.
Setting `pad_token_id` to `eos_token_id`:151645 for open-end generation.
Setting `pad_token_id` to `eos_token_id`:151645 for open-end generation.
Setting `pad_token_id` to `eos_token_id`:151645 for open-end generation.
Setting `pad_token_id` to `eos_token_id`:151645 for open-end generation.
Setting `pad_token_id` to `eos_token_id`:151645 for open-end generation.
Setting `pad_token_id` to `eos_token_id`:151645 for open-end generation.
Setting `pad_token_id` to `eos_token_id`:151645 for open-end generation.
Setting `pad_token_id` to `eos_token_id`:151645 for open-end generation.
Setting `pad_token_id` to `eos_token_id`:151645 for open-end generation.
Setting `pad_token_id` to `eos_token_id`:151645 for open-end generation.
Setting `pad_token_id` to `eos_token_id`:151645 for open-end generation.
Setting `pad_token_id` to `eos_token_id`:151645 for open-end generation.
Setting `pad_token_id` to `eos_token_id`:151645 for open-end generation.
Setting `pad_token_id` to `eos_token_id`:151645 for open-end generation.
Setting `pad_token_id` to `eos_token_id`:151645 for open-end generation.
Setting `pad_token_id` to `eos_token_id`:151645 for open-end generation.
Setting `pad_token_id` to `eos_token_id`:151645 for open-end generation.
Setting `pad_token_id` to `eos_token_id`:151645 for open-end generation.
Setting `pad_token_id` to `eos_token_id`:151645 for open-end generation.
Setting `pad_token_id` to `eos_token_id`:151645 for open-end generation.
Setting `pad_token_id` to `eos_token_id`:151645 for open-end generation.
Setting `pad_token_id` to `eos_token_id`:151645 for open-end generation.
Setting `pad_token_id` to `eos_token_id`:151645 for open-end generation.
Setting `pad_token_id` to `eos_token_id`:151645 for open-end generation.
Setting `pad_token_id` to `eos_token_id`:151645 for open-end generation.
Setting `pad_token_id` to `eos_token_id`:151645 for open-end generation.
Setting `pad_token_id` to `eos_token_id`:151645 for open-end generation.
Setting `pad_token_id` to `eos_token_id`:151645 for open-end generation.
Setting `pad_token_id` to `eos_token_id`:151645 for open-end generation.
Setting `pad_token_id` to `eos_token_id`:151645 for open-end generation.
Setting `pad_token_id` to `eos_token_id`:151645 for open-end generation.
Setting `pad_token_id` to `eos_token_id`:151645 for open-end generation.
Setting `pad_token_id` to `eos_token_id`:151645 for open-end generation.
Setting `pad_token_id` to `eos_token_id`:151645 for open-end generation.
Setting `pad_token_id` to `eos_token_id`:151645 for open-end generation.
Setting `pad_token_id` to `eos_token_id`:151645 for open-end generation.
Setting `pad_token_id` to `eos_token_id`:151645 for open-end generation.
Setting `pad_token_id` to `eos_token_id`:151645 for open-end generation.
Setting `pad_token_id` to `eos_token_id`:151645 for open-end generation.
Setting `pad_token_id` to `eos_token_id`:151645 for open-end generation.
Setting `pad_token_id` to `eos_token_id`:151645 for open-end generation.
Setting `pad_token_id` to `eos_token_id`:151645 for open-end generation.
Setting `pad_token_id` to `eos_token_id`:151645 for open-end generation.
Setting `pad_token_id` to `eos_token_id`:151645 for open-end generation.
Setting `pad_token_id` to `eos_token_id`:151645 for open-end generation.
Setting `pad_token_id` to `eos_token_id`:151645 for open-end generation.
Setting `pad_token_id` to `eos_token_id`:151645 for open-end generation.
Setting `pad_token_id` to `eos_token_id`:151645 for open-end generation.
Setting `pad_token_id` to `eos_token_id`:151645 for open-end generation.
Setting `pad_token_id` to `eos_token_id`:151645 for open-end generation.
Setting `pad_token_id` to `eos_token_id`:151645 for open-end generation.
Setting `pad_token_id` to `eos_token_id`:151645 for open-end generation.
Setting `pad_token_id` to `eos_token_id`:151645 for open-end generation.
Setting `pad_token_id` to `eos_token_id`:151645 for open-end generation.
Setting `pad_token_id` to `eos_token_id`:151645 for open-end generation.
Setting `pad_token_id` to `eos_token_id`:151645 for open-end generation.
Setting `pad_token_id` to `eos_token_id`:151645 for open-end generation.
Setting `pad_token_id` to `eos_token_id`:151645 for open-end generation.
Setting `pad_token_id` to `eos_token_id`:151645 for open-end generation.
Setting `pad_token_id` to `eos_token_id`:151645 for open-end generation.
Setting `pad_token_id` to `eos_token_id`:151645 for open-end generation.
Setting `pad_token_id` to `eos_token_id`:151645 for open-end generation.
Setting `pad_token_id` to `eos_token_id`:151645 for open-end generation.
Setting `pad_token_id` to `eos_token_id`:151645 for open-end generation.
Setting `pad_token_id` to `eos_token_id`:151645 for open-end generation.
Setting `pad_token_id` to `eos_token_id`:151645 for open-end generation.
Setting `pad_token_id` to `eos_token_id`:151645 for open-end generation.
Setting `pad_token_id` to `eos_token_id`:151645 for open-end generation.
Setting `pad_token_id` to `eos_token_id`:151645 for open-end generation.
Setting `pad_token_id` to `eos_token_id`:151645 for open-end generation.
Setting `pad_token_id` to `eos_token_id`:151645 for open-end generation.
Setting `pad_token_id` to `eos_token_id`:151645 for open-end generation.
2026-07-06 12:04:41,103 INFO EVAL step 10500  asr_plain=1.00 bias_nat_distractor=1.00 bias_nat_relevant=1.00 complete_nosil=1.00 digit_fire=1.00 digit_hold=1.00 digit_nosil=1.00 lead_sil=1.00 long_sil=1.00 pair_fire=1.00 pair_hold=0.88 silence_only=1.00 single_sil=1.00 spell_email=1.00 spell_name=1.00 truncated=1.00  score=0.992 (45.8s)
2026-07-06 12:04:41,813 INFO New best (v9 score 0.992) -> checkpoints/semantic_endpoint_v18_es/best.pt
2026-07-06 12:04:44,483 INFO step 10520  loss 4.0343  lr 1.72e-05  0.15 s/step  free 60093 MB
2026-07-06 12:04:47,230 INFO step 10540  loss 4.2639  lr 1.70e-05  0.13 s/step  free 60093 MB
2026-07-06 12:04:49,961 INFO step 10560  loss 4.2768  lr 1.68e-05  0.11 s/step  free 60093 MB
2026-07-06 12:04:52,786 INFO step 10580  loss 3.3660  lr 1.66e-05  0.13 s/step  free 60093 MB
2026-07-06 12:04:55,532 INFO step 10600  loss 4.2227  lr 1.64e-05  0.11 s/step  free 60093 MB
2026-07-06 12:04:58,221 INFO step 10620  loss 4.4730  lr 1.62e-05  0.11 s/step  free 60093 MB
2026-07-06 12:05:00,905 INFO step 10640  loss 4.9998  lr 1.61e-05  0.12 s/step  free 60093 MB
2026-07-06 12:05:03,593 INFO step 10660  loss 2.9720  lr 1.59e-05  0.12 s/step  free 60093 MB
2026-07-06 12:05:06,195 INFO step 10680  loss 4.1656  lr 1.57e-05  0.11 s/step  free 60093 MB
2026-07-06 12:05:08,830 INFO step 10700  loss 4.1297  lr 1.55e-05  0.13 s/step  free 60093 MB
2026-07-06 12:05:11,459 INFO step 10720  loss 3.6741  lr 1.54e-05  0.11 s/step  free 60093 MB
2026-07-06 12:05:14,152 INFO step 10740  loss 4.3322  lr 1.52e-05  0.13 s/step  free 60093 MB
2026-07-06 12:05:16,901 INFO step 10760  loss 4.8583  lr 1.50e-05  0.13 s/step  free 60093 MB
2026-07-06 12:05:19,698 INFO step 10780  loss 4.2059  lr 1.49e-05  0.11 s/step  free 60093 MB
2026-07-06 12:05:22,341 INFO step 10800  loss 4.9009  lr 1.47e-05  0.11 s/step  free 60093 MB
2026-07-06 12:05:24,981 INFO step 10820  loss 4.4287  lr 1.46e-05  0.11 s/step  free 60093 MB
2026-07-06 12:05:27,703 INFO step 10840  loss 4.3342  lr 1.44e-05  0.11 s/step  free 60093 MB
2026-07-06 12:05:30,334 INFO step 10860  loss 4.1832  lr 1.43e-05  0.11 s/step  free 60093 MB
2026-07-06 12:05:33,116 INFO step 10880  loss 4.3989  lr 1.41e-05  0.11 s/step  free 60093 MB
2026-07-06 12:05:35,842 INFO step 10900  loss 4.7203  lr 1.40e-05  0.14 s/step  free 60093 MB
2026-07-06 12:05:38,571 INFO step 10920  loss 4.0373  lr 1.38e-05  0.11 s/step  free 60093 MB
2026-07-06 12:05:41,293 INFO step 10940  loss 4.0153  lr 1.37e-05  0.11 s/step  free 60093 MB
2026-07-06 12:05:44,139 INFO step 10960  loss 4.1290  lr 1.36e-05  0.13 s/step  free 60093 MB
2026-07-06 12:05:46,820 INFO step 10980  loss 4.1640  lr 1.34e-05  0.11 s/step  free 60093 MB
2026-07-06 12:05:49,528 INFO step 11000  loss 5.0219  lr 1.33e-05  0.11 s/step  free 60093 MB
2026-07-06 12:05:50,345 INFO Saved step11000.pt (resumable)
2026-07-06 12:05:53,145 INFO step 11020  loss 3.7460  lr 1.32e-05  0.13 s/step  free 60093 MB
2026-07-06 12:05:55,782 INFO step 11040  loss 3.9986  lr 1.30e-05  0.11 s/step  free 60093 MB
2026-07-06 12:05:58,443 INFO step 11060  loss 4.4842  lr 1.29e-05  0.11 s/step  free 60093 MB
2026-07-06 12:06:01,157 INFO step 11080  loss 4.7673  lr 1.28e-05  0.11 s/step  free 60093 MB
2026-07-06 12:06:03,923 INFO step 11100  loss 3.8830  lr 1.27e-05  0.11 s/step  free 60093 MB
2026-07-06 12:06:06,605 INFO step 11120  loss 3.9363  lr 1.26e-05  0.11 s/step  free 60093 MB
2026-07-06 12:06:09,322 INFO step 11140  loss 3.9931  lr 1.24e-05  0.12 s/step  free 60093 MB
2026-07-06 12:06:11,944 INFO step 11160  loss 3.9745  lr 1.23e-05  0.11 s/step  free 60093 MB
2026-07-06 12:06:14,599 INFO step 11180  loss 4.5855  lr 1.22e-05  0.12 s/step  free 60093 MB
2026-07-06 12:06:17,321 INFO step 11200  loss 4.5064  lr 1.21e-05  0.11 s/step  free 60093 MB
2026-07-06 12:06:20,036 INFO step 11220  loss 4.9009  lr 1.20e-05  0.11 s/step  free 60093 MB
2026-07-06 12:06:22,736 INFO step 11240  loss 4.1439  lr 1.19e-05  0.11 s/step  free 60093 MB
2026-07-06 12:06:25,459 INFO step 11260  loss 4.6532  lr 1.18e-05  0.11 s/step  free 60093 MB
2026-07-06 12:06:28,151 INFO step 11280  loss 4.3055  lr 1.17e-05  0.11 s/step  free 60093 MB
2026-07-06 12:06:30,849 INFO step 11300  loss 4.3608  lr 1.16e-05  0.11 s/step  free 60093 MB
2026-07-06 12:06:33,579 INFO step 11320  loss 4.2735  lr 1.15e-05  0.11 s/step  free 60093 MB
2026-07-06 12:06:36,333 INFO step 11340  loss 3.4233  lr 1.14e-05  0.11 s/step  free 60093 MB
2026-07-06 12:06:39,043 INFO step 11360  loss 4.2028  lr 1.14e-05  0.11 s/step  free 60093 MB
2026-07-06 12:06:41,802 INFO step 11380  loss 3.8638  lr 1.13e-05  0.11 s/step  free 60093 MB
2026-07-06 12:06:44,411 INFO step 11400  loss 3.6735  lr 1.12e-05  0.11 s/step  free 60093 MB
2026-07-06 12:06:47,163 INFO step 11420  loss 4.1867  lr 1.11e-05  0.11 s/step  free 60093 MB
2026-07-06 12:06:49,917 INFO step 11440  loss 3.2885  lr 1.10e-05  0.12 s/step  free 60093 MB
2026-07-06 12:06:52,659 INFO step 11460  loss 4.0575  lr 1.10e-05  0.12 s/step  free 60093 MB
2026-07-06 12:06:55,378 INFO step 11480  loss 4.0321  lr 1.09e-05  0.12 s/step  free 60093 MB
2026-07-06 12:06:58,178 INFO step 11500  loss 3.8586  lr 1.08e-05  0.14 s/step  free 60093 MB
2026-07-06 12:06:59,269 INFO Saved step11500.pt (resumable)
2026-07-06 12:07:02,001 INFO step 11520  loss 4.6662  lr 1.08e-05  0.12 s/step  free 60093 MB
2026-07-06 12:07:04,742 INFO step 11540  loss 4.6678  lr 1.07e-05  0.13 s/step  free 60093 MB
2026-07-06 12:07:07,452 INFO step 11560  loss 3.7923  lr 1.06e-05  0.12 s/step  free 60093 MB
2026-07-06 12:07:10,217 INFO step 11580  loss 4.4993  lr 1.06e-05  0.11 s/step  free 60093 MB
2026-07-06 12:07:13,012 INFO step 11600  loss 4.0690  lr 1.05e-05  0.13 s/step  free 60093 MB
2026-07-06 12:07:15,703 INFO step 11620  loss 4.5730  lr 1.05e-05  0.12 s/step  free 60093 MB
2026-07-06 12:07:18,494 INFO step 11640  loss 2.6335  lr 1.04e-05  0.11 s/step  free 60093 MB
2026-07-06 12:07:21,220 INFO step 11660  loss 3.2535  lr 1.04e-05  0.13 s/step  free 60093 MB
2026-07-06 12:07:23,875 INFO step 11680  loss 5.0442  lr 1.03e-05  0.12 s/step  free 60093 MB
2026-07-06 12:07:26,692 INFO step 11700  loss 4.3154  lr 1.03e-05  0.14 s/step  free 60093 MB
2026-07-06 12:07:29,492 INFO step 11720  loss 3.8215  lr 1.03e-05  0.12 s/step  free 60093 MB
2026-07-06 12:07:32,334 INFO step 11740  loss 4.3281  lr 1.02e-05  0.13 s/step  free 60093 MB
2026-07-06 12:07:34,973 INFO step 11760  loss 4.0388  lr 1.02e-05  0.11 s/step  free 60093 MB
2026-07-06 12:07:37,632 INFO step 11780  loss 4.9988  lr 1.02e-05  0.12 s/step  free 60093 MB
2026-07-06 12:07:40,407 INFO step 11800  loss 3.7924  lr 1.01e-05  0.12 s/step  free 60093 MB
2026-07-06 12:07:43,065 INFO step 11820  loss 3.9413  lr 1.01e-05  0.11 s/step  free 60093 MB
2026-07-06 12:07:45,700 INFO step 11840  loss 4.4986  lr 1.01e-05  0.11 s/step  free 60093 MB
2026-07-06 12:07:48,414 INFO step 11860  loss 4.6914  lr 1.01e-05  0.13 s/step  free 60093 MB
2026-07-06 12:07:51,234 INFO step 11880  loss 4.5171  lr 1.00e-05  0.11 s/step  free 60093 MB
2026-07-06 12:07:53,965 INFO step 11900  loss 4.8204  lr 1.00e-05  0.13 s/step  free 60093 MB
2026-07-06 12:07:56,651 INFO step 11920  loss 4.4149  lr 1.00e-05  0.11 s/step  free 60093 MB
2026-07-06 12:07:59,279 INFO step 11940  loss 4.2845  lr 1.00e-05  0.11 s/step  free 60093 MB
2026-07-06 12:08:02,049 INFO step 11960  loss 4.3308  lr 1.00e-05  0.13 s/step  free 60093 MB
2026-07-06 12:08:04,790 INFO step 11980  loss 4.6972  lr 1.00e-05  0.11 s/step  free 60093 MB
2026-07-06 12:08:07,327 INFO Wrote eval log to checkpoints/semantic_endpoint_v18_es/eval_log.json (best score 0.992)
2026-07-06 12:08:07,590 INFO Saved final checkpoints/semantic_endpoint_v18_es/step12000.pt
