2026-07-06 13:36:51,256 INFO Loading data data/semantic_endpoint_v18/data.pt…
2026-07-06 13:37:19,557 INFO Loaded 17301 examples (filtered to ≤ 12 s audio)
2026-07-06 13:37:19,642 INFO Reserved 128 holdout examples {'silence_only': 8, 'single_sil': 8, 'asr_plain': 8, 'complete_nosil': 8, 'digit_fire': 8, 'bias_nat_relevant': 8, 'truncated': 8, 'pair_fire': 8, 'pair_hold': 8, 'spell_email': 8, 'spell_name': 8, 'digit_hold': 8, 'digit_nosil': 8, 'lead_sil': 8, 'bias_nat_distractor': 8, 'long_sil': 8}; train set now 17173
2026-07-06 13:37:19,642 INFO Loading Qwen3-ASR-0.6B base…
The following generation flags are not valid and may be ignored: ['temperature']. Set `TRANSFORMERS_VERBOSITY=info` for more details.
2026-07-06 13:37:25,533 INFO Tokenizer extended: vocab=151707, eager=151705, end=151706 (new rows initialized)
2026-07-06 13:37:25,682 INFO Trainable 164.76 M / Total 791.60 M
2026-07-06 13:37:25,683 INFO AdamW: 224 decay(+LoRA) / 1 no-decay params
2026-07-06 13:37:25,683 INFO --resume set but no step*.pt found; starting fresh
2026-07-06 13:37:26,184 INFO step    0  loss 14.0909  lr 2.00e-06  0.43 s/step  free 94241 MB
2026-07-06 13:37:29,315 INFO step   20  loss 7.1966  lr 4.20e-05  0.13 s/step  free 78504 MB
2026-07-06 13:37:32,573 INFO step   40  loss 4.4903  lr 8.20e-05  0.13 s/step  free 78504 MB
2026-07-06 13:37:35,448 INFO step   60  loss 4.7582  lr 1.22e-04  0.14 s/step  free 78504 MB
2026-07-06 13:37:38,093 INFO step   80  loss 4.8893  lr 1.62e-04  0.11 s/step  free 71294 MB
2026-07-06 13:37:41,088 INFO step  100  loss 4.4334  lr 2.00e-04  0.12 s/step  free 71294 MB
2026-07-06 13:37:43,961 INFO step  120  loss 4.8872  lr 2.00e-04  0.13 s/step  free 67658 MB
2026-07-06 13:37:46,865 INFO step  140  loss 3.9937  lr 2.00e-04  0.11 s/step  free 67658 MB
2026-07-06 13:37:49,624 INFO step  160  loss 3.8296  lr 2.00e-04  0.11 s/step  free 67658 MB
2026-07-06 13:37:52,518 INFO step  180  loss 4.5591  lr 2.00e-04  0.15 s/step  free 67658 MB
2026-07-06 13:37:55,313 INFO step  200  loss 4.1826  lr 2.00e-04  0.11 s/step  free 67658 MB
2026-07-06 13:37:58,150 INFO step  220  loss 3.7758  lr 2.00e-04  0.16 s/step  free 67658 MB
2026-07-06 13:38:02,128 INFO step  240  loss 4.6080  lr 2.00e-04  0.14 s/step  free 67658 MB
2026-07-06 13:38:06,639 INFO step  260  loss 4.8881  lr 2.00e-04  0.18 s/step  free 67658 MB
2026-07-06 13:38:10,239 INFO step  280  loss 4.2787  lr 2.00e-04  0.11 s/step  free 60095 MB
2026-07-06 13:38:13,367 INFO step  300  loss 4.1866  lr 2.00e-04  0.12 s/step  free 60095 MB
2026-07-06 13:38:16,554 INFO step  320  loss 4.4813  lr 2.00e-04  0.17 s/step  free 55776 MB
2026-07-06 13:38:19,917 INFO step  340  loss 4.8863  lr 2.00e-04  0.15 s/step  free 55759 MB
2026-07-06 13:38:23,199 INFO step  360  loss 4.1443  lr 2.00e-04  0.14 s/step  free 55753 MB
2026-07-06 13:38:26,556 INFO step  380  loss 4.4971  lr 2.00e-04  0.13 s/step  free 55753 MB
2026-07-06 13:38:29,876 INFO step  400  loss 4.1303  lr 2.00e-04  0.13 s/step  free 55753 MB
2026-07-06 13:38:33,237 INFO step  420  loss 4.0286  lr 2.00e-04  0.13 s/step  free 55746 MB
2026-07-06 13:38:36,733 INFO step  440  loss 4.3270  lr 2.00e-04  0.15 s/step  free 55746 MB
2026-07-06 13:38:40,091 INFO step  460  loss 4.6660  lr 2.00e-04  0.13 s/step  free 55746 MB
2026-07-06 13:38:43,508 INFO step  480  loss 4.8185  lr 2.00e-04  0.14 s/step  free 55746 MB
2026-07-06 13:38:46,926 INFO step  500  loss 4.2617  lr 1.99e-04  0.14 s/step  free 55740 MB
2026-07-06 13:38:47,662 INFO Saved step500.pt (resumable)
2026-07-06 13:38:51,072 INFO step  520  loss 3.7986  lr 1.99e-04  0.16 s/step  free 55740 MB
2026-07-06 13:38:54,464 INFO step  540  loss 4.6050  lr 1.99e-04  0.12 s/step  free 55740 MB
2026-07-06 13:38:57,830 INFO step  560  loss 4.3767  lr 1.99e-04  0.14 s/step  free 55738 MB
2026-07-06 13:39:01,159 INFO step  580  loss 4.6085  lr 1.99e-04  0.13 s/step  free 55738 MB
2026-07-06 13:39:04,602 INFO step  600  loss 4.4352  lr 1.99e-04  0.13 s/step  free 55738 MB
2026-07-06 13:39:07,988 INFO step  620  loss 4.2133  lr 1.99e-04  0.14 s/step  free 55696 MB
2026-07-06 13:39:11,292 INFO step  640  loss 3.8129  lr 1.99e-04  0.14 s/step  free 55696 MB
2026-07-06 13:39:14,569 INFO step  660  loss 4.4109  lr 1.99e-04  0.16 s/step  free 55696 MB
2026-07-06 13:39:17,832 INFO step  680  loss 4.4273  lr 1.99e-04  0.17 s/step  free 55696 MB
2026-07-06 13:39:21,150 INFO step  700  loss 3.8109  lr 1.99e-04  0.16 s/step  free 55696 MB
2026-07-06 13:39:24,568 INFO step  720  loss 3.6893  lr 1.99e-04  0.13 s/step  free 55696 MB
2026-07-06 13:39:27,952 INFO step  740  loss 4.6186  lr 1.99e-04  0.14 s/step  free 55696 MB
2026-07-06 13:39:31,478 INFO step  760  loss 4.2486  lr 1.99e-04  0.16 s/step  free 55696 MB
2026-07-06 13:39:35,049 INFO step  780  loss 4.2070  lr 1.98e-04  0.14 s/step  free 55696 MB
2026-07-06 13:39:38,420 INFO step  800  loss 4.0896  lr 1.98e-04  0.13 s/step  free 55696 MB
2026-07-06 13:39:41,888 INFO step  820  loss 4.2215  lr 1.98e-04  0.15 s/step  free 55696 MB
2026-07-06 13:39:45,151 INFO step  840  loss 4.6997  lr 1.98e-04  0.15 s/step  free 55696 MB
2026-07-06 13:39:48,497 INFO step  860  loss 4.3530  lr 1.98e-04  0.14 s/step  free 55696 MB
2026-07-06 13:39:51,856 INFO step  880  loss 4.5146  lr 1.98e-04  0.13 s/step  free 55696 MB
2026-07-06 13:39:55,164 INFO step  900  loss 4.5270  lr 1.98e-04  0.13 s/step  free 55696 MB
2026-07-06 13:39:58,472 INFO step  920  loss 4.5576  lr 1.98e-04  0.15 s/step  free 55696 MB
2026-07-06 13:40:01,923 INFO step  940  loss 3.9974  lr 1.98e-04  0.15 s/step  free 55696 MB
2026-07-06 13:40:05,288 INFO step  960  loss 3.7474  lr 1.98e-04  0.13 s/step  free 55696 MB
2026-07-06 13:40:08,669 INFO step  980  loss 4.5119  lr 1.97e-04  0.14 s/step  free 55696 MB
2026-07-06 13:40:11,978 INFO step 1000  loss 3.1984  lr 1.97e-04  0.15 s/step  free 55696 MB
2026-07-06 13:40:12,723 INFO Saved step1000.pt (resumable)
2026-07-06 13:40:16,004 INFO step 1020  loss 4.6440  lr 1.97e-04  0.15 s/step  free 55696 MB
2026-07-06 13:40:19,356 INFO step 1040  loss 4.6938  lr 1.97e-04  0.14 s/step  free 55696 MB
2026-07-06 13:40:22,706 INFO step 1060  loss 4.5387  lr 1.97e-04  0.18 s/step  free 55048 MB
2026-07-06 13:40:26,084 INFO step 1080  loss 4.9072  lr 1.97e-04  0.13 s/step  free 54371 MB
2026-07-06 13:40:29,692 INFO step 1100  loss 4.8941  lr 1.97e-04  0.17 s/step  free 47851 MB
2026-07-06 13:40:32,977 INFO step 1120  loss 4.6550  lr 1.97e-04  0.14 s/step  free 47851 MB
2026-07-06 13:40:36,298 INFO step 1140  loss 4.3448  lr 1.96e-04  0.14 s/step  free 47851 MB
2026-07-06 13:40:39,623 INFO step 1160  loss 4.9782  lr 1.96e-04  0.18 s/step  free 47851 MB
2026-07-06 13:40:42,999 INFO step 1180  loss 4.3351  lr 1.96e-04  0.18 s/step  free 47851 MB
2026-07-06 13:40:46,260 INFO step 1200  loss 4.6460  lr 1.96e-04  0.14 s/step  free 47851 MB
2026-07-06 13:40:49,600 INFO step 1220  loss 4.5775  lr 1.96e-04  0.16 s/step  free 47851 MB
2026-07-06 13:40:52,988 INFO step 1240  loss 4.0580  lr 1.96e-04  0.13 s/step  free 47851 MB
2026-07-06 13:40:56,190 INFO step 1260  loss 2.6898  lr 1.96e-04  0.13 s/step  free 47851 MB
2026-07-06 13:40:59,615 INFO step 1280  loss 4.5106  lr 1.95e-04  0.13 s/step  free 47851 MB
2026-07-06 13:41:02,998 INFO step 1300  loss 4.1369  lr 1.95e-04  0.15 s/step  free 47851 MB
2026-07-06 13:41:06,421 INFO step 1320  loss 4.2420  lr 1.95e-04  0.14 s/step  free 47851 MB
2026-07-06 13:41:09,701 INFO step 1340  loss 3.9247  lr 1.95e-04  0.13 s/step  free 47851 MB
2026-07-06 13:41:13,148 INFO step 1360  loss 3.7527  lr 1.95e-04  0.15 s/step  free 47851 MB
2026-07-06 13:41:16,450 INFO step 1380  loss 4.3852  lr 1.95e-04  0.15 s/step  free 47851 MB
2026-07-06 13:41:19,754 INFO step 1400  loss 4.2806  lr 1.94e-04  0.12 s/step  free 47851 MB
2026-07-06 13:41:23,075 INFO step 1420  loss 4.4715  lr 1.94e-04  0.15 s/step  free 47851 MB
2026-07-06 13:41:26,543 INFO step 1440  loss 3.9414  lr 1.94e-04  0.13 s/step  free 47851 MB
2026-07-06 13:41:29,987 INFO step 1460  loss 3.8378  lr 1.94e-04  0.13 s/step  free 47851 MB
2026-07-06 13:41:33,288 INFO step 1480  loss 3.2051  lr 1.94e-04  0.13 s/step  free 47851 MB
2026-07-06 13:41:36,636 INFO step 1500  loss 4.6410  lr 1.94e-04  0.14 s/step  free 47851 MB
2026-07-06 13:41:37,449 INFO Saved step1500.pt (resumable)
Setting `pad_token_id` to `eos_token_id`:151645 for open-end generation.
Setting `pad_token_id` to `eos_token_id`:151645 for open-end generation.
Setting `pad_token_id` to `eos_token_id`:151645 for open-end generation.
Setting `pad_token_id` to `eos_token_id`:151645 for open-end generation.
Setting `pad_token_id` to `eos_token_id`:151645 for open-end generation.
Setting `pad_token_id` to `eos_token_id`:151645 for open-end generation.
Setting `pad_token_id` to `eos_token_id`:151645 for open-end generation.
Setting `pad_token_id` to `eos_token_id`:151645 for open-end generation.
Setting `pad_token_id` to `eos_token_id`:151645 for open-end generation.
Setting `pad_token_id` to `eos_token_id`:151645 for open-end generation.
Setting `pad_token_id` to `eos_token_id`:151645 for open-end generation.
Setting `pad_token_id` to `eos_token_id`:151645 for open-end generation.
Setting `pad_token_id` to `eos_token_id`:151645 for open-end generation.
Setting `pad_token_id` to `eos_token_id`:151645 for open-end generation.
Setting `pad_token_id` to `eos_token_id`:151645 for open-end generation.
Setting `pad_token_id` to `eos_token_id`:151645 for open-end generation.
Setting `pad_token_id` to `eos_token_id`:151645 for open-end generation.
Setting `pad_token_id` to `eos_token_id`:151645 for open-end generation.
Setting `pad_token_id` to `eos_token_id`:151645 for open-end generation.
Setting `pad_token_id` to `eos_token_id`:151645 for open-end generation.
Setting `pad_token_id` to `eos_token_id`:151645 for open-end generation.
Setting `pad_token_id` to `eos_token_id`:151645 for open-end generation.
Setting `pad_token_id` to `eos_token_id`:151645 for open-end generation.
Setting `pad_token_id` to `eos_token_id`:151645 for open-end generation.
Setting `pad_token_id` to `eos_token_id`:151645 for open-end generation.
Setting `pad_token_id` to `eos_token_id`:151645 for open-end generation.
Setting `pad_token_id` to `eos_token_id`:151645 for open-end generation.
Setting `pad_token_id` to `eos_token_id`:151645 for open-end generation.
Setting `pad_token_id` to `eos_token_id`:151645 for open-end generation.
Setting `pad_token_id` to `eos_token_id`:151645 for open-end generation.
Setting `pad_token_id` to `eos_token_id`:151645 for open-end generation.
Setting `pad_token_id` to `eos_token_id`:151645 for open-end generation.
Setting `pad_token_id` to `eos_token_id`:151645 for open-end generation.
Setting `pad_token_id` to `eos_token_id`:151645 for open-end generation.
Setting `pad_token_id` to `eos_token_id`:151645 for open-end generation.
Setting `pad_token_id` to `eos_token_id`:151645 for open-end generation.
Setting `pad_token_id` to `eos_token_id`:151645 for open-end generation.
Setting `pad_token_id` to `eos_token_id`:151645 for open-end generation.
Setting `pad_token_id` to `eos_token_id`:151645 for open-end generation.
Setting `pad_token_id` to `eos_token_id`:151645 for open-end generation.
Setting `pad_token_id` to `eos_token_id`:151645 for open-end generation.
Setting `pad_token_id` to `eos_token_id`:151645 for open-end generation.
Setting `pad_token_id` to `eos_token_id`:151645 for open-end generation.
Setting `pad_token_id` to `eos_token_id`:151645 for open-end generation.
Setting `pad_token_id` to `eos_token_id`:151645 for open-end generation.
Setting `pad_token_id` to `eos_token_id`:151645 for open-end generation.
Setting `pad_token_id` to `eos_token_id`:151645 for open-end generation.
Setting `pad_token_id` to `eos_token_id`:151645 for open-end generation.
Setting `pad_token_id` to `eos_token_id`:151645 for open-end generation.
Setting `pad_token_id` to `eos_token_id`:151645 for open-end generation.
Setting `pad_token_id` to `eos_token_id`:151645 for open-end generation.
Setting `pad_token_id` to `eos_token_id`:151645 for open-end generation.
Setting `pad_token_id` to `eos_token_id`:151645 for open-end generation.
Setting `pad_token_id` to `eos_token_id`:151645 for open-end generation.
Setting `pad_token_id` to `eos_token_id`:151645 for open-end generation.
Setting `pad_token_id` to `eos_token_id`:151645 for open-end generation.
Setting `pad_token_id` to `eos_token_id`:151645 for open-end generation.
Setting `pad_token_id` to `eos_token_id`:151645 for open-end generation.
Setting `pad_token_id` to `eos_token_id`:151645 for open-end generation.
Setting `pad_token_id` to `eos_token_id`:151645 for open-end generation.
Setting `pad_token_id` to `eos_token_id`:151645 for open-end generation.
Setting `pad_token_id` to `eos_token_id`:151645 for open-end generation.
Setting `pad_token_id` to `eos_token_id`:151645 for open-end generation.
Setting `pad_token_id` to `eos_token_id`:151645 for open-end generation.
Setting `pad_token_id` to `eos_token_id`:151645 for open-end generation.
Setting `pad_token_id` to `eos_token_id`:151645 for open-end generation.
Setting `pad_token_id` to `eos_token_id`:151645 for open-end generation.
Setting `pad_token_id` to `eos_token_id`:151645 for open-end generation.
Setting `pad_token_id` to `eos_token_id`:151645 for open-end generation.
Setting `pad_token_id` to `eos_token_id`:151645 for open-end generation.
Setting `pad_token_id` to `eos_token_id`:151645 for open-end generation.
Setting `pad_token_id` to `eos_token_id`:151645 for open-end generation.
Setting `pad_token_id` to `eos_token_id`:151645 for open-end generation.
Setting `pad_token_id` to `eos_token_id`:151645 for open-end generation.
Setting `pad_token_id` to `eos_token_id`:151645 for open-end generation.
Setting `pad_token_id` to `eos_token_id`:151645 for open-end generation.
Setting `pad_token_id` to `eos_token_id`:151645 for open-end generation.
Setting `pad_token_id` to `eos_token_id`:151645 for open-end generation.
Setting `pad_token_id` to `eos_token_id`:151645 for open-end generation.
Setting `pad_token_id` to `eos_token_id`:151645 for open-end generation.
Setting `pad_token_id` to `eos_token_id`:151645 for open-end generation.
Setting `pad_token_id` to `eos_token_id`:151645 for open-end generation.
Setting `pad_token_id` to `eos_token_id`:151645 for open-end generation.
Setting `pad_token_id` to `eos_token_id`:151645 for open-end generation.
Setting `pad_token_id` to `eos_token_id`:151645 for open-end generation.
Setting `pad_token_id` to `eos_token_id`:151645 for open-end generation.
Setting `pad_token_id` to `eos_token_id`:151645 for open-end generation.
Setting `pad_token_id` to `eos_token_id`:151645 for open-end generation.
Setting `pad_token_id` to `eos_token_id`:151645 for open-end generation.
Setting `pad_token_id` to `eos_token_id`:151645 for open-end generation.
Setting `pad_token_id` to `eos_token_id`:151645 for open-end generation.
Setting `pad_token_id` to `eos_token_id`:151645 for open-end generation.
Setting `pad_token_id` to `eos_token_id`:151645 for open-end generation.
Setting `pad_token_id` to `eos_token_id`:151645 for open-end generation.
Setting `pad_token_id` to `eos_token_id`:151645 for open-end generation.
Setting `pad_token_id` to `eos_token_id`:151645 for open-end generation.
Setting `pad_token_id` to `eos_token_id`:151645 for open-end generation.
Setting `pad_token_id` to `eos_token_id`:151645 for open-end generation.
Setting `pad_token_id` to `eos_token_id`:151645 for open-end generation.
Setting `pad_token_id` to `eos_token_id`:151645 for open-end generation.
Setting `pad_token_id` to `eos_token_id`:151645 for open-end generation.
Setting `pad_token_id` to `eos_token_id`:151645 for open-end generation.
Setting `pad_token_id` to `eos_token_id`:151645 for open-end generation.
Setting `pad_token_id` to `eos_token_id`:151645 for open-end generation.
Setting `pad_token_id` to `eos_token_id`:151645 for open-end generation.
Setting `pad_token_id` to `eos_token_id`:151645 for open-end generation.
Setting `pad_token_id` to `eos_token_id`:151645 for open-end generation.
Setting `pad_token_id` to `eos_token_id`:151645 for open-end generation.
Setting `pad_token_id` to `eos_token_id`:151645 for open-end generation.
Setting `pad_token_id` to `eos_token_id`:151645 for open-end generation.
Setting `pad_token_id` to `eos_token_id`:151645 for open-end generation.
Setting `pad_token_id` to `eos_token_id`:151645 for open-end generation.
Setting `pad_token_id` to `eos_token_id`:151645 for open-end generation.
Setting `pad_token_id` to `eos_token_id`:151645 for open-end generation.
Setting `pad_token_id` to `eos_token_id`:151645 for open-end generation.
Setting `pad_token_id` to `eos_token_id`:151645 for open-end generation.
Setting `pad_token_id` to `eos_token_id`:151645 for open-end generation.
Setting `pad_token_id` to `eos_token_id`:151645 for open-end generation.
Setting `pad_token_id` to `eos_token_id`:151645 for open-end generation.
Setting `pad_token_id` to `eos_token_id`:151645 for open-end generation.
Setting `pad_token_id` to `eos_token_id`:151645 for open-end generation.
Setting `pad_token_id` to `eos_token_id`:151645 for open-end generation.
Setting `pad_token_id` to `eos_token_id`:151645 for open-end generation.
Setting `pad_token_id` to `eos_token_id`:151645 for open-end generation.
Setting `pad_token_id` to `eos_token_id`:151645 for open-end generation.
Setting `pad_token_id` to `eos_token_id`:151645 for open-end generation.
Setting `pad_token_id` to `eos_token_id`:151645 for open-end generation.
Setting `pad_token_id` to `eos_token_id`:151645 for open-end generation.
2026-07-06 13:42:27,829 INFO EVAL step  1500  asr_plain=1.00 bias_nat_distractor=1.00 bias_nat_relevant=1.00 complete_nosil=1.00 digit_fire=1.00 digit_hold=1.00 digit_nosil=1.00 lead_sil=1.00 long_sil=0.88 pair_fire=0.88 pair_hold=0.88 silence_only=1.00 single_sil=1.00 spell_email=1.00 spell_name=1.00 truncated=1.00  score=0.977 (50.4s)
2026-07-06 13:42:28,336 INFO New best (v9 score 0.977) -> checkpoints/semantic_endpoint_v18_seed1_es/best.pt
2026-07-06 13:42:31,724 INFO step 1520  loss 3.2962  lr 1.93e-04  0.14 s/step  free 47849 MB
2026-07-06 13:42:35,052 INFO step 1540  loss 4.0262  lr 1.93e-04  0.13 s/step  free 47849 MB
2026-07-06 13:42:38,132 INFO step 1560  loss 4.6631  lr 1.93e-04  0.13 s/step  free 47849 MB
2026-07-06 13:42:42,267 INFO step 1580  loss 3.6739  lr 1.93e-04  0.18 s/step  free 60093 MB
2026-07-06 13:42:46,536 INFO step 1600  loss 3.1674  lr 1.93e-04  0.23 s/step  free 60093 MB
2026-07-06 13:42:50,038 INFO step 1620  loss 4.6825  lr 1.92e-04  0.11 s/step  free 60093 MB
2026-07-06 13:42:52,891 INFO step 1640  loss 4.3122  lr 1.92e-04  0.12 s/step  free 60093 MB
2026-07-06 13:42:55,895 INFO step 1660  loss 4.4806  lr 1.92e-04  0.15 s/step  free 55778 MB
2026-07-06 13:42:59,289 INFO step 1680  loss 3.6165  lr 1.92e-04  0.15 s/step  free 55757 MB
2026-07-06 13:43:02,702 INFO step 1700  loss 4.4016  lr 1.92e-04  0.14 s/step  free 55751 MB
2026-07-06 13:43:06,137 INFO step 1720  loss 4.4427  lr 1.91e-04  0.15 s/step  free 55751 MB
2026-07-06 13:43:09,476 INFO step 1740  loss 4.6479  lr 1.91e-04  0.14 s/step  free 55751 MB
2026-07-06 13:43:12,716 INFO step 1760  loss 4.3302  lr 1.91e-04  0.15 s/step  free 55746 MB
2026-07-06 13:43:15,983 INFO step 1780  loss 4.3081  lr 1.91e-04  0.13 s/step  free 55744 MB
2026-07-06 13:43:19,163 INFO step 1800  loss 4.2843  lr 1.91e-04  0.13 s/step  free 55744 MB
2026-07-06 13:43:22,644 INFO step 1820  loss 4.2447  lr 1.90e-04  0.14 s/step  free 55744 MB
2026-07-06 13:43:26,056 INFO step 1840  loss 4.6784  lr 1.90e-04  0.14 s/step  free 55744 MB
2026-07-06 13:43:29,288 INFO step 1860  loss 4.2827  lr 1.90e-04  0.14 s/step  free 55738 MB
2026-07-06 13:43:32,521 INFO step 1880  loss 4.0739  lr 1.90e-04  0.15 s/step  free 55738 MB
2026-07-06 13:43:35,663 INFO step 1900  loss 4.0914  lr 1.89e-04  0.13 s/step  free 55738 MB
2026-07-06 13:43:38,862 INFO step 1920  loss 4.2550  lr 1.89e-04  0.14 s/step  free 55738 MB
2026-07-06 13:43:42,214 INFO step 1940  loss 4.4585  lr 1.89e-04  0.15 s/step  free 55736 MB
2026-07-06 13:43:45,581 INFO step 1960  loss 4.6122  lr 1.89e-04  0.14 s/step  free 55736 MB
2026-07-06 13:43:48,982 INFO step 1980  loss 4.9113  lr 1.89e-04  0.15 s/step  free 55717 MB
2026-07-06 13:43:52,241 INFO step 2000  loss 3.9449  lr 1.88e-04  0.14 s/step  free 55694 MB
2026-07-06 13:43:53,030 INFO Saved step2000.pt (resumable)
2026-07-06 13:43:56,330 INFO step 2020  loss 4.0105  lr 1.88e-04  0.15 s/step  free 55694 MB
2026-07-06 13:43:59,603 INFO step 2040  loss 4.3039  lr 1.88e-04  0.15 s/step  free 55694 MB
2026-07-06 13:44:02,988 INFO step 2060  loss 4.8218  lr 1.88e-04  0.17 s/step  free 55694 MB
2026-07-06 13:44:06,276 INFO step 2080  loss 4.3620  lr 1.87e-04  0.14 s/step  free 55694 MB
2026-07-06 13:44:09,663 INFO step 2100  loss 4.3048  lr 1.87e-04  0.16 s/step  free 55694 MB
2026-07-06 13:44:13,100 INFO step 2120  loss 4.2988  lr 1.87e-04  0.14 s/step  free 55694 MB
2026-07-06 13:44:16,286 INFO step 2140  loss 4.3556  lr 1.87e-04  0.14 s/step  free 55694 MB
2026-07-06 13:44:19,565 INFO step 2160  loss 4.0610  lr 1.86e-04  0.14 s/step  free 55694 MB
2026-07-06 13:44:22,863 INFO step 2180  loss 4.1399  lr 1.86e-04  0.15 s/step  free 55694 MB
2026-07-06 13:44:26,158 INFO step 2200  loss 4.9549  lr 1.86e-04  0.14 s/step  free 55694 MB
2026-07-06 13:44:29,403 INFO step 2220  loss 3.7556  lr 1.86e-04  0.12 s/step  free 55694 MB
2026-07-06 13:44:32,615 INFO step 2240  loss 4.8277  lr 1.85e-04  0.14 s/step  free 55694 MB
2026-07-06 13:44:35,888 INFO step 2260  loss 3.7793  lr 1.85e-04  0.13 s/step  free 55694 MB
2026-07-06 13:44:39,188 INFO step 2280  loss 4.0076  lr 1.85e-04  0.14 s/step  free 55694 MB
2026-07-06 13:44:42,514 INFO step 2300  loss 5.0595  lr 1.84e-04  0.14 s/step  free 55694 MB
2026-07-06 13:44:45,675 INFO step 2320  loss 4.6324  lr 1.84e-04  0.14 s/step  free 55694 MB
2026-07-06 13:44:48,996 INFO step 2340  loss 4.4805  lr 1.84e-04  0.13 s/step  free 55694 MB
2026-07-06 13:44:52,277 INFO step 2360  loss 4.9000  lr 1.84e-04  0.13 s/step  free 55694 MB
2026-07-06 13:44:55,549 INFO step 2380  loss 4.7636  lr 1.83e-04  0.15 s/step  free 55694 MB
2026-07-06 13:44:58,763 INFO step 2400  loss 3.1971  lr 1.83e-04  0.13 s/step  free 55694 MB
2026-07-06 13:45:02,031 INFO step 2420  loss 4.2344  lr 1.83e-04  0.14 s/step  free 55694 MB
2026-07-06 13:45:05,377 INFO step 2440  loss 4.0624  lr 1.82e-04  0.14 s/step  free 55694 MB
2026-07-06 13:45:08,721 INFO step 2460  loss 4.0569  lr 1.82e-04  0.17 s/step  free 54369 MB
2026-07-06 13:45:12,299 INFO step 2480  loss 4.2480  lr 1.82e-04  0.14 s/step  free 50044 MB
2026-07-06 13:45:15,744 INFO step 2500  loss 4.5474  lr 1.82e-04  0.16 s/step  free 47849 MB
2026-07-06 13:45:16,571 INFO Saved step2500.pt (resumable)
2026-07-06 13:45:19,903 INFO step 2520  loss 3.4330  lr 1.81e-04  0.15 s/step  free 47849 MB
2026-07-06 13:45:23,209 INFO step 2540  loss 4.1141  lr 1.81e-04  0.13 s/step  free 47849 MB
2026-07-06 13:45:26,371 INFO step 2560  loss 3.8682  lr 1.81e-04  0.12 s/step  free 47849 MB
2026-07-06 13:45:29,583 INFO step 2580  loss 4.3507  lr 1.80e-04  0.14 s/step  free 47849 MB
2026-07-06 13:45:32,799 INFO step 2600  loss 4.8987  lr 1.80e-04  0.15 s/step  free 47849 MB
2026-07-06 13:45:36,142 INFO step 2620  loss 4.4167  lr 1.80e-04  0.15 s/step  free 47849 MB
2026-07-06 13:45:39,454 INFO step 2640  loss 4.4508  lr 1.79e-04  0.15 s/step  free 47849 MB
2026-07-06 13:45:42,816 INFO step 2660  loss 4.5067  lr 1.79e-04  0.17 s/step  free 47849 MB
2026-07-06 13:45:46,182 INFO step 2680  loss 4.7451  lr 1.79e-04  0.15 s/step  free 47849 MB
2026-07-06 13:45:49,468 INFO step 2700  loss 4.2981  lr 1.78e-04  0.14 s/step  free 47849 MB
2026-07-06 13:45:52,803 INFO step 2720  loss 4.2146  lr 1.78e-04  0.14 s/step  free 47849 MB
2026-07-06 13:45:56,156 INFO step 2740  loss 3.9346  lr 1.78e-04  0.15 s/step  free 47849 MB
2026-07-06 13:45:59,420 INFO step 2760  loss 3.5947  lr 1.78e-04  0.14 s/step  free 47849 MB
2026-07-06 13:46:02,770 INFO step 2780  loss 4.0319  lr 1.77e-04  0.13 s/step  free 47849 MB
2026-07-06 13:46:06,047 INFO step 2800  loss 4.5169  lr 1.77e-04  0.13 s/step  free 47849 MB
2026-07-06 13:46:09,389 INFO step 2820  loss 4.6824  lr 1.77e-04  0.14 s/step  free 47849 MB
2026-07-06 13:46:12,614 INFO step 2840  loss 3.6227  lr 1.76e-04  0.13 s/step  free 47849 MB
2026-07-06 13:46:15,921 INFO step 2860  loss 4.7774  lr 1.76e-04  0.14 s/step  free 47849 MB
2026-07-06 13:46:19,263 INFO step 2880  loss 4.2146  lr 1.76e-04  0.16 s/step  free 47849 MB
2026-07-06 13:46:22,809 INFO step 2900  loss 4.4115  lr 1.75e-04  0.15 s/step  free 47849 MB
2026-07-06 13:46:26,124 INFO step 2920  loss 5.0319  lr 1.75e-04  0.15 s/step  free 47849 MB
2026-07-06 13:46:29,420 INFO step 2940  loss 5.1566  lr 1.75e-04  0.14 s/step  free 47849 MB
2026-07-06 13:46:32,690 INFO step 2960  loss 3.8492  lr 1.74e-04  0.13 s/step  free 47849 MB
2026-07-06 13:46:36,149 INFO step 2980  loss 4.8551  lr 1.74e-04  0.15 s/step  free 47849 MB
2026-07-06 13:46:39,493 INFO step 3000  loss 2.7084  lr 1.73e-04  0.15 s/step  free 47849 MB
2026-07-06 13:46:40,320 INFO Saved step3000.pt (resumable)
Setting `pad_token_id` to `eos_token_id`:151645 for open-end generation.
Setting `pad_token_id` to `eos_token_id`:151645 for open-end generation.
Setting `pad_token_id` to `eos_token_id`:151645 for open-end generation.
Setting `pad_token_id` to `eos_token_id`:151645 for open-end generation.
Setting `pad_token_id` to `eos_token_id`:151645 for open-end generation.
Setting `pad_token_id` to `eos_token_id`:151645 for open-end generation.
Setting `pad_token_id` to `eos_token_id`:151645 for open-end generation.
Setting `pad_token_id` to `eos_token_id`:151645 for open-end generation.
Setting `pad_token_id` to `eos_token_id`:151645 for open-end generation.
Setting `pad_token_id` to `eos_token_id`:151645 for open-end generation.
Setting `pad_token_id` to `eos_token_id`:151645 for open-end generation.
Setting `pad_token_id` to `eos_token_id`:151645 for open-end generation.
Setting `pad_token_id` to `eos_token_id`:151645 for open-end generation.
Setting `pad_token_id` to `eos_token_id`:151645 for open-end generation.
Setting `pad_token_id` to `eos_token_id`:151645 for open-end generation.
Setting `pad_token_id` to `eos_token_id`:151645 for open-end generation.
Setting `pad_token_id` to `eos_token_id`:151645 for open-end generation.
Setting `pad_token_id` to `eos_token_id`:151645 for open-end generation.
Setting `pad_token_id` to `eos_token_id`:151645 for open-end generation.
Setting `pad_token_id` to `eos_token_id`:151645 for open-end generation.
Setting `pad_token_id` to `eos_token_id`:151645 for open-end generation.
Setting `pad_token_id` to `eos_token_id`:151645 for open-end generation.
Setting `pad_token_id` to `eos_token_id`:151645 for open-end generation.
Setting `pad_token_id` to `eos_token_id`:151645 for open-end generation.
Setting `pad_token_id` to `eos_token_id`:151645 for open-end generation.
Setting `pad_token_id` to `eos_token_id`:151645 for open-end generation.
Setting `pad_token_id` to `eos_token_id`:151645 for open-end generation.
Setting `pad_token_id` to `eos_token_id`:151645 for open-end generation.
Setting `pad_token_id` to `eos_token_id`:151645 for open-end generation.
Setting `pad_token_id` to `eos_token_id`:151645 for open-end generation.
Setting `pad_token_id` to `eos_token_id`:151645 for open-end generation.
Setting `pad_token_id` to `eos_token_id`:151645 for open-end generation.
Setting `pad_token_id` to `eos_token_id`:151645 for open-end generation.
Setting `pad_token_id` to `eos_token_id`:151645 for open-end generation.
Setting `pad_token_id` to `eos_token_id`:151645 for open-end generation.
Setting `pad_token_id` to `eos_token_id`:151645 for open-end generation.
Setting `pad_token_id` to `eos_token_id`:151645 for open-end generation.
Setting `pad_token_id` to `eos_token_id`:151645 for open-end generation.
Setting `pad_token_id` to `eos_token_id`:151645 for open-end generation.
Setting `pad_token_id` to `eos_token_id`:151645 for open-end generation.
Setting `pad_token_id` to `eos_token_id`:151645 for open-end generation.
Setting `pad_token_id` to `eos_token_id`:151645 for open-end generation.
Setting `pad_token_id` to `eos_token_id`:151645 for open-end generation.
Setting `pad_token_id` to `eos_token_id`:151645 for open-end generation.
Setting `pad_token_id` to `eos_token_id`:151645 for open-end generation.
Setting `pad_token_id` to `eos_token_id`:151645 for open-end generation.
Setting `pad_token_id` to `eos_token_id`:151645 for open-end generation.
Setting `pad_token_id` to `eos_token_id`:151645 for open-end generation.
Setting `pad_token_id` to `eos_token_id`:151645 for open-end generation.
Setting `pad_token_id` to `eos_token_id`:151645 for open-end generation.
Setting `pad_token_id` to `eos_token_id`:151645 for open-end generation.
Setting `pad_token_id` to `eos_token_id`:151645 for open-end generation.
Setting `pad_token_id` to `eos_token_id`:151645 for open-end generation.
Setting `pad_token_id` to `eos_token_id`:151645 for open-end generation.
Setting `pad_token_id` to `eos_token_id`:151645 for open-end generation.
Setting `pad_token_id` to `eos_token_id`:151645 for open-end generation.
Setting `pad_token_id` to `eos_token_id`:151645 for open-end generation.
Setting `pad_token_id` to `eos_token_id`:151645 for open-end generation.
Setting `pad_token_id` to `eos_token_id`:151645 for open-end generation.
Setting `pad_token_id` to `eos_token_id`:151645 for open-end generation.
Setting `pad_token_id` to `eos_token_id`:151645 for open-end generation.
Setting `pad_token_id` to `eos_token_id`:151645 for open-end generation.
Setting `pad_token_id` to `eos_token_id`:151645 for open-end generation.
Setting `pad_token_id` to `eos_token_id`:151645 for open-end generation.
Setting `pad_token_id` to `eos_token_id`:151645 for open-end generation.
Setting `pad_token_id` to `eos_token_id`:151645 for open-end generation.
Setting `pad_token_id` to `eos_token_id`:151645 for open-end generation.
Setting `pad_token_id` to `eos_token_id`:151645 for open-end generation.
Setting `pad_token_id` to `eos_token_id`:151645 for open-end generation.
Setting `pad_token_id` to `eos_token_id`:151645 for open-end generation.
Setting `pad_token_id` to `eos_token_id`:151645 for open-end generation.
Setting `pad_token_id` to `eos_token_id`:151645 for open-end generation.
Setting `pad_token_id` to `eos_token_id`:151645 for open-end generation.
Setting `pad_token_id` to `eos_token_id`:151645 for open-end generation.
Setting `pad_token_id` to `eos_token_id`:151645 for open-end generation.
Setting `pad_token_id` to `eos_token_id`:151645 for open-end generation.
Setting `pad_token_id` to `eos_token_id`:151645 for open-end generation.
Setting `pad_token_id` to `eos_token_id`:151645 for open-end generation.
Setting `pad_token_id` to `eos_token_id`:151645 for open-end generation.
Setting `pad_token_id` to `eos_token_id`:151645 for open-end generation.
Setting `pad_token_id` to `eos_token_id`:151645 for open-end generation.
Setting `pad_token_id` to `eos_token_id`:151645 for open-end generation.
Setting `pad_token_id` to `eos_token_id`:151645 for open-end generation.
Setting `pad_token_id` to `eos_token_id`:151645 for open-end generation.
Setting `pad_token_id` to `eos_token_id`:151645 for open-end generation.
Setting `pad_token_id` to `eos_token_id`:151645 for open-end generation.
Setting `pad_token_id` to `eos_token_id`:151645 for open-end generation.
Setting `pad_token_id` to `eos_token_id`:151645 for open-end generation.
Setting `pad_token_id` to `eos_token_id`:151645 for open-end generation.
Setting `pad_token_id` to `eos_token_id`:151645 for open-end generation.
Setting `pad_token_id` to `eos_token_id`:151645 for open-end generation.
Setting `pad_token_id` to `eos_token_id`:151645 for open-end generation.
Setting `pad_token_id` to `eos_token_id`:151645 for open-end generation.
Setting `pad_token_id` to `eos_token_id`:151645 for open-end generation.
Setting `pad_token_id` to `eos_token_id`:151645 for open-end generation.
Setting `pad_token_id` to `eos_token_id`:151645 for open-end generation.
Setting `pad_token_id` to `eos_token_id`:151645 for open-end generation.
Setting `pad_token_id` to `eos_token_id`:151645 for open-end generation.
Setting `pad_token_id` to `eos_token_id`:151645 for open-end generation.
Setting `pad_token_id` to `eos_token_id`:151645 for open-end generation.
Setting `pad_token_id` to `eos_token_id`:151645 for open-end generation.
Setting `pad_token_id` to `eos_token_id`:151645 for open-end generation.
Setting `pad_token_id` to `eos_token_id`:151645 for open-end generation.
Setting `pad_token_id` to `eos_token_id`:151645 for open-end generation.
Setting `pad_token_id` to `eos_token_id`:151645 for open-end generation.
Setting `pad_token_id` to `eos_token_id`:151645 for open-end generation.
Setting `pad_token_id` to `eos_token_id`:151645 for open-end generation.
Setting `pad_token_id` to `eos_token_id`:151645 for open-end generation.
Setting `pad_token_id` to `eos_token_id`:151645 for open-end generation.
Setting `pad_token_id` to `eos_token_id`:151645 for open-end generation.
Setting `pad_token_id` to `eos_token_id`:151645 for open-end generation.
Setting `pad_token_id` to `eos_token_id`:151645 for open-end generation.
Setting `pad_token_id` to `eos_token_id`:151645 for open-end generation.
Setting `pad_token_id` to `eos_token_id`:151645 for open-end generation.
Setting `pad_token_id` to `eos_token_id`:151645 for open-end generation.
Setting `pad_token_id` to `eos_token_id`:151645 for open-end generation.
Setting `pad_token_id` to `eos_token_id`:151645 for open-end generation.
Setting `pad_token_id` to `eos_token_id`:151645 for open-end generation.
Setting `pad_token_id` to `eos_token_id`:151645 for open-end generation.
Setting `pad_token_id` to `eos_token_id`:151645 for open-end generation.
Setting `pad_token_id` to `eos_token_id`:151645 for open-end generation.
Setting `pad_token_id` to `eos_token_id`:151645 for open-end generation.
Setting `pad_token_id` to `eos_token_id`:151645 for open-end generation.
Setting `pad_token_id` to `eos_token_id`:151645 for open-end generation.
Setting `pad_token_id` to `eos_token_id`:151645 for open-end generation.
Setting `pad_token_id` to `eos_token_id`:151645 for open-end generation.
Setting `pad_token_id` to `eos_token_id`:151645 for open-end generation.
Setting `pad_token_id` to `eos_token_id`:151645 for open-end generation.
2026-07-06 13:47:28,524 INFO EVAL step  3000  asr_plain=1.00 bias_nat_distractor=1.00 bias_nat_relevant=1.00 complete_nosil=1.00 digit_fire=1.00 digit_hold=1.00 digit_nosil=0.88 lead_sil=1.00 long_sil=1.00 pair_fire=1.00 pair_hold=0.88 silence_only=1.00 single_sil=1.00 spell_email=1.00 spell_name=1.00 truncated=1.00  score=0.984 (48.2s)
2026-07-06 13:47:29,251 INFO New best (v9 score 0.984) -> checkpoints/semantic_endpoint_v18_seed1_es/best.pt
2026-07-06 13:47:33,437 INFO step 3020  loss 4.1604  lr 1.73e-04  0.18 s/step  free 60093 MB
2026-07-06 13:47:38,145 INFO step 3040  loss 4.1198  lr 1.73e-04  0.20 s/step  free 60093 MB
2026-07-06 13:47:41,496 INFO step 3060  loss 4.4290  lr 1.72e-04  0.12 s/step  free 60093 MB
2026-07-06 13:47:44,513 INFO step 3080  loss 3.7260  lr 1.72e-04  0.11 s/step  free 60093 MB
2026-07-06 13:47:47,747 INFO step 3100  loss 3.5086  lr 1.72e-04  0.14 s/step  free 55770 MB
2026-07-06 13:47:51,118 INFO step 3120  loss 4.2591  lr 1.71e-04  0.13 s/step  free 55757 MB
2026-07-06 13:47:54,394 INFO step 3140  loss 4.0097  lr 1.71e-04  0.13 s/step  free 55751 MB
2026-07-06 13:47:57,726 INFO step 3160  loss 4.0852  lr 1.71e-04  0.16 s/step  free 55751 MB
2026-07-06 13:48:00,877 INFO step 3180  loss 3.8501  lr 1.70e-04  0.13 s/step  free 55751 MB
2026-07-06 13:48:04,223 INFO step 3200  loss 3.1495  lr 1.70e-04  0.14 s/step  free 55744 MB
2026-07-06 13:48:07,505 INFO step 3220  loss 4.2008  lr 1.70e-04  0.12 s/step  free 55744 MB
2026-07-06 13:48:10,733 INFO step 3240  loss 4.2062  lr 1.69e-04  0.15 s/step  free 55744 MB
2026-07-06 13:48:14,059 INFO step 3260  loss 4.1309  lr 1.69e-04  0.14 s/step  free 55744 MB
2026-07-06 13:48:17,342 INFO step 3280  loss 3.5931  lr 1.68e-04  0.14 s/step  free 55738 MB
2026-07-06 13:48:20,633 INFO step 3300  loss 3.8537  lr 1.68e-04  0.13 s/step  free 55738 MB
2026-07-06 13:48:23,907 INFO step 3320  loss 3.2707  lr 1.68e-04  0.13 s/step  free 55738 MB
2026-07-06 13:48:27,184 INFO step 3340  loss 3.6205  lr 1.67e-04  0.14 s/step  free 55738 MB
2026-07-06 13:48:30,548 INFO step 3360  loss 4.1742  lr 1.67e-04  0.15 s/step  free 55736 MB
2026-07-06 13:48:34,034 INFO step 3380  loss 4.0540  lr 1.67e-04  0.14 s/step  free 55736 MB
2026-07-06 13:48:37,404 INFO step 3400  loss 3.8323  lr 1.66e-04  0.14 s/step  free 55736 MB
2026-07-06 13:48:40,769 INFO step 3420  loss 4.4618  lr 1.66e-04  0.13 s/step  free 55694 MB
2026-07-06 13:48:44,154 INFO step 3440  loss 4.2131  lr 1.65e-04  0.15 s/step  free 55694 MB
2026-07-06 13:48:47,536 INFO step 3460  loss 4.7859  lr 1.65e-04  0.15 s/step  free 55694 MB
2026-07-06 13:48:50,867 INFO step 3480  loss 4.7780  lr 1.65e-04  0.15 s/step  free 55694 MB
2026-07-06 13:48:54,401 INFO step 3500  loss 4.2627  lr 1.64e-04  0.13 s/step  free 55694 MB
2026-07-06 13:48:55,205 INFO Saved step3500.pt (resumable)
2026-07-06 13:48:58,563 INFO step 3520  loss 4.5473  lr 1.64e-04  0.14 s/step  free 55694 MB
2026-07-06 13:49:01,974 INFO step 3540  loss 4.1805  lr 1.63e-04  0.15 s/step  free 55694 MB
2026-07-06 13:49:05,409 INFO step 3560  loss 3.9337  lr 1.63e-04  0.13 s/step  free 55694 MB
2026-07-06 13:49:08,912 INFO step 3580  loss 2.3356  lr 1.63e-04  0.12 s/step  free 55694 MB
2026-07-06 13:49:12,331 INFO step 3600  loss 3.9539  lr 1.62e-04  0.15 s/step  free 55694 MB
2026-07-06 13:49:15,726 INFO step 3620  loss 4.0701  lr 1.62e-04  0.14 s/step  free 55694 MB
2026-07-06 13:49:19,004 INFO step 3640  loss 4.5516  lr 1.61e-04  0.15 s/step  free 55694 MB
2026-07-06 13:49:22,276 INFO step 3660  loss 4.8319  lr 1.61e-04  0.14 s/step  free 55694 MB
2026-07-06 13:49:25,589 INFO step 3680  loss 4.8340  lr 1.61e-04  0.16 s/step  free 55694 MB
2026-07-06 13:49:28,850 INFO step 3700  loss 4.2159  lr 1.60e-04  0.14 s/step  free 55694 MB
2026-07-06 13:49:32,123 INFO step 3720  loss 4.0816  lr 1.60e-04  0.15 s/step  free 55694 MB
2026-07-06 13:49:35,323 INFO step 3740  loss 4.3399  lr 1.59e-04  0.13 s/step  free 55694 MB
2026-07-06 13:49:38,659 INFO step 3760  loss 4.5279  lr 1.59e-04  0.17 s/step  free 55694 MB
2026-07-06 13:49:41,960 INFO step 3780  loss 4.6754  lr 1.59e-04  0.13 s/step  free 55694 MB
2026-07-06 13:49:45,323 INFO step 3800  loss 4.0366  lr 1.58e-04  0.12 s/step  free 55694 MB
2026-07-06 13:49:48,683 INFO step 3820  loss 4.3401  lr 1.58e-04  0.14 s/step  free 55694 MB
2026-07-06 13:49:51,973 INFO step 3840  loss 4.4616  lr 1.57e-04  0.13 s/step  free 55694 MB
2026-07-06 13:49:55,316 INFO step 3860  loss 3.7804  lr 1.57e-04  0.13 s/step  free 55046 MB
2026-07-06 13:49:58,701 INFO step 3880  loss 3.7144  lr 1.56e-04  0.15 s/step  free 52221 MB
2026-07-06 13:50:02,204 INFO step 3900  loss 4.6520  lr 1.56e-04  0.14 s/step  free 47849 MB
2026-07-06 13:50:05,609 INFO step 3920  loss 4.1911  lr 1.56e-04  0.14 s/step  free 47849 MB
2026-07-06 13:50:08,826 INFO step 3940  loss 4.6356  lr 1.55e-04  0.13 s/step  free 47849 MB
2026-07-06 13:50:12,134 INFO step 3960  loss 4.3645  lr 1.55e-04  0.14 s/step  free 47849 MB
2026-07-06 13:50:15,409 INFO step 3980  loss 4.0052  lr 1.54e-04  0.14 s/step  free 47849 MB
2026-07-06 13:50:18,668 INFO step 4000  loss 4.1368  lr 1.54e-04  0.16 s/step  free 47849 MB
2026-07-06 13:50:19,457 INFO Saved step4000.pt (resumable)
2026-07-06 13:50:22,727 INFO step 4020  loss 4.1777  lr 1.54e-04  0.15 s/step  free 47849 MB
2026-07-06 13:50:26,082 INFO step 4040  loss 3.8734  lr 1.53e-04  0.16 s/step  free 47849 MB
2026-07-06 13:50:29,521 INFO step 4060  loss 4.9379  lr 1.53e-04  0.15 s/step  free 47849 MB
2026-07-06 13:50:32,919 INFO step 4080  loss 3.5705  lr 1.52e-04  0.15 s/step  free 47849 MB
2026-07-06 13:50:36,195 INFO step 4100  loss 3.8863  lr 1.52e-04  0.13 s/step  free 47849 MB
2026-07-06 13:50:39,617 INFO step 4120  loss 3.5490  lr 1.51e-04  0.15 s/step  free 47849 MB
2026-07-06 13:50:43,052 INFO step 4140  loss 4.2799  lr 1.51e-04  0.14 s/step  free 47849 MB
2026-07-06 13:50:46,461 INFO step 4160  loss 4.1297  lr 1.50e-04  0.15 s/step  free 47849 MB
2026-07-06 13:50:49,783 INFO step 4180  loss 4.6085  lr 1.50e-04  0.15 s/step  free 47849 MB
2026-07-06 13:50:53,097 INFO step 4200  loss 3.3923  lr 1.50e-04  0.13 s/step  free 47849 MB
2026-07-06 13:50:56,470 INFO step 4220  loss 3.8251  lr 1.49e-04  0.19 s/step  free 47849 MB
2026-07-06 13:50:59,953 INFO step 4240  loss 4.6862  lr 1.49e-04  0.14 s/step  free 47849 MB
2026-07-06 13:51:03,389 INFO step 4260  loss 4.5250  lr 1.48e-04  0.15 s/step  free 47849 MB
2026-07-06 13:51:06,672 INFO step 4280  loss 4.1806  lr 1.48e-04  0.14 s/step  free 47849 MB
2026-07-06 13:51:10,103 INFO step 4300  loss 4.4094  lr 1.47e-04  0.15 s/step  free 47849 MB
2026-07-06 13:51:13,473 INFO step 4320  loss 4.3065  lr 1.47e-04  0.13 s/step  free 47849 MB
2026-07-06 13:51:16,795 INFO step 4340  loss 4.1814  lr 1.46e-04  0.15 s/step  free 47849 MB
2026-07-06 13:51:20,212 INFO step 4360  loss 4.6010  lr 1.46e-04  0.15 s/step  free 47849 MB
2026-07-06 13:51:23,754 INFO step 4380  loss 3.3993  lr 1.46e-04  0.14 s/step  free 47849 MB
2026-07-06 13:51:27,085 INFO step 4400  loss 3.9740  lr 1.45e-04  0.16 s/step  free 47849 MB
2026-07-06 13:51:30,290 INFO step 4420  loss 3.2047  lr 1.45e-04  0.13 s/step  free 47849 MB
2026-07-06 13:51:33,606 INFO step 4440  loss 3.3475  lr 1.44e-04  0.13 s/step  free 47849 MB
2026-07-06 13:51:37,011 INFO step 4460  loss 4.5884  lr 1.44e-04  0.13 s/step  free 47849 MB
2026-07-06 13:51:40,392 INFO step 4480  loss 4.4922  lr 1.43e-04  0.13 s/step  free 47849 MB
2026-07-06 13:51:43,760 INFO step 4500  loss 3.7928  lr 1.43e-04  0.13 s/step  free 47849 MB
2026-07-06 13:51:44,555 INFO Saved step4500.pt (resumable)
Setting `pad_token_id` to `eos_token_id`:151645 for open-end generation.
Setting `pad_token_id` to `eos_token_id`:151645 for open-end generation.
Setting `pad_token_id` to `eos_token_id`:151645 for open-end generation.
Setting `pad_token_id` to `eos_token_id`:151645 for open-end generation.
Setting `pad_token_id` to `eos_token_id`:151645 for open-end generation.
Setting `pad_token_id` to `eos_token_id`:151645 for open-end generation.
Setting `pad_token_id` to `eos_token_id`:151645 for open-end generation.
Setting `pad_token_id` to `eos_token_id`:151645 for open-end generation.
Setting `pad_token_id` to `eos_token_id`:151645 for open-end generation.
Setting `pad_token_id` to `eos_token_id`:151645 for open-end generation.
Setting `pad_token_id` to `eos_token_id`:151645 for open-end generation.
Setting `pad_token_id` to `eos_token_id`:151645 for open-end generation.
Setting `pad_token_id` to `eos_token_id`:151645 for open-end generation.
Setting `pad_token_id` to `eos_token_id`:151645 for open-end generation.
Setting `pad_token_id` to `eos_token_id`:151645 for open-end generation.
Setting `pad_token_id` to `eos_token_id`:151645 for open-end generation.
Setting `pad_token_id` to `eos_token_id`:151645 for open-end generation.
Setting `pad_token_id` to `eos_token_id`:151645 for open-end generation.
Setting `pad_token_id` to `eos_token_id`:151645 for open-end generation.
Setting `pad_token_id` to `eos_token_id`:151645 for open-end generation.
Setting `pad_token_id` to `eos_token_id`:151645 for open-end generation.
Setting `pad_token_id` to `eos_token_id`:151645 for open-end generation.
Setting `pad_token_id` to `eos_token_id`:151645 for open-end generation.
Setting `pad_token_id` to `eos_token_id`:151645 for open-end generation.
Setting `pad_token_id` to `eos_token_id`:151645 for open-end generation.
Setting `pad_token_id` to `eos_token_id`:151645 for open-end generation.
Setting `pad_token_id` to `eos_token_id`:151645 for open-end generation.
Setting `pad_token_id` to `eos_token_id`:151645 for open-end generation.
Setting `pad_token_id` to `eos_token_id`:151645 for open-end generation.
Setting `pad_token_id` to `eos_token_id`:151645 for open-end generation.
Setting `pad_token_id` to `eos_token_id`:151645 for open-end generation.
Setting `pad_token_id` to `eos_token_id`:151645 for open-end generation.
Setting `pad_token_id` to `eos_token_id`:151645 for open-end generation.
Setting `pad_token_id` to `eos_token_id`:151645 for open-end generation.
Setting `pad_token_id` to `eos_token_id`:151645 for open-end generation.
Setting `pad_token_id` to `eos_token_id`:151645 for open-end generation.
Setting `pad_token_id` to `eos_token_id`:151645 for open-end generation.
Setting `pad_token_id` to `eos_token_id`:151645 for open-end generation.
Setting `pad_token_id` to `eos_token_id`:151645 for open-end generation.
Setting `pad_token_id` to `eos_token_id`:151645 for open-end generation.
Setting `pad_token_id` to `eos_token_id`:151645 for open-end generation.
Setting `pad_token_id` to `eos_token_id`:151645 for open-end generation.
Setting `pad_token_id` to `eos_token_id`:151645 for open-end generation.
Setting `pad_token_id` to `eos_token_id`:151645 for open-end generation.
Setting `pad_token_id` to `eos_token_id`:151645 for open-end generation.
Setting `pad_token_id` to `eos_token_id`:151645 for open-end generation.
Setting `pad_token_id` to `eos_token_id`:151645 for open-end generation.
Setting `pad_token_id` to `eos_token_id`:151645 for open-end generation.
Setting `pad_token_id` to `eos_token_id`:151645 for open-end generation.
Setting `pad_token_id` to `eos_token_id`:151645 for open-end generation.
Setting `pad_token_id` to `eos_token_id`:151645 for open-end generation.
Setting `pad_token_id` to `eos_token_id`:151645 for open-end generation.
Setting `pad_token_id` to `eos_token_id`:151645 for open-end generation.
Setting `pad_token_id` to `eos_token_id`:151645 for open-end generation.
Setting `pad_token_id` to `eos_token_id`:151645 for open-end generation.
Setting `pad_token_id` to `eos_token_id`:151645 for open-end generation.
Setting `pad_token_id` to `eos_token_id`:151645 for open-end generation.
Setting `pad_token_id` to `eos_token_id`:151645 for open-end generation.
Setting `pad_token_id` to `eos_token_id`:151645 for open-end generation.
Setting `pad_token_id` to `eos_token_id`:151645 for open-end generation.
Setting `pad_token_id` to `eos_token_id`:151645 for open-end generation.
Setting `pad_token_id` to `eos_token_id`:151645 for open-end generation.
Setting `pad_token_id` to `eos_token_id`:151645 for open-end generation.
Setting `pad_token_id` to `eos_token_id`:151645 for open-end generation.
Setting `pad_token_id` to `eos_token_id`:151645 for open-end generation.
Setting `pad_token_id` to `eos_token_id`:151645 for open-end generation.
Setting `pad_token_id` to `eos_token_id`:151645 for open-end generation.
Setting `pad_token_id` to `eos_token_id`:151645 for open-end generation.
Setting `pad_token_id` to `eos_token_id`:151645 for open-end generation.
Setting `pad_token_id` to `eos_token_id`:151645 for open-end generation.
Setting `pad_token_id` to `eos_token_id`:151645 for open-end generation.
Setting `pad_token_id` to `eos_token_id`:151645 for open-end generation.
Setting `pad_token_id` to `eos_token_id`:151645 for open-end generation.
Setting `pad_token_id` to `eos_token_id`:151645 for open-end generation.
Setting `pad_token_id` to `eos_token_id`:151645 for open-end generation.
Setting `pad_token_id` to `eos_token_id`:151645 for open-end generation.
Setting `pad_token_id` to `eos_token_id`:151645 for open-end generation.
Setting `pad_token_id` to `eos_token_id`:151645 for open-end generation.
Setting `pad_token_id` to `eos_token_id`:151645 for open-end generation.
Setting `pad_token_id` to `eos_token_id`:151645 for open-end generation.
Setting `pad_token_id` to `eos_token_id`:151645 for open-end generation.
Setting `pad_token_id` to `eos_token_id`:151645 for open-end generation.
Setting `pad_token_id` to `eos_token_id`:151645 for open-end generation.
Setting `pad_token_id` to `eos_token_id`:151645 for open-end generation.
Setting `pad_token_id` to `eos_token_id`:151645 for open-end generation.
Setting `pad_token_id` to `eos_token_id`:151645 for open-end generation.
Setting `pad_token_id` to `eos_token_id`:151645 for open-end generation.
Setting `pad_token_id` to `eos_token_id`:151645 for open-end generation.
Setting `pad_token_id` to `eos_token_id`:151645 for open-end generation.
Setting `pad_token_id` to `eos_token_id`:151645 for open-end generation.
Setting `pad_token_id` to `eos_token_id`:151645 for open-end generation.
Setting `pad_token_id` to `eos_token_id`:151645 for open-end generation.
Setting `pad_token_id` to `eos_token_id`:151645 for open-end generation.
Setting `pad_token_id` to `eos_token_id`:151645 for open-end generation.
Setting `pad_token_id` to `eos_token_id`:151645 for open-end generation.
Setting `pad_token_id` to `eos_token_id`:151645 for open-end generation.
Setting `pad_token_id` to `eos_token_id`:151645 for open-end generation.
Setting `pad_token_id` to `eos_token_id`:151645 for open-end generation.
Setting `pad_token_id` to `eos_token_id`:151645 for open-end generation.
Setting `pad_token_id` to `eos_token_id`:151645 for open-end generation.
Setting `pad_token_id` to `eos_token_id`:151645 for open-end generation.
Setting `pad_token_id` to `eos_token_id`:151645 for open-end generation.
Setting `pad_token_id` to `eos_token_id`:151645 for open-end generation.
Setting `pad_token_id` to `eos_token_id`:151645 for open-end generation.
Setting `pad_token_id` to `eos_token_id`:151645 for open-end generation.
Setting `pad_token_id` to `eos_token_id`:151645 for open-end generation.
Setting `pad_token_id` to `eos_token_id`:151645 for open-end generation.
Setting `pad_token_id` to `eos_token_id`:151645 for open-end generation.
Setting `pad_token_id` to `eos_token_id`:151645 for open-end generation.
Setting `pad_token_id` to `eos_token_id`:151645 for open-end generation.
Setting `pad_token_id` to `eos_token_id`:151645 for open-end generation.
Setting `pad_token_id` to `eos_token_id`:151645 for open-end generation.
Setting `pad_token_id` to `eos_token_id`:151645 for open-end generation.
Setting `pad_token_id` to `eos_token_id`:151645 for open-end generation.
Setting `pad_token_id` to `eos_token_id`:151645 for open-end generation.
Setting `pad_token_id` to `eos_token_id`:151645 for open-end generation.
Setting `pad_token_id` to `eos_token_id`:151645 for open-end generation.
Setting `pad_token_id` to `eos_token_id`:151645 for open-end generation.
Setting `pad_token_id` to `eos_token_id`:151645 for open-end generation.
Setting `pad_token_id` to `eos_token_id`:151645 for open-end generation.
Setting `pad_token_id` to `eos_token_id`:151645 for open-end generation.
Setting `pad_token_id` to `eos_token_id`:151645 for open-end generation.
Setting `pad_token_id` to `eos_token_id`:151645 for open-end generation.
Setting `pad_token_id` to `eos_token_id`:151645 for open-end generation.
Setting `pad_token_id` to `eos_token_id`:151645 for open-end generation.
Setting `pad_token_id` to `eos_token_id`:151645 for open-end generation.
Setting `pad_token_id` to `eos_token_id`:151645 for open-end generation.
Setting `pad_token_id` to `eos_token_id`:151645 for open-end generation.
2026-07-06 13:52:33,253 INFO EVAL step  4500  asr_plain=1.00 bias_nat_distractor=1.00 bias_nat_relevant=1.00 complete_nosil=1.00 digit_fire=1.00 digit_hold=1.00 digit_nosil=1.00 lead_sil=1.00 long_sil=1.00 pair_fire=1.00 pair_hold=0.88 silence_only=1.00 single_sil=0.88 spell_email=1.00 spell_name=1.00 truncated=1.00  score=0.984 (48.7s)
2026-07-06 13:52:36,901 INFO step 4520  loss 4.1829  lr 1.42e-04  0.14 s/step  free 47849 MB
2026-07-06 13:52:40,264 INFO step 4540  loss 4.3942  lr 1.42e-04  0.16 s/step  free 47849 MB
2026-07-06 13:52:43,705 INFO step 4560  loss 4.1752  lr 1.41e-04  0.13 s/step  free 47849 MB
2026-07-06 13:52:47,019 INFO step 4580  loss 4.2414  lr 1.41e-04  0.14 s/step  free 47849 MB
2026-07-06 13:52:50,222 INFO step 4600  loss 4.5197  lr 1.40e-04  0.15 s/step  free 47849 MB
2026-07-06 13:52:53,590 INFO step 4620  loss 3.4828  lr 1.40e-04  0.15 s/step  free 47849 MB
2026-07-06 13:52:56,975 INFO step 4640  loss 4.0770  lr 1.40e-04  0.16 s/step  free 47849 MB
2026-07-06 13:53:00,328 INFO step 4660  loss 3.6181  lr 1.39e-04  0.17 s/step  free 47849 MB
2026-07-06 13:53:03,659 INFO step 4680  loss 4.3520  lr 1.39e-04  0.13 s/step  free 47849 MB
2026-07-06 13:53:06,930 INFO step 4700  loss 3.6379  lr 1.38e-04  0.15 s/step  free 47849 MB
2026-07-06 13:53:10,241 INFO step 4720  loss 3.6629  lr 1.38e-04  0.14 s/step  free 47849 MB
2026-07-06 13:53:13,587 INFO step 4740  loss 4.8217  lr 1.37e-04  0.15 s/step  free 47849 MB
2026-07-06 13:53:17,035 INFO step 4760  loss 3.7194  lr 1.37e-04  0.13 s/step  free 47849 MB
2026-07-06 13:53:20,315 INFO step 4780  loss 3.2309  lr 1.36e-04  0.15 s/step  free 47849 MB
2026-07-06 13:53:23,514 INFO step 4800  loss 4.3193  lr 1.36e-04  0.13 s/step  free 47849 MB
2026-07-06 13:53:27,063 INFO step 4820  loss 4.9981  lr 1.35e-04  0.17 s/step  free 47849 MB
2026-07-06 13:53:30,298 INFO step 4840  loss 3.7508  lr 1.35e-04  0.13 s/step  free 47849 MB
2026-07-06 13:53:33,516 INFO step 4860  loss 4.1837  lr 1.34e-04  0.13 s/step  free 47849 MB
2026-07-06 13:53:36,869 INFO step 4880  loss 4.2829  lr 1.34e-04  0.15 s/step  free 47849 MB
2026-07-06 13:53:40,148 INFO step 4900  loss 4.3502  lr 1.33e-04  0.14 s/step  free 47849 MB
2026-07-06 13:53:43,382 INFO step 4920  loss 3.6325  lr 1.33e-04  0.15 s/step  free 47849 MB
2026-07-06 13:53:46,607 INFO step 4940  loss 3.1614  lr 1.32e-04  0.15 s/step  free 47849 MB
2026-07-06 13:53:49,955 INFO step 4960  loss 3.7153  lr 1.32e-04  0.16 s/step  free 47849 MB
2026-07-06 13:53:53,374 INFO step 4980  loss 4.6155  lr 1.31e-04  0.14 s/step  free 47849 MB
2026-07-06 13:53:56,716 INFO step 5000  loss 4.0526  lr 1.31e-04  0.15 s/step  free 47849 MB
2026-07-06 13:53:57,520 INFO Saved step5000.pt (resumable)
2026-07-06 13:54:00,784 INFO step 5020  loss 4.6346  lr 1.31e-04  0.14 s/step  free 47849 MB
2026-07-06 13:54:03,986 INFO step 5040  loss 4.4692  lr 1.30e-04  0.14 s/step  free 47849 MB
2026-07-06 13:54:07,289 INFO step 5060  loss 4.6648  lr 1.30e-04  0.14 s/step  free 47849 MB
2026-07-06 13:54:10,542 INFO step 5080  loss 4.6688  lr 1.29e-04  0.15 s/step  free 47849 MB
2026-07-06 13:54:13,901 INFO step 5100  loss 3.1576  lr 1.29e-04  0.17 s/step  free 47849 MB
2026-07-06 13:54:17,279 INFO step 5120  loss 3.9384  lr 1.28e-04  0.16 s/step  free 47849 MB
2026-07-06 13:54:20,634 INFO step 5140  loss 4.3321  lr 1.28e-04  0.15 s/step  free 47849 MB
2026-07-06 13:54:24,048 INFO step 5160  loss 4.0450  lr 1.27e-04  0.15 s/step  free 47849 MB
2026-07-06 13:54:27,424 INFO step 5180  loss 4.4817  lr 1.27e-04  0.15 s/step  free 47849 MB
2026-07-06 13:54:30,690 INFO step 5200  loss 4.6050  lr 1.26e-04  0.15 s/step  free 47849 MB
2026-07-06 13:54:33,983 INFO step 5220  loss 3.6292  lr 1.26e-04  0.12 s/step  free 47849 MB
2026-07-06 13:54:37,282 INFO step 5240  loss 2.9744  lr 1.25e-04  0.14 s/step  free 47849 MB
2026-07-06 13:54:40,702 INFO step 5260  loss 4.8836  lr 1.25e-04  0.14 s/step  free 47849 MB
2026-07-06 13:54:43,997 INFO step 5280  loss 4.5141  lr 1.24e-04  0.15 s/step  free 47849 MB
2026-07-06 13:54:47,418 INFO step 5300  loss 4.7420  lr 1.24e-04  0.14 s/step  free 47849 MB
2026-07-06 13:54:50,692 INFO step 5320  loss 4.1604  lr 1.23e-04  0.13 s/step  free 47849 MB
2026-07-06 13:54:54,060 INFO step 5340  loss 4.0190  lr 1.23e-04  0.13 s/step  free 47849 MB
2026-07-06 13:54:57,324 INFO step 5360  loss 4.1143  lr 1.22e-04  0.15 s/step  free 47849 MB
2026-07-06 13:55:00,719 INFO step 5380  loss 4.1923  lr 1.22e-04  0.15 s/step  free 47849 MB
2026-07-06 13:55:04,093 INFO step 5400  loss 4.0715  lr 1.21e-04  0.14 s/step  free 47849 MB
2026-07-06 13:55:07,431 INFO step 5420  loss 4.6695  lr 1.21e-04  0.15 s/step  free 47849 MB
2026-07-06 13:55:10,680 INFO step 5440  loss 4.4900  lr 1.20e-04  0.16 s/step  free 47849 MB
2026-07-06 13:55:14,133 INFO step 5460  loss 4.8868  lr 1.20e-04  0.15 s/step  free 47849 MB
2026-07-06 13:55:17,454 INFO step 5480  loss 4.5840  lr 1.19e-04  0.15 s/step  free 47849 MB
2026-07-06 13:55:20,795 INFO step 5500  loss 3.9832  lr 1.19e-04  0.15 s/step  free 47849 MB
2026-07-06 13:55:21,598 INFO Saved step5500.pt (resumable)
2026-07-06 13:55:25,030 INFO step 5520  loss 4.0255  lr 1.18e-04  0.13 s/step  free 47849 MB
2026-07-06 13:55:28,362 INFO step 5540  loss 4.6939  lr 1.18e-04  0.14 s/step  free 47849 MB
2026-07-06 13:55:31,761 INFO step 5560  loss 4.1082  lr 1.17e-04  0.14 s/step  free 47849 MB
2026-07-06 13:55:34,996 INFO step 5580  loss 4.4502  lr 1.17e-04  0.13 s/step  free 47849 MB
2026-07-06 13:55:38,354 INFO step 5600  loss 4.2589  lr 1.16e-04  0.13 s/step  free 47849 MB
2026-07-06 13:55:41,491 INFO step 5620  loss 4.1580  lr 1.16e-04  0.14 s/step  free 47849 MB
2026-07-06 13:55:44,901 INFO step 5640  loss 4.0672  lr 1.15e-04  0.14 s/step  free 47849 MB
2026-07-06 13:55:48,531 INFO step 5660  loss 3.6921  lr 1.15e-04  0.14 s/step  free 47849 MB
2026-07-06 13:55:51,881 INFO step 5680  loss 3.6797  lr 1.14e-04  0.13 s/step  free 47849 MB
2026-07-06 13:55:55,306 INFO step 5700  loss 4.1974  lr 1.14e-04  0.14 s/step  free 47849 MB
2026-07-06 13:55:58,675 INFO step 5720  loss 3.7545  lr 1.13e-04  0.14 s/step  free 47849 MB
2026-07-06 13:56:02,118 INFO step 5740  loss 4.1888  lr 1.13e-04  0.15 s/step  free 47849 MB
2026-07-06 13:56:05,444 INFO step 5760  loss 3.7702  lr 1.12e-04  0.14 s/step  free 47849 MB
2026-07-06 13:56:08,670 INFO step 5780  loss 4.1368  lr 1.12e-04  0.14 s/step  free 47849 MB
2026-07-06 13:56:11,942 INFO step 5800  loss 3.9498  lr 1.11e-04  0.13 s/step  free 47849 MB
2026-07-06 13:56:15,233 INFO step 5820  loss 3.4048  lr 1.11e-04  0.17 s/step  free 47849 MB
2026-07-06 13:56:18,636 INFO step 5840  loss 4.4794  lr 1.10e-04  0.15 s/step  free 47849 MB
2026-07-06 13:56:21,876 INFO step 5860  loss 4.2271  lr 1.10e-04  0.14 s/step  free 47849 MB
2026-07-06 13:56:25,209 INFO step 5880  loss 4.5002  lr 1.09e-04  0.14 s/step  free 47849 MB
2026-07-06 13:56:28,603 INFO step 5900  loss 4.4757  lr 1.09e-04  0.14 s/step  free 47849 MB
2026-07-06 13:56:31,944 INFO step 5920  loss 4.0698  lr 1.08e-04  0.15 s/step  free 47849 MB
2026-07-06 13:56:35,195 INFO step 5940  loss 4.2503  lr 1.08e-04  0.15 s/step  free 47849 MB
2026-07-06 13:56:38,469 INFO step 5960  loss 3.6859  lr 1.07e-04  0.15 s/step  free 47849 MB
2026-07-06 13:56:41,712 INFO step 5980  loss 4.3806  lr 1.07e-04  0.13 s/step  free 47849 MB
2026-07-06 13:56:45,069 INFO step 6000  loss 4.9170  lr 1.06e-04  0.15 s/step  free 47849 MB
2026-07-06 13:56:45,867 INFO Saved step6000.pt (resumable)
Setting `pad_token_id` to `eos_token_id`:151645 for open-end generation.
Setting `pad_token_id` to `eos_token_id`:151645 for open-end generation.
Setting `pad_token_id` to `eos_token_id`:151645 for open-end generation.
Setting `pad_token_id` to `eos_token_id`:151645 for open-end generation.
Setting `pad_token_id` to `eos_token_id`:151645 for open-end generation.
Setting `pad_token_id` to `eos_token_id`:151645 for open-end generation.
Setting `pad_token_id` to `eos_token_id`:151645 for open-end generation.
Setting `pad_token_id` to `eos_token_id`:151645 for open-end generation.
Setting `pad_token_id` to `eos_token_id`:151645 for open-end generation.
Setting `pad_token_id` to `eos_token_id`:151645 for open-end generation.
Setting `pad_token_id` to `eos_token_id`:151645 for open-end generation.
Setting `pad_token_id` to `eos_token_id`:151645 for open-end generation.
Setting `pad_token_id` to `eos_token_id`:151645 for open-end generation.
Setting `pad_token_id` to `eos_token_id`:151645 for open-end generation.
Setting `pad_token_id` to `eos_token_id`:151645 for open-end generation.
Setting `pad_token_id` to `eos_token_id`:151645 for open-end generation.
Setting `pad_token_id` to `eos_token_id`:151645 for open-end generation.
Setting `pad_token_id` to `eos_token_id`:151645 for open-end generation.
Setting `pad_token_id` to `eos_token_id`:151645 for open-end generation.
Setting `pad_token_id` to `eos_token_id`:151645 for open-end generation.
Setting `pad_token_id` to `eos_token_id`:151645 for open-end generation.
Setting `pad_token_id` to `eos_token_id`:151645 for open-end generation.
Setting `pad_token_id` to `eos_token_id`:151645 for open-end generation.
Setting `pad_token_id` to `eos_token_id`:151645 for open-end generation.
Setting `pad_token_id` to `eos_token_id`:151645 for open-end generation.
Setting `pad_token_id` to `eos_token_id`:151645 for open-end generation.
Setting `pad_token_id` to `eos_token_id`:151645 for open-end generation.
Setting `pad_token_id` to `eos_token_id`:151645 for open-end generation.
Setting `pad_token_id` to `eos_token_id`:151645 for open-end generation.
Setting `pad_token_id` to `eos_token_id`:151645 for open-end generation.
Setting `pad_token_id` to `eos_token_id`:151645 for open-end generation.
Setting `pad_token_id` to `eos_token_id`:151645 for open-end generation.
Setting `pad_token_id` to `eos_token_id`:151645 for open-end generation.
Setting `pad_token_id` to `eos_token_id`:151645 for open-end generation.
Setting `pad_token_id` to `eos_token_id`:151645 for open-end generation.
Setting `pad_token_id` to `eos_token_id`:151645 for open-end generation.
Setting `pad_token_id` to `eos_token_id`:151645 for open-end generation.
Setting `pad_token_id` to `eos_token_id`:151645 for open-end generation.
Setting `pad_token_id` to `eos_token_id`:151645 for open-end generation.
Setting `pad_token_id` to `eos_token_id`:151645 for open-end generation.
Setting `pad_token_id` to `eos_token_id`:151645 for open-end generation.
Setting `pad_token_id` to `eos_token_id`:151645 for open-end generation.
Setting `pad_token_id` to `eos_token_id`:151645 for open-end generation.
Setting `pad_token_id` to `eos_token_id`:151645 for open-end generation.
Setting `pad_token_id` to `eos_token_id`:151645 for open-end generation.
Setting `pad_token_id` to `eos_token_id`:151645 for open-end generation.
Setting `pad_token_id` to `eos_token_id`:151645 for open-end generation.
Setting `pad_token_id` to `eos_token_id`:151645 for open-end generation.
Setting `pad_token_id` to `eos_token_id`:151645 for open-end generation.
Setting `pad_token_id` to `eos_token_id`:151645 for open-end generation.
Setting `pad_token_id` to `eos_token_id`:151645 for open-end generation.
Setting `pad_token_id` to `eos_token_id`:151645 for open-end generation.
Setting `pad_token_id` to `eos_token_id`:151645 for open-end generation.
Setting `pad_token_id` to `eos_token_id`:151645 for open-end generation.
Setting `pad_token_id` to `eos_token_id`:151645 for open-end generation.
Setting `pad_token_id` to `eos_token_id`:151645 for open-end generation.
Setting `pad_token_id` to `eos_token_id`:151645 for open-end generation.
Setting `pad_token_id` to `eos_token_id`:151645 for open-end generation.
Setting `pad_token_id` to `eos_token_id`:151645 for open-end generation.
Setting `pad_token_id` to `eos_token_id`:151645 for open-end generation.
Setting `pad_token_id` to `eos_token_id`:151645 for open-end generation.
Setting `pad_token_id` to `eos_token_id`:151645 for open-end generation.
Setting `pad_token_id` to `eos_token_id`:151645 for open-end generation.
Setting `pad_token_id` to `eos_token_id`:151645 for open-end generation.
Setting `pad_token_id` to `eos_token_id`:151645 for open-end generation.
Setting `pad_token_id` to `eos_token_id`:151645 for open-end generation.
Setting `pad_token_id` to `eos_token_id`:151645 for open-end generation.
Setting `pad_token_id` to `eos_token_id`:151645 for open-end generation.
Setting `pad_token_id` to `eos_token_id`:151645 for open-end generation.
Setting `pad_token_id` to `eos_token_id`:151645 for open-end generation.
Setting `pad_token_id` to `eos_token_id`:151645 for open-end generation.
Setting `pad_token_id` to `eos_token_id`:151645 for open-end generation.
Setting `pad_token_id` to `eos_token_id`:151645 for open-end generation.
Setting `pad_token_id` to `eos_token_id`:151645 for open-end generation.
Setting `pad_token_id` to `eos_token_id`:151645 for open-end generation.
Setting `pad_token_id` to `eos_token_id`:151645 for open-end generation.
Setting `pad_token_id` to `eos_token_id`:151645 for open-end generation.
Setting `pad_token_id` to `eos_token_id`:151645 for open-end generation.
Setting `pad_token_id` to `eos_token_id`:151645 for open-end generation.
Setting `pad_token_id` to `eos_token_id`:151645 for open-end generation.
Setting `pad_token_id` to `eos_token_id`:151645 for open-end generation.
Setting `pad_token_id` to `eos_token_id`:151645 for open-end generation.
Setting `pad_token_id` to `eos_token_id`:151645 for open-end generation.
Setting `pad_token_id` to `eos_token_id`:151645 for open-end generation.
Setting `pad_token_id` to `eos_token_id`:151645 for open-end generation.
Setting `pad_token_id` to `eos_token_id`:151645 for open-end generation.
Setting `pad_token_id` to `eos_token_id`:151645 for open-end generation.
Setting `pad_token_id` to `eos_token_id`:151645 for open-end generation.
Setting `pad_token_id` to `eos_token_id`:151645 for open-end generation.
Setting `pad_token_id` to `eos_token_id`:151645 for open-end generation.
Setting `pad_token_id` to `eos_token_id`:151645 for open-end generation.
Setting `pad_token_id` to `eos_token_id`:151645 for open-end generation.
Setting `pad_token_id` to `eos_token_id`:151645 for open-end generation.
Setting `pad_token_id` to `eos_token_id`:151645 for open-end generation.
Setting `pad_token_id` to `eos_token_id`:151645 for open-end generation.
Setting `pad_token_id` to `eos_token_id`:151645 for open-end generation.
Setting `pad_token_id` to `eos_token_id`:151645 for open-end generation.
Setting `pad_token_id` to `eos_token_id`:151645 for open-end generation.
Setting `pad_token_id` to `eos_token_id`:151645 for open-end generation.
Setting `pad_token_id` to `eos_token_id`:151645 for open-end generation.
Setting `pad_token_id` to `eos_token_id`:151645 for open-end generation.
Setting `pad_token_id` to `eos_token_id`:151645 for open-end generation.
Setting `pad_token_id` to `eos_token_id`:151645 for open-end generation.
Setting `pad_token_id` to `eos_token_id`:151645 for open-end generation.
Setting `pad_token_id` to `eos_token_id`:151645 for open-end generation.
Setting `pad_token_id` to `eos_token_id`:151645 for open-end generation.
Setting `pad_token_id` to `eos_token_id`:151645 for open-end generation.
Setting `pad_token_id` to `eos_token_id`:151645 for open-end generation.
Setting `pad_token_id` to `eos_token_id`:151645 for open-end generation.
Setting `pad_token_id` to `eos_token_id`:151645 for open-end generation.
Setting `pad_token_id` to `eos_token_id`:151645 for open-end generation.
Setting `pad_token_id` to `eos_token_id`:151645 for open-end generation.
Setting `pad_token_id` to `eos_token_id`:151645 for open-end generation.
Setting `pad_token_id` to `eos_token_id`:151645 for open-end generation.
Setting `pad_token_id` to `eos_token_id`:151645 for open-end generation.
Setting `pad_token_id` to `eos_token_id`:151645 for open-end generation.
Setting `pad_token_id` to `eos_token_id`:151645 for open-end generation.
Setting `pad_token_id` to `eos_token_id`:151645 for open-end generation.
Setting `pad_token_id` to `eos_token_id`:151645 for open-end generation.
Setting `pad_token_id` to `eos_token_id`:151645 for open-end generation.
Setting `pad_token_id` to `eos_token_id`:151645 for open-end generation.
Setting `pad_token_id` to `eos_token_id`:151645 for open-end generation.
Setting `pad_token_id` to `eos_token_id`:151645 for open-end generation.
Setting `pad_token_id` to `eos_token_id`:151645 for open-end generation.
Setting `pad_token_id` to `eos_token_id`:151645 for open-end generation.
Setting `pad_token_id` to `eos_token_id`:151645 for open-end generation.
Setting `pad_token_id` to `eos_token_id`:151645 for open-end generation.
Setting `pad_token_id` to `eos_token_id`:151645 for open-end generation.
2026-07-06 13:57:34,903 INFO EVAL step  6000  asr_plain=1.00 bias_nat_distractor=1.00 bias_nat_relevant=1.00 complete_nosil=1.00 digit_fire=1.00 digit_hold=1.00 digit_nosil=1.00 lead_sil=1.00 long_sil=1.00 pair_fire=0.88 pair_hold=0.75 silence_only=1.00 single_sil=1.00 spell_email=1.00 spell_name=1.00 truncated=1.00  score=0.977 (49.0s)
2026-07-06 13:57:38,441 INFO step 6020  loss 4.1577  lr 1.06e-04  0.13 s/step  free 47849 MB
2026-07-06 13:57:41,981 INFO step 6040  loss 3.5893  lr 1.05e-04  0.17 s/step  free 47849 MB
2026-07-06 13:57:45,276 INFO step 6060  loss 3.7529  lr 1.05e-04  0.14 s/step  free 47849 MB
2026-07-06 13:57:48,940 INFO step 6080  loss 3.5681  lr 1.04e-04  0.13 s/step  free 47849 MB
2026-07-06 13:57:52,258 INFO step 6100  loss 4.8696  lr 1.04e-04  0.14 s/step  free 47849 MB
2026-07-06 13:57:55,569 INFO step 6120  loss 4.4194  lr 1.03e-04  0.14 s/step  free 47849 MB
2026-07-06 13:57:58,912 INFO step 6140  loss 4.2335  lr 1.03e-04  0.14 s/step  free 47849 MB
2026-07-06 13:58:02,229 INFO step 6160  loss 4.7611  lr 1.02e-04  0.13 s/step  free 47849 MB
2026-07-06 13:58:05,651 INFO step 6180  loss 4.4490  lr 1.02e-04  0.15 s/step  free 47849 MB
2026-07-06 13:58:08,999 INFO step 6200  loss 4.6232  lr 1.01e-04  0.14 s/step  free 47849 MB
2026-07-06 13:58:12,340 INFO step 6220  loss 4.0063  lr 1.01e-04  0.13 s/step  free 47849 MB
2026-07-06 13:58:15,749 INFO step 6240  loss 4.9078  lr 1.00e-04  0.17 s/step  free 47849 MB
2026-07-06 13:58:19,283 INFO step 6260  loss 3.2850  lr 9.97e-05  0.19 s/step  free 47849 MB
2026-07-06 13:58:22,568 INFO step 6280  loss 4.2078  lr 9.92e-05  0.13 s/step  free 47849 MB
2026-07-06 13:58:25,794 INFO step 6300  loss 4.0546  lr 9.87e-05  0.13 s/step  free 47849 MB
2026-07-06 13:58:29,232 INFO step 6320  loss 4.1427  lr 9.82e-05  0.15 s/step  free 47849 MB
2026-07-06 13:58:32,543 INFO step 6340  loss 3.2276  lr 9.77e-05  0.14 s/step  free 47849 MB
2026-07-06 13:58:35,906 INFO step 6360  loss 3.4869  lr 9.72e-05  0.14 s/step  free 47849 MB
2026-07-06 13:58:39,179 INFO step 6380  loss 3.3310  lr 9.67e-05  0.14 s/step  free 47849 MB
2026-07-06 13:58:42,649 INFO step 6400  loss 4.2302  lr 9.62e-05  0.15 s/step  free 47849 MB
2026-07-06 13:58:46,051 INFO step 6420  loss 4.7445  lr 9.57e-05  0.16 s/step  free 47849 MB
2026-07-06 13:58:49,447 INFO step 6440  loss 4.3782  lr 9.52e-05  0.17 s/step  free 47849 MB
2026-07-06 13:58:52,774 INFO step 6460  loss 3.7931  lr 9.47e-05  0.14 s/step  free 47849 MB
2026-07-06 13:58:56,069 INFO step 6480  loss 3.8202  lr 9.42e-05  0.14 s/step  free 47849 MB
2026-07-06 13:58:59,467 INFO step 6500  loss 4.6716  lr 9.37e-05  0.14 s/step  free 47849 MB
2026-07-06 13:59:00,263 INFO Saved step6500.pt (resumable)
2026-07-06 13:59:03,757 INFO step 6520  loss 4.4186  lr 9.32e-05  0.15 s/step  free 47849 MB
2026-07-06 13:59:07,101 INFO step 6540  loss 4.2285  lr 9.27e-05  0.14 s/step  free 47849 MB
2026-07-06 13:59:10,476 INFO step 6560  loss 4.2027  lr 9.22e-05  0.15 s/step  free 47849 MB
2026-07-06 13:59:13,766 INFO step 6580  loss 3.6243  lr 9.18e-05  0.15 s/step  free 47849 MB
2026-07-06 13:59:17,184 INFO step 6600  loss 4.6188  lr 9.13e-05  0.15 s/step  free 47849 MB
2026-07-06 13:59:20,523 INFO step 6620  loss 4.2471  lr 9.08e-05  0.13 s/step  free 47849 MB
2026-07-06 13:59:23,906 INFO step 6640  loss 4.8296  lr 9.03e-05  0.14 s/step  free 47849 MB
2026-07-06 13:59:27,218 INFO step 6660  loss 3.9573  lr 8.98e-05  0.15 s/step  free 47849 MB
2026-07-06 13:59:30,426 INFO step 6680  loss 3.6220  lr 8.93e-05  0.15 s/step  free 47849 MB
2026-07-06 13:59:33,783 INFO step 6700  loss 3.8743  lr 8.88e-05  0.14 s/step  free 47849 MB
2026-07-06 13:59:37,091 INFO step 6720  loss 4.3256  lr 8.83e-05  0.13 s/step  free 47849 MB
2026-07-06 13:59:40,411 INFO step 6740  loss 4.1881  lr 8.78e-05  0.14 s/step  free 47849 MB
2026-07-06 13:59:43,744 INFO step 6760  loss 4.7107  lr 8.73e-05  0.15 s/step  free 47849 MB
2026-07-06 13:59:47,056 INFO step 6780  loss 3.8414  lr 8.68e-05  0.15 s/step  free 47849 MB
2026-07-06 13:59:50,310 INFO step 6800  loss 3.7314  lr 8.63e-05  0.15 s/step  free 47849 MB
2026-07-06 13:59:53,658 INFO step 6820  loss 4.4400  lr 8.58e-05  0.15 s/step  free 47849 MB
2026-07-06 13:59:56,887 INFO step 6840  loss 4.0519  lr 8.53e-05  0.16 s/step  free 47849 MB
2026-07-06 14:00:00,320 INFO step 6860  loss 3.8290  lr 8.48e-05  0.13 s/step  free 47849 MB
2026-07-06 14:00:03,717 INFO step 6880  loss 4.3208  lr 8.43e-05  0.15 s/step  free 47849 MB
2026-07-06 14:00:07,048 INFO step 6900  loss 4.2856  lr 8.39e-05  0.16 s/step  free 47849 MB
2026-07-06 14:00:10,341 INFO step 6920  loss 4.3554  lr 8.34e-05  0.13 s/step  free 47849 MB
2026-07-06 14:00:13,617 INFO step 6940  loss 4.4369  lr 8.29e-05  0.14 s/step  free 47849 MB
2026-07-06 14:00:16,833 INFO step 6960  loss 4.7035  lr 8.24e-05  0.13 s/step  free 47849 MB
2026-07-06 14:00:20,218 INFO step 6980  loss 4.7343  lr 8.19e-05  0.14 s/step  free 47849 MB
2026-07-06 14:00:23,546 INFO step 7000  loss 4.5059  lr 8.14e-05  0.15 s/step  free 47849 MB
2026-07-06 14:00:24,350 INFO Saved step7000.pt (resumable)
2026-07-06 14:00:27,707 INFO step 7020  loss 3.7205  lr 8.09e-05  0.15 s/step  free 47849 MB
2026-07-06 14:00:31,138 INFO step 7040  loss 4.2998  lr 8.05e-05  0.19 s/step  free 47849 MB
2026-07-06 14:00:34,439 INFO step 7060  loss 3.4421  lr 8.00e-05  0.13 s/step  free 47849 MB
2026-07-06 14:00:37,722 INFO step 7080  loss 4.1366  lr 7.95e-05  0.14 s/step  free 47849 MB
2026-07-06 14:00:41,122 INFO step 7100  loss 4.6497  lr 7.90e-05  0.17 s/step  free 47849 MB
2026-07-06 14:00:44,417 INFO step 7120  loss 4.5085  lr 7.85e-05  0.16 s/step  free 47849 MB
2026-07-06 14:00:47,777 INFO step 7140  loss 2.9309  lr 7.80e-05  0.14 s/step  free 47849 MB
2026-07-06 14:00:51,171 INFO step 7160  loss 4.0577  lr 7.76e-05  0.16 s/step  free 47849 MB
2026-07-06 14:00:54,463 INFO step 7180  loss 3.8991  lr 7.71e-05  0.16 s/step  free 47849 MB
2026-07-06 14:00:57,833 INFO step 7200  loss 3.4357  lr 7.66e-05  0.15 s/step  free 47849 MB
2026-07-06 14:01:01,118 INFO step 7220  loss 3.7743  lr 7.61e-05  0.14 s/step  free 47849 MB
2026-07-06 14:01:04,487 INFO step 7240  loss 4.1234  lr 7.56e-05  0.16 s/step  free 47849 MB
2026-07-06 14:01:07,815 INFO step 7260  loss 4.6990  lr 7.52e-05  0.14 s/step  free 47849 MB
2026-07-06 14:01:11,135 INFO step 7280  loss 4.0714  lr 7.47e-05  0.15 s/step  free 47849 MB
2026-07-06 14:01:14,364 INFO step 7300  loss 3.9806  lr 7.42e-05  0.16 s/step  free 47849 MB
2026-07-06 14:01:17,788 INFO step 7320  loss 4.6159  lr 7.37e-05  0.16 s/step  free 47849 MB
2026-07-06 14:01:21,369 INFO step 7340  loss 3.8362  lr 7.33e-05  0.16 s/step  free 47849 MB
2026-07-06 14:01:24,568 INFO step 7360  loss 3.8881  lr 7.28e-05  0.12 s/step  free 60093 MB
2026-07-06 14:01:27,326 INFO step 7380  loss 4.4133  lr 7.23e-05  0.11 s/step  free 60093 MB
2026-07-06 14:01:30,244 INFO step 7400  loss 4.5290  lr 7.19e-05  0.12 s/step  free 55843 MB
2026-07-06 14:01:33,042 INFO step 7420  loss 2.7300  lr 7.14e-05  0.12 s/step  free 55807 MB
2026-07-06 14:01:35,950 INFO step 7440  loss 3.9323  lr 7.09e-05  0.16 s/step  free 55778 MB
2026-07-06 14:01:39,305 INFO step 7460  loss 4.5223  lr 7.04e-05  0.15 s/step  free 55767 MB
2026-07-06 14:01:42,612 INFO step 7480  loss 4.5033  lr 7.00e-05  0.15 s/step  free 55759 MB
2026-07-06 14:01:45,886 INFO step 7500  loss 4.0162  lr 6.95e-05  0.14 s/step  free 55759 MB
2026-07-06 14:01:46,707 INFO Saved step7500.pt (resumable)
Setting `pad_token_id` to `eos_token_id`:151645 for open-end generation.
Setting `pad_token_id` to `eos_token_id`:151645 for open-end generation.
Setting `pad_token_id` to `eos_token_id`:151645 for open-end generation.
Setting `pad_token_id` to `eos_token_id`:151645 for open-end generation.
Setting `pad_token_id` to `eos_token_id`:151645 for open-end generation.
Setting `pad_token_id` to `eos_token_id`:151645 for open-end generation.
Setting `pad_token_id` to `eos_token_id`:151645 for open-end generation.
Setting `pad_token_id` to `eos_token_id`:151645 for open-end generation.
Setting `pad_token_id` to `eos_token_id`:151645 for open-end generation.
Setting `pad_token_id` to `eos_token_id`:151645 for open-end generation.
Setting `pad_token_id` to `eos_token_id`:151645 for open-end generation.
Setting `pad_token_id` to `eos_token_id`:151645 for open-end generation.
Setting `pad_token_id` to `eos_token_id`:151645 for open-end generation.
Setting `pad_token_id` to `eos_token_id`:151645 for open-end generation.
Setting `pad_token_id` to `eos_token_id`:151645 for open-end generation.
Setting `pad_token_id` to `eos_token_id`:151645 for open-end generation.
Setting `pad_token_id` to `eos_token_id`:151645 for open-end generation.
Setting `pad_token_id` to `eos_token_id`:151645 for open-end generation.
Setting `pad_token_id` to `eos_token_id`:151645 for open-end generation.
Setting `pad_token_id` to `eos_token_id`:151645 for open-end generation.
Setting `pad_token_id` to `eos_token_id`:151645 for open-end generation.
Setting `pad_token_id` to `eos_token_id`:151645 for open-end generation.
Setting `pad_token_id` to `eos_token_id`:151645 for open-end generation.
Setting `pad_token_id` to `eos_token_id`:151645 for open-end generation.
Setting `pad_token_id` to `eos_token_id`:151645 for open-end generation.
Setting `pad_token_id` to `eos_token_id`:151645 for open-end generation.
Setting `pad_token_id` to `eos_token_id`:151645 for open-end generation.
Setting `pad_token_id` to `eos_token_id`:151645 for open-end generation.
Setting `pad_token_id` to `eos_token_id`:151645 for open-end generation.
Setting `pad_token_id` to `eos_token_id`:151645 for open-end generation.
Setting `pad_token_id` to `eos_token_id`:151645 for open-end generation.
Setting `pad_token_id` to `eos_token_id`:151645 for open-end generation.
Setting `pad_token_id` to `eos_token_id`:151645 for open-end generation.
Setting `pad_token_id` to `eos_token_id`:151645 for open-end generation.
Setting `pad_token_id` to `eos_token_id`:151645 for open-end generation.
Setting `pad_token_id` to `eos_token_id`:151645 for open-end generation.
Setting `pad_token_id` to `eos_token_id`:151645 for open-end generation.
Setting `pad_token_id` to `eos_token_id`:151645 for open-end generation.
Setting `pad_token_id` to `eos_token_id`:151645 for open-end generation.
Setting `pad_token_id` to `eos_token_id`:151645 for open-end generation.
Setting `pad_token_id` to `eos_token_id`:151645 for open-end generation.
Setting `pad_token_id` to `eos_token_id`:151645 for open-end generation.
Setting `pad_token_id` to `eos_token_id`:151645 for open-end generation.
Setting `pad_token_id` to `eos_token_id`:151645 for open-end generation.
Setting `pad_token_id` to `eos_token_id`:151645 for open-end generation.
Setting `pad_token_id` to `eos_token_id`:151645 for open-end generation.
Setting `pad_token_id` to `eos_token_id`:151645 for open-end generation.
Setting `pad_token_id` to `eos_token_id`:151645 for open-end generation.
Setting `pad_token_id` to `eos_token_id`:151645 for open-end generation.
Setting `pad_token_id` to `eos_token_id`:151645 for open-end generation.
Setting `pad_token_id` to `eos_token_id`:151645 for open-end generation.
Setting `pad_token_id` to `eos_token_id`:151645 for open-end generation.
Setting `pad_token_id` to `eos_token_id`:151645 for open-end generation.
Setting `pad_token_id` to `eos_token_id`:151645 for open-end generation.
Setting `pad_token_id` to `eos_token_id`:151645 for open-end generation.
Setting `pad_token_id` to `eos_token_id`:151645 for open-end generation.
Setting `pad_token_id` to `eos_token_id`:151645 for open-end generation.
Setting `pad_token_id` to `eos_token_id`:151645 for open-end generation.
Setting `pad_token_id` to `eos_token_id`:151645 for open-end generation.
Setting `pad_token_id` to `eos_token_id`:151645 for open-end generation.
Setting `pad_token_id` to `eos_token_id`:151645 for open-end generation.
Setting `pad_token_id` to `eos_token_id`:151645 for open-end generation.
Setting `pad_token_id` to `eos_token_id`:151645 for open-end generation.
Setting `pad_token_id` to `eos_token_id`:151645 for open-end generation.
Setting `pad_token_id` to `eos_token_id`:151645 for open-end generation.
Setting `pad_token_id` to `eos_token_id`:151645 for open-end generation.
Setting `pad_token_id` to `eos_token_id`:151645 for open-end generation.
Setting `pad_token_id` to `eos_token_id`:151645 for open-end generation.
Setting `pad_token_id` to `eos_token_id`:151645 for open-end generation.
Setting `pad_token_id` to `eos_token_id`:151645 for open-end generation.
Setting `pad_token_id` to `eos_token_id`:151645 for open-end generation.
Setting `pad_token_id` to `eos_token_id`:151645 for open-end generation.
Setting `pad_token_id` to `eos_token_id`:151645 for open-end generation.
Setting `pad_token_id` to `eos_token_id`:151645 for open-end generation.
Setting `pad_token_id` to `eos_token_id`:151645 for open-end generation.
Setting `pad_token_id` to `eos_token_id`:151645 for open-end generation.
Setting `pad_token_id` to `eos_token_id`:151645 for open-end generation.
Setting `pad_token_id` to `eos_token_id`:151645 for open-end generation.
Setting `pad_token_id` to `eos_token_id`:151645 for open-end generation.
Setting `pad_token_id` to `eos_token_id`:151645 for open-end generation.
Setting `pad_token_id` to `eos_token_id`:151645 for open-end generation.
Setting `pad_token_id` to `eos_token_id`:151645 for open-end generation.
Setting `pad_token_id` to `eos_token_id`:151645 for open-end generation.
Setting `pad_token_id` to `eos_token_id`:151645 for open-end generation.
Setting `pad_token_id` to `eos_token_id`:151645 for open-end generation.
Setting `pad_token_id` to `eos_token_id`:151645 for open-end generation.
Setting `pad_token_id` to `eos_token_id`:151645 for open-end generation.
Setting `pad_token_id` to `eos_token_id`:151645 for open-end generation.
Setting `pad_token_id` to `eos_token_id`:151645 for open-end generation.
Setting `pad_token_id` to `eos_token_id`:151645 for open-end generation.
Setting `pad_token_id` to `eos_token_id`:151645 for open-end generation.
Setting `pad_token_id` to `eos_token_id`:151645 for open-end generation.
Setting `pad_token_id` to `eos_token_id`:151645 for open-end generation.
Setting `pad_token_id` to `eos_token_id`:151645 for open-end generation.
Setting `pad_token_id` to `eos_token_id`:151645 for open-end generation.
Setting `pad_token_id` to `eos_token_id`:151645 for open-end generation.
Setting `pad_token_id` to `eos_token_id`:151645 for open-end generation.
Setting `pad_token_id` to `eos_token_id`:151645 for open-end generation.
Setting `pad_token_id` to `eos_token_id`:151645 for open-end generation.
Setting `pad_token_id` to `eos_token_id`:151645 for open-end generation.
Setting `pad_token_id` to `eos_token_id`:151645 for open-end generation.
Setting `pad_token_id` to `eos_token_id`:151645 for open-end generation.
Setting `pad_token_id` to `eos_token_id`:151645 for open-end generation.
Setting `pad_token_id` to `eos_token_id`:151645 for open-end generation.
Setting `pad_token_id` to `eos_token_id`:151645 for open-end generation.
Setting `pad_token_id` to `eos_token_id`:151645 for open-end generation.
Setting `pad_token_id` to `eos_token_id`:151645 for open-end generation.
Setting `pad_token_id` to `eos_token_id`:151645 for open-end generation.
Setting `pad_token_id` to `eos_token_id`:151645 for open-end generation.
Setting `pad_token_id` to `eos_token_id`:151645 for open-end generation.
Setting `pad_token_id` to `eos_token_id`:151645 for open-end generation.
Setting `pad_token_id` to `eos_token_id`:151645 for open-end generation.
Setting `pad_token_id` to `eos_token_id`:151645 for open-end generation.
Setting `pad_token_id` to `eos_token_id`:151645 for open-end generation.
Setting `pad_token_id` to `eos_token_id`:151645 for open-end generation.
Setting `pad_token_id` to `eos_token_id`:151645 for open-end generation.
Setting `pad_token_id` to `eos_token_id`:151645 for open-end generation.
Setting `pad_token_id` to `eos_token_id`:151645 for open-end generation.
Setting `pad_token_id` to `eos_token_id`:151645 for open-end generation.
Setting `pad_token_id` to `eos_token_id`:151645 for open-end generation.
Setting `pad_token_id` to `eos_token_id`:151645 for open-end generation.
Setting `pad_token_id` to `eos_token_id`:151645 for open-end generation.
Setting `pad_token_id` to `eos_token_id`:151645 for open-end generation.
Setting `pad_token_id` to `eos_token_id`:151645 for open-end generation.
Setting `pad_token_id` to `eos_token_id`:151645 for open-end generation.
Setting `pad_token_id` to `eos_token_id`:151645 for open-end generation.
Setting `pad_token_id` to `eos_token_id`:151645 for open-end generation.
Setting `pad_token_id` to `eos_token_id`:151645 for open-end generation.
2026-07-06 14:02:35,350 INFO EVAL step  7500  asr_plain=1.00 bias_nat_distractor=1.00 bias_nat_relevant=1.00 complete_nosil=1.00 digit_fire=1.00 digit_hold=1.00 digit_nosil=1.00 lead_sil=1.00 long_sil=1.00 pair_fire=0.88 pair_hold=1.00 silence_only=1.00 single_sil=1.00 spell_email=1.00 spell_name=1.00 truncated=1.00  score=0.992 (48.6s)
2026-07-06 14:02:36,058 INFO New best (v9 score 0.992) -> checkpoints/semantic_endpoint_v18_seed1_es/best.pt
2026-07-06 14:02:39,431 INFO step 7520  loss 4.5313  lr 6.91e-05  0.15 s/step  free 55759 MB
2026-07-06 14:02:42,908 INFO step 7540  loss 4.5205  lr 6.86e-05  0.14 s/step  free 55757 MB
2026-07-06 14:02:46,217 INFO step 7560  loss 4.0997  lr 6.81e-05  0.14 s/step  free 55757 MB
2026-07-06 14:02:49,520 INFO step 7580  loss 3.6239  lr 6.77e-05  0.12 s/step  free 55757 MB
2026-07-06 14:02:52,237 INFO step 7600  loss 3.6500  lr 6.72e-05  0.12 s/step  free 60093 MB
2026-07-06 14:02:54,879 INFO step 7620  loss 3.8443  lr 6.67e-05  0.11 s/step  free 60093 MB
2026-07-06 14:02:57,567 INFO step 7640  loss 4.4214  lr 6.63e-05  0.11 s/step  free 60093 MB
2026-07-06 14:03:00,317 INFO step 7660  loss 4.8520  lr 6.58e-05  0.16 s/step  free 60093 MB
2026-07-06 14:03:03,044 INFO step 7680  loss 4.7099  lr 6.54e-05  0.11 s/step  free 60093 MB
2026-07-06 14:03:05,715 INFO step 7700  loss 4.0115  lr 6.49e-05  0.12 s/step  free 60093 MB
2026-07-06 14:03:08,391 INFO step 7720  loss 4.9196  lr 6.45e-05  0.11 s/step  free 60093 MB
2026-07-06 14:03:11,074 INFO step 7740  loss 4.5289  lr 6.40e-05  0.11 s/step  free 60093 MB
2026-07-06 14:03:13,655 INFO step 7760  loss 4.9078  lr 6.36e-05  0.11 s/step  free 60093 MB
2026-07-06 14:03:16,351 INFO step 7780  loss 4.2420  lr 6.31e-05  0.12 s/step  free 60093 MB
2026-07-06 14:03:18,977 INFO step 7800  loss 3.9720  lr 6.27e-05  0.13 s/step  free 60093 MB
2026-07-06 14:03:21,747 INFO step 7820  loss 4.1366  lr 6.22e-05  0.12 s/step  free 60093 MB
2026-07-06 14:03:24,506 INFO step 7840  loss 4.2567  lr 6.18e-05  0.11 s/step  free 60093 MB
2026-07-06 14:03:27,208 INFO step 7860  loss 4.6490  lr 6.13e-05  0.11 s/step  free 60093 MB
2026-07-06 14:03:29,948 INFO step 7880  loss 4.8067  lr 6.09e-05  0.13 s/step  free 60093 MB
2026-07-06 14:03:32,731 INFO step 7900  loss 4.2109  lr 6.04e-05  0.12 s/step  free 60093 MB
2026-07-06 14:03:35,569 INFO step 7920  loss 4.3581  lr 6.00e-05  0.14 s/step  free 60093 MB
2026-07-06 14:03:38,457 INFO step 7940  loss 4.3631  lr 5.95e-05  0.11 s/step  free 60093 MB
2026-07-06 14:03:41,190 INFO step 7960  loss 4.4062  lr 5.91e-05  0.11 s/step  free 60093 MB
2026-07-06 14:03:43,829 INFO step 7980  loss 3.9676  lr 5.87e-05  0.12 s/step  free 60093 MB
2026-07-06 14:03:46,592 INFO step 8000  loss 4.8461  lr 5.82e-05  0.13 s/step  free 60093 MB
2026-07-06 14:03:47,428 INFO Saved step8000.pt (resumable)
2026-07-06 14:03:50,215 INFO step 8020  loss 4.2733  lr 5.78e-05  0.11 s/step  free 60093 MB
2026-07-06 14:03:53,128 INFO step 8040  loss 4.6933  lr 5.74e-05  0.23 s/step  free 60093 MB
2026-07-06 14:03:55,801 INFO step 8060  loss 3.7086  lr 5.69e-05  0.11 s/step  free 60093 MB
2026-07-06 14:03:58,537 INFO step 8080  loss 4.8691  lr 5.65e-05  0.15 s/step  free 60093 MB
2026-07-06 14:04:01,380 INFO step 8100  loss 4.2803  lr 5.61e-05  0.11 s/step  free 60093 MB
2026-07-06 14:04:04,148 INFO step 8120  loss 4.6224  lr 5.56e-05  0.12 s/step  free 60093 MB
2026-07-06 14:04:06,953 INFO step 8140  loss 4.1153  lr 5.52e-05  0.11 s/step  free 60093 MB
2026-07-06 14:04:09,863 INFO step 8160  loss 3.2909  lr 5.48e-05  0.12 s/step  free 60093 MB
2026-07-06 14:04:12,754 INFO step 8180  loss 4.5162  lr 5.44e-05  0.11 s/step  free 60093 MB
2026-07-06 14:04:15,620 INFO step 8200  loss 4.3286  lr 5.39e-05  0.14 s/step  free 60093 MB
2026-07-06 14:04:18,399 INFO step 8220  loss 4.8148  lr 5.35e-05  0.12 s/step  free 60093 MB
2026-07-06 14:04:21,125 INFO step 8240  loss 4.6606  lr 5.31e-05  0.11 s/step  free 60093 MB
2026-07-06 14:04:23,896 INFO step 8260  loss 2.1246  lr 5.27e-05  0.11 s/step  free 60093 MB
2026-07-06 14:04:26,819 INFO step 8280  loss 4.4489  lr 5.22e-05  0.12 s/step  free 60093 MB
2026-07-06 14:04:29,942 INFO step 8300  loss 3.0974  lr 5.18e-05  0.11 s/step  free 60093 MB
2026-07-06 14:04:33,356 INFO step 8320  loss 4.0962  lr 5.14e-05  0.18 s/step  free 51420 MB
2026-07-06 14:04:37,861 INFO step 8340  loss 4.6345  lr 5.10e-05  0.20 s/step  free 36627 MB
2026-07-06 14:04:42,252 INFO step 8360  loss 4.3851  lr 5.06e-05  0.21 s/step  free 36627 MB
2026-07-06 14:04:46,704 INFO step 8380  loss 3.3839  lr 5.02e-05  0.20 s/step  free 33034 MB
2026-07-06 14:04:51,025 INFO step 8400  loss 4.5769  lr 4.98e-05  0.19 s/step  free 29417 MB
2026-07-06 14:04:55,639 INFO step 8420  loss 3.6735  lr 4.94e-05  0.17 s/step  free 29417 MB
2026-07-06 14:05:00,053 INFO step 8440  loss 4.3295  lr 4.90e-05  0.14 s/step  free 25780 MB
2026-07-06 14:05:04,645 INFO step 8460  loss 4.3534  lr 4.86e-05  0.21 s/step  free 25780 MB
2026-07-06 14:05:08,975 INFO step 8480  loss 4.0183  lr 4.82e-05  0.20 s/step  free 25780 MB
2026-07-06 14:05:13,546 INFO step 8500  loss 3.7658  lr 4.77e-05  0.18 s/step  free 25780 MB
2026-07-06 14:05:14,359 INFO Saved step8500.pt (resumable)
2026-07-06 14:05:18,864 INFO step 8520  loss 3.9158  lr 4.74e-05  0.22 s/step  free 25780 MB
2026-07-06 14:05:23,370 INFO step 8540  loss 3.9390  lr 4.70e-05  0.15 s/step  free 25780 MB
2026-07-06 14:05:27,755 INFO step 8560  loss 4.4302  lr 4.66e-05  0.15 s/step  free 25780 MB
2026-07-06 14:05:32,174 INFO step 8580  loss 4.5633  lr 4.62e-05  0.24 s/step  free 25780 MB
2026-07-06 14:05:36,757 INFO step 8600  loss 4.4848  lr 4.58e-05  0.21 s/step  free 18218 MB
2026-07-06 14:05:41,098 INFO step 8620  loss 3.2334  lr 4.54e-05  0.18 s/step  free 18218 MB
2026-07-06 14:05:45,768 INFO step 8640  loss 4.5897  lr 4.50e-05  0.14 s/step  free 18218 MB
2026-07-06 14:05:50,142 INFO step 8660  loss 4.6380  lr 4.46e-05  0.18 s/step  free 18218 MB
2026-07-06 14:05:54,535 INFO step 8680  loss 4.4059  lr 4.42e-05  0.17 s/step  free 18218 MB
2026-07-06 14:05:58,920 INFO step 8700  loss 4.0668  lr 4.38e-05  0.22 s/step  free 18218 MB
2026-07-06 14:06:03,425 INFO step 8720  loss 3.5950  lr 4.34e-05  0.20 s/step  free 18218 MB
2026-07-06 14:06:07,823 INFO step 8740  loss 4.7535  lr 4.31e-05  0.18 s/step  free 18218 MB
2026-07-06 14:06:12,232 INFO step 8760  loss 5.3339  lr 4.27e-05  0.20 s/step  free 18218 MB
2026-07-06 14:06:16,332 INFO step 8780  loss 3.8778  lr 4.23e-05  0.20 s/step  free 18218 MB
2026-07-06 14:06:20,772 INFO step 8800  loss 4.5538  lr 4.19e-05  0.18 s/step  free 18218 MB
2026-07-06 14:06:24,603 INFO step 8820  loss 4.8186  lr 4.16e-05  0.18 s/step  free 18218 MB
2026-07-06 14:06:29,081 INFO step 8840  loss 4.2426  lr 4.12e-05  0.20 s/step  free 18218 MB
2026-07-06 14:06:33,639 INFO step 8860  loss 4.9454  lr 4.08e-05  0.20 s/step  free 18218 MB
2026-07-06 14:06:38,135 INFO step 8880  loss 5.0716  lr 4.04e-05  0.21 s/step  free 18218 MB
2026-07-06 14:06:42,510 INFO step 8900  loss 4.8586  lr 4.01e-05  0.22 s/step  free 18218 MB
2026-07-06 14:06:46,893 INFO step 8920  loss 4.4078  lr 3.97e-05  0.21 s/step  free 18218 MB
2026-07-06 14:06:51,467 INFO step 8940  loss 4.6169  lr 3.93e-05  0.19 s/step  free 18218 MB
2026-07-06 14:06:55,910 INFO step 8960  loss 4.4262  lr 3.90e-05  0.21 s/step  free 18218 MB
2026-07-06 14:07:00,316 INFO step 8980  loss 4.5817  lr 3.86e-05  0.22 s/step  free 18218 MB
2026-07-06 14:07:04,755 INFO step 9000  loss 2.9333  lr 3.83e-05  0.25 s/step  free 18218 MB
2026-07-06 14:07:05,655 INFO Saved step9000.pt (resumable)
Setting `pad_token_id` to `eos_token_id`:151645 for open-end generation.
Setting `pad_token_id` to `eos_token_id`:151645 for open-end generation.
Setting `pad_token_id` to `eos_token_id`:151645 for open-end generation.
Setting `pad_token_id` to `eos_token_id`:151645 for open-end generation.
Setting `pad_token_id` to `eos_token_id`:151645 for open-end generation.
Setting `pad_token_id` to `eos_token_id`:151645 for open-end generation.
Setting `pad_token_id` to `eos_token_id`:151645 for open-end generation.
Setting `pad_token_id` to `eos_token_id`:151645 for open-end generation.
Setting `pad_token_id` to `eos_token_id`:151645 for open-end generation.
Setting `pad_token_id` to `eos_token_id`:151645 for open-end generation.
Setting `pad_token_id` to `eos_token_id`:151645 for open-end generation.
Setting `pad_token_id` to `eos_token_id`:151645 for open-end generation.
Setting `pad_token_id` to `eos_token_id`:151645 for open-end generation.
Setting `pad_token_id` to `eos_token_id`:151645 for open-end generation.
Setting `pad_token_id` to `eos_token_id`:151645 for open-end generation.
Setting `pad_token_id` to `eos_token_id`:151645 for open-end generation.
Setting `pad_token_id` to `eos_token_id`:151645 for open-end generation.
Setting `pad_token_id` to `eos_token_id`:151645 for open-end generation.
Setting `pad_token_id` to `eos_token_id`:151645 for open-end generation.
Setting `pad_token_id` to `eos_token_id`:151645 for open-end generation.
Setting `pad_token_id` to `eos_token_id`:151645 for open-end generation.
Setting `pad_token_id` to `eos_token_id`:151645 for open-end generation.
Setting `pad_token_id` to `eos_token_id`:151645 for open-end generation.
Setting `pad_token_id` to `eos_token_id`:151645 for open-end generation.
Setting `pad_token_id` to `eos_token_id`:151645 for open-end generation.
Setting `pad_token_id` to `eos_token_id`:151645 for open-end generation.
Setting `pad_token_id` to `eos_token_id`:151645 for open-end generation.
Setting `pad_token_id` to `eos_token_id`:151645 for open-end generation.
Setting `pad_token_id` to `eos_token_id`:151645 for open-end generation.
Setting `pad_token_id` to `eos_token_id`:151645 for open-end generation.
Setting `pad_token_id` to `eos_token_id`:151645 for open-end generation.
Setting `pad_token_id` to `eos_token_id`:151645 for open-end generation.
Setting `pad_token_id` to `eos_token_id`:151645 for open-end generation.
Setting `pad_token_id` to `eos_token_id`:151645 for open-end generation.
Setting `pad_token_id` to `eos_token_id`:151645 for open-end generation.
Setting `pad_token_id` to `eos_token_id`:151645 for open-end generation.
Setting `pad_token_id` to `eos_token_id`:151645 for open-end generation.
Setting `pad_token_id` to `eos_token_id`:151645 for open-end generation.
Setting `pad_token_id` to `eos_token_id`:151645 for open-end generation.
Setting `pad_token_id` to `eos_token_id`:151645 for open-end generation.
Setting `pad_token_id` to `eos_token_id`:151645 for open-end generation.
Setting `pad_token_id` to `eos_token_id`:151645 for open-end generation.
Setting `pad_token_id` to `eos_token_id`:151645 for open-end generation.
Setting `pad_token_id` to `eos_token_id`:151645 for open-end generation.
Setting `pad_token_id` to `eos_token_id`:151645 for open-end generation.
Setting `pad_token_id` to `eos_token_id`:151645 for open-end generation.
Setting `pad_token_id` to `eos_token_id`:151645 for open-end generation.
Setting `pad_token_id` to `eos_token_id`:151645 for open-end generation.
Setting `pad_token_id` to `eos_token_id`:151645 for open-end generation.
Setting `pad_token_id` to `eos_token_id`:151645 for open-end generation.
Setting `pad_token_id` to `eos_token_id`:151645 for open-end generation.
Setting `pad_token_id` to `eos_token_id`:151645 for open-end generation.
Setting `pad_token_id` to `eos_token_id`:151645 for open-end generation.
Setting `pad_token_id` to `eos_token_id`:151645 for open-end generation.
Setting `pad_token_id` to `eos_token_id`:151645 for open-end generation.
Setting `pad_token_id` to `eos_token_id`:151645 for open-end generation.
Setting `pad_token_id` to `eos_token_id`:151645 for open-end generation.
Setting `pad_token_id` to `eos_token_id`:151645 for open-end generation.
Setting `pad_token_id` to `eos_token_id`:151645 for open-end generation.
Setting `pad_token_id` to `eos_token_id`:151645 for open-end generation.
Setting `pad_token_id` to `eos_token_id`:151645 for open-end generation.
Setting `pad_token_id` to `eos_token_id`:151645 for open-end generation.
Setting `pad_token_id` to `eos_token_id`:151645 for open-end generation.
Setting `pad_token_id` to `eos_token_id`:151645 for open-end generation.
Setting `pad_token_id` to `eos_token_id`:151645 for open-end generation.
Setting `pad_token_id` to `eos_token_id`:151645 for open-end generation.
Setting `pad_token_id` to `eos_token_id`:151645 for open-end generation.
Setting `pad_token_id` to `eos_token_id`:151645 for open-end generation.
Setting `pad_token_id` to `eos_token_id`:151645 for open-end generation.
Setting `pad_token_id` to `eos_token_id`:151645 for open-end generation.
Setting `pad_token_id` to `eos_token_id`:151645 for open-end generation.
Setting `pad_token_id` to `eos_token_id`:151645 for open-end generation.
Setting `pad_token_id` to `eos_token_id`:151645 for open-end generation.
Setting `pad_token_id` to `eos_token_id`:151645 for open-end generation.
Setting `pad_token_id` to `eos_token_id`:151645 for open-end generation.
Setting `pad_token_id` to `eos_token_id`:151645 for open-end generation.
Setting `pad_token_id` to `eos_token_id`:151645 for open-end generation.
Setting `pad_token_id` to `eos_token_id`:151645 for open-end generation.
Setting `pad_token_id` to `eos_token_id`:151645 for open-end generation.
Setting `pad_token_id` to `eos_token_id`:151645 for open-end generation.
Setting `pad_token_id` to `eos_token_id`:151645 for open-end generation.
Setting `pad_token_id` to `eos_token_id`:151645 for open-end generation.
Setting `pad_token_id` to `eos_token_id`:151645 for open-end generation.
Setting `pad_token_id` to `eos_token_id`:151645 for open-end generation.
Setting `pad_token_id` to `eos_token_id`:151645 for open-end generation.
Setting `pad_token_id` to `eos_token_id`:151645 for open-end generation.
Setting `pad_token_id` to `eos_token_id`:151645 for open-end generation.
Setting `pad_token_id` to `eos_token_id`:151645 for open-end generation.
Setting `pad_token_id` to `eos_token_id`:151645 for open-end generation.
Setting `pad_token_id` to `eos_token_id`:151645 for open-end generation.
Setting `pad_token_id` to `eos_token_id`:151645 for open-end generation.
Setting `pad_token_id` to `eos_token_id`:151645 for open-end generation.
Setting `pad_token_id` to `eos_token_id`:151645 for open-end generation.
Setting `pad_token_id` to `eos_token_id`:151645 for open-end generation.
Setting `pad_token_id` to `eos_token_id`:151645 for open-end generation.
Setting `pad_token_id` to `eos_token_id`:151645 for open-end generation.
Setting `pad_token_id` to `eos_token_id`:151645 for open-end generation.
Setting `pad_token_id` to `eos_token_id`:151645 for open-end generation.
Setting `pad_token_id` to `eos_token_id`:151645 for open-end generation.
Setting `pad_token_id` to `eos_token_id`:151645 for open-end generation.
Setting `pad_token_id` to `eos_token_id`:151645 for open-end generation.
Setting `pad_token_id` to `eos_token_id`:151645 for open-end generation.
Setting `pad_token_id` to `eos_token_id`:151645 for open-end generation.
Setting `pad_token_id` to `eos_token_id`:151645 for open-end generation.
Setting `pad_token_id` to `eos_token_id`:151645 for open-end generation.
Setting `pad_token_id` to `eos_token_id`:151645 for open-end generation.
Setting `pad_token_id` to `eos_token_id`:151645 for open-end generation.
Setting `pad_token_id` to `eos_token_id`:151645 for open-end generation.
Setting `pad_token_id` to `eos_token_id`:151645 for open-end generation.
Setting `pad_token_id` to `eos_token_id`:151645 for open-end generation.
Setting `pad_token_id` to `eos_token_id`:151645 for open-end generation.
Setting `pad_token_id` to `eos_token_id`:151645 for open-end generation.
Setting `pad_token_id` to `eos_token_id`:151645 for open-end generation.
Setting `pad_token_id` to `eos_token_id`:151645 for open-end generation.
Setting `pad_token_id` to `eos_token_id`:151645 for open-end generation.
Setting `pad_token_id` to `eos_token_id`:151645 for open-end generation.
Setting `pad_token_id` to `eos_token_id`:151645 for open-end generation.
Setting `pad_token_id` to `eos_token_id`:151645 for open-end generation.
Setting `pad_token_id` to `eos_token_id`:151645 for open-end generation.
Setting `pad_token_id` to `eos_token_id`:151645 for open-end generation.
Setting `pad_token_id` to `eos_token_id`:151645 for open-end generation.
Setting `pad_token_id` to `eos_token_id`:151645 for open-end generation.
Setting `pad_token_id` to `eos_token_id`:151645 for open-end generation.
Setting `pad_token_id` to `eos_token_id`:151645 for open-end generation.
Setting `pad_token_id` to `eos_token_id`:151645 for open-end generation.
Setting `pad_token_id` to `eos_token_id`:151645 for open-end generation.
Setting `pad_token_id` to `eos_token_id`:151645 for open-end generation.
Setting `pad_token_id` to `eos_token_id`:151645 for open-end generation.
2026-07-06 14:08:10,038 INFO EVAL step  9000  asr_plain=1.00 bias_nat_distractor=1.00 bias_nat_relevant=1.00 complete_nosil=1.00 digit_fire=1.00 digit_hold=1.00 digit_nosil=1.00 lead_sil=1.00 long_sil=1.00 pair_fire=0.88 pair_hold=1.00 silence_only=1.00 single_sil=1.00 spell_email=1.00 spell_name=1.00 truncated=1.00  score=0.992 (64.4s)
2026-07-06 14:08:14,828 INFO step 9020  loss 4.3811  lr 3.79e-05  0.18 s/step  free 18218 MB
2026-07-06 14:08:19,480 INFO step 9040  loss 3.9815  lr 3.76e-05  0.22 s/step  free 18218 MB
2026-07-06 14:08:23,901 INFO step 9060  loss 3.1186  lr 3.72e-05  0.22 s/step  free 18218 MB
2026-07-06 14:08:28,104 INFO step 9080  loss 4.5422  lr 3.69e-05  0.21 s/step  free 18218 MB
2026-07-06 14:08:32,705 INFO step 9100  loss 3.9742  lr 3.65e-05  0.20 s/step  free 18218 MB
2026-07-06 14:08:37,345 INFO step 9120  loss 4.5638  lr 3.62e-05  0.19 s/step  free 18218 MB
2026-07-06 14:08:41,943 INFO step 9140  loss 3.8963  lr 3.58e-05  0.20 s/step  free 18218 MB
2026-07-06 14:08:46,369 INFO step 9160  loss 4.2752  lr 3.55e-05  0.15 s/step  free 18218 MB
2026-07-06 14:08:50,612 INFO step 9180  loss 4.2612  lr 3.51e-05  0.16 s/step  free 18218 MB
2026-07-06 14:08:55,123 INFO step 9200  loss 2.5809  lr 3.48e-05  0.19 s/step  free 18218 MB
2026-07-06 14:08:59,591 INFO step 9220  loss 4.6854  lr 3.45e-05  0.18 s/step  free 18218 MB
2026-07-06 14:09:04,226 INFO step 9240  loss 4.6342  lr 3.41e-05  0.19 s/step  free 18218 MB
2026-07-06 14:09:08,833 INFO step 9260  loss 4.5687  lr 3.38e-05  0.17 s/step  free 18218 MB
2026-07-06 14:09:13,094 INFO step 9280  loss 3.3480  lr 3.35e-05  0.12 s/step  free 18218 MB
2026-07-06 14:09:17,396 INFO step 9300  loss 4.4121  lr 3.31e-05  0.19 s/step  free 18218 MB
2026-07-06 14:09:21,782 INFO step 9320  loss 4.1551  lr 3.28e-05  0.21 s/step  free 18218 MB
2026-07-06 14:09:26,144 INFO step 9340  loss 3.9408  lr 3.25e-05  0.19 s/step  free 18218 MB
2026-07-06 14:09:30,681 INFO step 9360  loss 5.0452  lr 3.22e-05  0.17 s/step  free 18218 MB
2026-07-06 14:09:35,141 INFO step 9380  loss 4.7560  lr 3.18e-05  0.18 s/step  free 18218 MB
2026-07-06 14:09:39,542 INFO step 9400  loss 4.6701  lr 3.15e-05  0.20 s/step  free 18218 MB
2026-07-06 14:09:43,855 INFO step 9420  loss 4.4231  lr 3.12e-05  0.22 s/step  free 18218 MB
2026-07-06 14:09:47,512 INFO step 9440  loss 4.6218  lr 3.09e-05  0.15 s/step  free 18216 MB
2026-07-06 14:09:50,795 INFO step 9460  loss 4.0445  lr 3.06e-05  0.14 s/step  free 18216 MB
2026-07-06 14:09:54,166 INFO step 9480  loss 4.1609  lr 3.03e-05  0.14 s/step  free 18216 MB
2026-07-06 14:09:57,431 INFO step 9500  loss 3.6328  lr 3.00e-05  0.14 s/step  free 18216 MB
2026-07-06 14:09:58,244 INFO Saved step9500.pt (resumable)
2026-07-06 14:10:01,826 INFO step 9520  loss 4.4388  lr 2.96e-05  0.15 s/step  free 18216 MB
2026-07-06 14:10:05,054 INFO step 9540  loss 4.0950  lr 2.93e-05  0.13 s/step  free 18216 MB
2026-07-06 14:10:08,354 INFO step 9560  loss 4.0783  lr 2.90e-05  0.16 s/step  free 18216 MB
2026-07-06 14:10:11,699 INFO step 9580  loss 3.8989  lr 2.87e-05  0.15 s/step  free 18216 MB
2026-07-06 14:10:15,049 INFO step 9600  loss 4.6981  lr 2.84e-05  0.15 s/step  free 18216 MB
2026-07-06 14:10:18,282 INFO step 9620  loss 4.5303  lr 2.81e-05  0.14 s/step  free 18216 MB
2026-07-06 14:10:21,819 INFO step 9640  loss 4.4161  lr 2.78e-05  0.15 s/step  free 18216 MB
2026-07-06 14:10:25,128 INFO step 9660  loss 4.1845  lr 2.76e-05  0.14 s/step  free 18216 MB
2026-07-06 14:10:28,439 INFO step 9680  loss 4.5994  lr 2.73e-05  0.16 s/step  free 18216 MB
2026-07-06 14:10:31,793 INFO step 9700  loss 4.2457  lr 2.70e-05  0.15 s/step  free 18216 MB
2026-07-06 14:10:35,141 INFO step 9720  loss 3.8615  lr 2.67e-05  0.13 s/step  free 18216 MB
2026-07-06 14:10:38,497 INFO step 9740  loss 3.8925  lr 2.64e-05  0.14 s/step  free 18216 MB
2026-07-06 14:10:41,759 INFO step 9760  loss 3.5222  lr 2.61e-05  0.17 s/step  free 18216 MB
2026-07-06 14:10:45,026 INFO step 9780  loss 4.2093  lr 2.59e-05  0.14 s/step  free 18216 MB
2026-07-06 14:10:48,262 INFO step 9800  loss 4.1725  lr 2.56e-05  0.12 s/step  free 18216 MB
2026-07-06 14:10:51,698 INFO step 9820  loss 4.8863  lr 2.53e-05  0.18 s/step  free 18216 MB
2026-07-06 14:10:56,022 INFO step 9840  loss 4.3494  lr 2.50e-05  0.14 s/step  free 18216 MB
2026-07-06 14:11:00,553 INFO step 9860  loss 4.1478  lr 2.48e-05  0.18 s/step  free 18216 MB
2026-07-06 14:11:04,970 INFO step 9880  loss 4.2474  lr 2.45e-05  0.20 s/step  free 18216 MB
2026-07-06 14:11:09,394 INFO step 9900  loss 3.4176  lr 2.42e-05  0.23 s/step  free 18216 MB
2026-07-06 14:11:13,926 INFO step 9920  loss 3.5077  lr 2.40e-05  0.25 s/step  free 18216 MB
2026-07-06 14:11:18,237 INFO step 9940  loss 4.6541  lr 2.37e-05  0.19 s/step  free 18216 MB
2026-07-06 14:11:22,585 INFO step 9960  loss 4.3771  lr 2.34e-05  0.20 s/step  free 18216 MB
2026-07-06 14:11:27,145 INFO step 9980  loss 4.4054  lr 2.32e-05  0.21 s/step  free 18216 MB
2026-07-06 14:11:31,693 INFO step 10000  loss 3.9571  lr 2.29e-05  0.12 s/step  free 18216 MB
2026-07-06 14:11:32,516 INFO Saved step10000.pt (resumable)
2026-07-06 14:11:37,057 INFO step 10020  loss 4.0190  lr 2.27e-05  0.19 s/step  free 18216 MB
2026-07-06 14:11:41,277 INFO step 10040  loss 4.2956  lr 2.24e-05  0.21 s/step  free 18216 MB
2026-07-06 14:11:45,662 INFO step 10060  loss 4.3671  lr 2.22e-05  0.21 s/step  free 18216 MB
2026-07-06 14:11:50,018 INFO step 10080  loss 3.8494  lr 2.19e-05  0.21 s/step  free 18216 MB
2026-07-06 14:11:54,311 INFO step 10100  loss 3.8926  lr 2.17e-05  0.19 s/step  free 18216 MB
2026-07-06 14:11:58,859 INFO step 10120  loss 4.4562  lr 2.15e-05  0.21 s/step  free 18216 MB
2026-07-06 14:12:03,421 INFO step 10140  loss 4.6857  lr 2.12e-05  0.22 s/step  free 18216 MB
2026-07-06 14:12:08,044 INFO step 10160  loss 3.8889  lr 2.10e-05  0.19 s/step  free 18216 MB
2026-07-06 14:12:12,542 INFO step 10180  loss 4.6186  lr 2.08e-05  0.21 s/step  free 18216 MB
2026-07-06 14:12:17,105 INFO step 10200  loss 4.4450  lr 2.05e-05  0.18 s/step  free 18216 MB
2026-07-06 14:12:21,412 INFO step 10220  loss 4.2675  lr 2.03e-05  0.20 s/step  free 18216 MB
2026-07-06 14:12:25,845 INFO step 10240  loss 3.0739  lr 2.01e-05  0.20 s/step  free 18216 MB
2026-07-06 14:12:30,317 INFO step 10260  loss 4.4682  lr 1.98e-05  0.26 s/step  free 18216 MB
2026-07-06 14:12:34,754 INFO step 10280  loss 3.7801  lr 1.96e-05  0.17 s/step  free 18216 MB
2026-07-06 14:12:39,264 INFO step 10300  loss 4.1583  lr 1.94e-05  0.17 s/step  free 18216 MB
2026-07-06 14:12:43,040 INFO step 10320  loss 3.3627  lr 1.92e-05  0.20 s/step  free 18216 MB
2026-07-06 14:12:47,366 INFO step 10340  loss 4.3226  lr 1.90e-05  0.22 s/step  free 18216 MB
2026-07-06 14:12:51,952 INFO step 10360  loss 4.0258  lr 1.88e-05  0.32 s/step  free 18216 MB
2026-07-06 14:12:56,160 INFO step 10380  loss 3.8421  lr 1.86e-05  0.18 s/step  free 18216 MB
2026-07-06 14:13:00,422 INFO step 10400  loss 3.0606  lr 1.83e-05  0.14 s/step  free 18216 MB
2026-07-06 14:13:04,773 INFO step 10420  loss 4.5151  lr 1.81e-05  0.21 s/step  free 18216 MB
2026-07-06 14:13:09,157 INFO step 10440  loss 3.7988  lr 1.79e-05  0.18 s/step  free 18216 MB
2026-07-06 14:13:13,509 INFO step 10460  loss 3.1347  lr 1.77e-05  0.17 s/step  free 18216 MB
2026-07-06 14:13:18,023 INFO step 10480  loss 3.0780  lr 1.75e-05  0.22 s/step  free 18216 MB
2026-07-06 14:13:22,222 INFO step 10500  loss 4.8804  lr 1.74e-05  0.22 s/step  free 18216 MB
2026-07-06 14:13:23,063 INFO Saved step10500.pt (resumable)
Setting `pad_token_id` to `eos_token_id`:151645 for open-end generation.
Setting `pad_token_id` to `eos_token_id`:151645 for open-end generation.
Setting `pad_token_id` to `eos_token_id`:151645 for open-end generation.
Setting `pad_token_id` to `eos_token_id`:151645 for open-end generation.
Setting `pad_token_id` to `eos_token_id`:151645 for open-end generation.
Setting `pad_token_id` to `eos_token_id`:151645 for open-end generation.
Setting `pad_token_id` to `eos_token_id`:151645 for open-end generation.
Setting `pad_token_id` to `eos_token_id`:151645 for open-end generation.
Setting `pad_token_id` to `eos_token_id`:151645 for open-end generation.
Setting `pad_token_id` to `eos_token_id`:151645 for open-end generation.
Setting `pad_token_id` to `eos_token_id`:151645 for open-end generation.
Setting `pad_token_id` to `eos_token_id`:151645 for open-end generation.
Setting `pad_token_id` to `eos_token_id`:151645 for open-end generation.
Setting `pad_token_id` to `eos_token_id`:151645 for open-end generation.
Setting `pad_token_id` to `eos_token_id`:151645 for open-end generation.
Setting `pad_token_id` to `eos_token_id`:151645 for open-end generation.
Setting `pad_token_id` to `eos_token_id`:151645 for open-end generation.
Setting `pad_token_id` to `eos_token_id`:151645 for open-end generation.
Setting `pad_token_id` to `eos_token_id`:151645 for open-end generation.
Setting `pad_token_id` to `eos_token_id`:151645 for open-end generation.
Setting `pad_token_id` to `eos_token_id`:151645 for open-end generation.
Setting `pad_token_id` to `eos_token_id`:151645 for open-end generation.
Setting `pad_token_id` to `eos_token_id`:151645 for open-end generation.
Setting `pad_token_id` to `eos_token_id`:151645 for open-end generation.
Setting `pad_token_id` to `eos_token_id`:151645 for open-end generation.
Setting `pad_token_id` to `eos_token_id`:151645 for open-end generation.
Setting `pad_token_id` to `eos_token_id`:151645 for open-end generation.
Setting `pad_token_id` to `eos_token_id`:151645 for open-end generation.
Setting `pad_token_id` to `eos_token_id`:151645 for open-end generation.
Setting `pad_token_id` to `eos_token_id`:151645 for open-end generation.
Setting `pad_token_id` to `eos_token_id`:151645 for open-end generation.
Setting `pad_token_id` to `eos_token_id`:151645 for open-end generation.
Setting `pad_token_id` to `eos_token_id`:151645 for open-end generation.
Setting `pad_token_id` to `eos_token_id`:151645 for open-end generation.
Setting `pad_token_id` to `eos_token_id`:151645 for open-end generation.
Setting `pad_token_id` to `eos_token_id`:151645 for open-end generation.
Setting `pad_token_id` to `eos_token_id`:151645 for open-end generation.
Setting `pad_token_id` to `eos_token_id`:151645 for open-end generation.
Setting `pad_token_id` to `eos_token_id`:151645 for open-end generation.
Setting `pad_token_id` to `eos_token_id`:151645 for open-end generation.
Setting `pad_token_id` to `eos_token_id`:151645 for open-end generation.
Setting `pad_token_id` to `eos_token_id`:151645 for open-end generation.
Setting `pad_token_id` to `eos_token_id`:151645 for open-end generation.
Setting `pad_token_id` to `eos_token_id`:151645 for open-end generation.
Setting `pad_token_id` to `eos_token_id`:151645 for open-end generation.
Setting `pad_token_id` to `eos_token_id`:151645 for open-end generation.
Setting `pad_token_id` to `eos_token_id`:151645 for open-end generation.
Setting `pad_token_id` to `eos_token_id`:151645 for open-end generation.
Setting `pad_token_id` to `eos_token_id`:151645 for open-end generation.
Setting `pad_token_id` to `eos_token_id`:151645 for open-end generation.
Setting `pad_token_id` to `eos_token_id`:151645 for open-end generation.
Setting `pad_token_id` to `eos_token_id`:151645 for open-end generation.
Setting `pad_token_id` to `eos_token_id`:151645 for open-end generation.
Setting `pad_token_id` to `eos_token_id`:151645 for open-end generation.
Setting `pad_token_id` to `eos_token_id`:151645 for open-end generation.
Setting `pad_token_id` to `eos_token_id`:151645 for open-end generation.
Setting `pad_token_id` to `eos_token_id`:151645 for open-end generation.
Setting `pad_token_id` to `eos_token_id`:151645 for open-end generation.
Setting `pad_token_id` to `eos_token_id`:151645 for open-end generation.
Setting `pad_token_id` to `eos_token_id`:151645 for open-end generation.
Setting `pad_token_id` to `eos_token_id`:151645 for open-end generation.
Setting `pad_token_id` to `eos_token_id`:151645 for open-end generation.
Setting `pad_token_id` to `eos_token_id`:151645 for open-end generation.
Setting `pad_token_id` to `eos_token_id`:151645 for open-end generation.
Setting `pad_token_id` to `eos_token_id`:151645 for open-end generation.
Setting `pad_token_id` to `eos_token_id`:151645 for open-end generation.
Setting `pad_token_id` to `eos_token_id`:151645 for open-end generation.
Setting `pad_token_id` to `eos_token_id`:151645 for open-end generation.
Setting `pad_token_id` to `eos_token_id`:151645 for open-end generation.
Setting `pad_token_id` to `eos_token_id`:151645 for open-end generation.
Setting `pad_token_id` to `eos_token_id`:151645 for open-end generation.
Setting `pad_token_id` to `eos_token_id`:151645 for open-end generation.
Setting `pad_token_id` to `eos_token_id`:151645 for open-end generation.
Setting `pad_token_id` to `eos_token_id`:151645 for open-end generation.
Setting `pad_token_id` to `eos_token_id`:151645 for open-end generation.
Setting `pad_token_id` to `eos_token_id`:151645 for open-end generation.
Setting `pad_token_id` to `eos_token_id`:151645 for open-end generation.
Setting `pad_token_id` to `eos_token_id`:151645 for open-end generation.
Setting `pad_token_id` to `eos_token_id`:151645 for open-end generation.
Setting `pad_token_id` to `eos_token_id`:151645 for open-end generation.
Setting `pad_token_id` to `eos_token_id`:151645 for open-end generation.
Setting `pad_token_id` to `eos_token_id`:151645 for open-end generation.
Setting `pad_token_id` to `eos_token_id`:151645 for open-end generation.
Setting `pad_token_id` to `eos_token_id`:151645 for open-end generation.
Setting `pad_token_id` to `eos_token_id`:151645 for open-end generation.
Setting `pad_token_id` to `eos_token_id`:151645 for open-end generation.
Setting `pad_token_id` to `eos_token_id`:151645 for open-end generation.
Setting `pad_token_id` to `eos_token_id`:151645 for open-end generation.
Setting `pad_token_id` to `eos_token_id`:151645 for open-end generation.
Setting `pad_token_id` to `eos_token_id`:151645 for open-end generation.
Setting `pad_token_id` to `eos_token_id`:151645 for open-end generation.
Setting `pad_token_id` to `eos_token_id`:151645 for open-end generation.
Setting `pad_token_id` to `eos_token_id`:151645 for open-end generation.
Setting `pad_token_id` to `eos_token_id`:151645 for open-end generation.
Setting `pad_token_id` to `eos_token_id`:151645 for open-end generation.
Setting `pad_token_id` to `eos_token_id`:151645 for open-end generation.
Setting `pad_token_id` to `eos_token_id`:151645 for open-end generation.
Setting `pad_token_id` to `eos_token_id`:151645 for open-end generation.
Setting `pad_token_id` to `eos_token_id`:151645 for open-end generation.
Setting `pad_token_id` to `eos_token_id`:151645 for open-end generation.
Setting `pad_token_id` to `eos_token_id`:151645 for open-end generation.
Setting `pad_token_id` to `eos_token_id`:151645 for open-end generation.
Setting `pad_token_id` to `eos_token_id`:151645 for open-end generation.
Setting `pad_token_id` to `eos_token_id`:151645 for open-end generation.
Setting `pad_token_id` to `eos_token_id`:151645 for open-end generation.
Setting `pad_token_id` to `eos_token_id`:151645 for open-end generation.
Setting `pad_token_id` to `eos_token_id`:151645 for open-end generation.
Setting `pad_token_id` to `eos_token_id`:151645 for open-end generation.
Setting `pad_token_id` to `eos_token_id`:151645 for open-end generation.
Setting `pad_token_id` to `eos_token_id`:151645 for open-end generation.
Setting `pad_token_id` to `eos_token_id`:151645 for open-end generation.
Setting `pad_token_id` to `eos_token_id`:151645 for open-end generation.
Setting `pad_token_id` to `eos_token_id`:151645 for open-end generation.
Setting `pad_token_id` to `eos_token_id`:151645 for open-end generation.
Setting `pad_token_id` to `eos_token_id`:151645 for open-end generation.
Setting `pad_token_id` to `eos_token_id`:151645 for open-end generation.
Setting `pad_token_id` to `eos_token_id`:151645 for open-end generation.
Setting `pad_token_id` to `eos_token_id`:151645 for open-end generation.
Setting `pad_token_id` to `eos_token_id`:151645 for open-end generation.
Setting `pad_token_id` to `eos_token_id`:151645 for open-end generation.
Setting `pad_token_id` to `eos_token_id`:151645 for open-end generation.
Setting `pad_token_id` to `eos_token_id`:151645 for open-end generation.
Setting `pad_token_id` to `eos_token_id`:151645 for open-end generation.
Setting `pad_token_id` to `eos_token_id`:151645 for open-end generation.
Setting `pad_token_id` to `eos_token_id`:151645 for open-end generation.
Setting `pad_token_id` to `eos_token_id`:151645 for open-end generation.
Setting `pad_token_id` to `eos_token_id`:151645 for open-end generation.
Setting `pad_token_id` to `eos_token_id`:151645 for open-end generation.
2026-07-06 14:14:27,452 INFO EVAL step 10500  asr_plain=1.00 bias_nat_distractor=1.00 bias_nat_relevant=1.00 complete_nosil=1.00 digit_fire=1.00 digit_hold=1.00 digit_nosil=1.00 lead_sil=1.00 long_sil=1.00 pair_fire=1.00 pair_hold=0.88 silence_only=1.00 single_sil=1.00 spell_email=1.00 spell_name=1.00 truncated=1.00  score=0.992 (64.4s)
2026-07-06 14:14:31,980 INFO step 10520  loss 4.5833  lr 1.72e-05  0.19 s/step  free 18216 MB
2026-07-06 14:14:36,630 INFO step 10540  loss 4.3981  lr 1.70e-05  0.27 s/step  free 18216 MB
2026-07-06 14:14:41,013 INFO step 10560  loss 4.2179  lr 1.68e-05  0.18 s/step  free 18216 MB
2026-07-06 14:14:45,404 INFO step 10580  loss 3.9580  lr 1.66e-05  0.21 s/step  free 18216 MB
2026-07-06 14:14:49,864 INFO step 10600  loss 4.8246  lr 1.64e-05  0.22 s/step  free 18216 MB
2026-07-06 14:14:54,425 INFO step 10620  loss 4.0964  lr 1.62e-05  0.20 s/step  free 18216 MB
2026-07-06 14:14:59,003 INFO step 10640  loss 3.8370  lr 1.61e-05  0.16 s/step  free 18216 MB
2026-07-06 14:15:03,413 INFO step 10660  loss 4.4737  lr 1.59e-05  0.20 s/step  free 18216 MB
2026-07-06 14:15:07,924 INFO step 10680  loss 4.3116  lr 1.57e-05  0.21 s/step  free 18216 MB
2026-07-06 14:15:12,365 INFO step 10700  loss 4.8395  lr 1.55e-05  0.15 s/step  free 18216 MB
2026-07-06 14:15:16,853 INFO step 10720  loss 4.6804  lr 1.54e-05  0.14 s/step  free 18216 MB
2026-07-06 14:15:21,225 INFO step 10740  loss 4.2118  lr 1.52e-05  0.21 s/step  free 18216 MB
2026-07-06 14:15:25,771 INFO step 10760  loss 4.0877  lr 1.50e-05  0.21 s/step  free 18216 MB
2026-07-06 14:15:30,174 INFO step 10780  loss 3.2700  lr 1.49e-05  0.15 s/step  free 18216 MB
2026-07-06 14:15:34,581 INFO step 10800  loss 4.0406  lr 1.47e-05  0.18 s/step  free 18216 MB
2026-07-06 14:15:39,019 INFO step 10820  loss 4.7421  lr 1.46e-05  0.22 s/step  free 18216 MB
2026-07-06 14:15:43,672 INFO step 10840  loss 3.9227  lr 1.44e-05  0.21 s/step  free 18216 MB
2026-07-06 14:15:48,152 INFO step 10860  loss 4.8342  lr 1.43e-05  0.21 s/step  free 18216 MB
2026-07-06 14:15:52,667 INFO step 10880  loss 3.5467  lr 1.41e-05  0.19 s/step  free 18216 MB
2026-07-06 14:15:57,065 INFO step 10900  loss 4.0952  lr 1.40e-05  0.22 s/step  free 18216 MB
2026-07-06 14:16:01,394 INFO step 10920  loss 3.9883  lr 1.38e-05  0.17 s/step  free 18216 MB
2026-07-06 14:16:04,573 INFO step 10940  loss 4.5430  lr 1.37e-05  0.16 s/step  free 18216 MB
2026-07-06 14:16:08,028 INFO step 10960  loss 3.5585  lr 1.36e-05  0.14 s/step  free 18216 MB
2026-07-06 14:16:11,410 INFO step 10980  loss 4.7205  lr 1.34e-05  0.15 s/step  free 18216 MB
2026-07-06 14:16:14,726 INFO step 11000  loss 4.5194  lr 1.33e-05  0.15 s/step  free 18216 MB
2026-07-06 14:16:15,534 INFO Saved step11000.pt (resumable)
2026-07-06 14:16:18,822 INFO step 11020  loss 4.0960  lr 1.32e-05  0.15 s/step  free 18216 MB
2026-07-06 14:16:22,181 INFO step 11040  loss 4.6685  lr 1.30e-05  0.14 s/step  free 18216 MB
2026-07-06 14:16:25,514 INFO step 11060  loss 3.9921  lr 1.29e-05  0.17 s/step  free 18216 MB
2026-07-06 14:16:28,729 INFO step 11080  loss 3.6016  lr 1.28e-05  0.13 s/step  free 18216 MB
2026-07-06 14:16:32,091 INFO step 11100  loss 3.9952  lr 1.27e-05  0.15 s/step  free 18216 MB
2026-07-06 14:16:35,349 INFO step 11120  loss 4.4088  lr 1.26e-05  0.15 s/step  free 18216 MB
2026-07-06 14:16:38,652 INFO step 11140  loss 4.2400  lr 1.24e-05  0.15 s/step  free 18216 MB
2026-07-06 14:16:41,962 INFO step 11160  loss 4.5254  lr 1.23e-05  0.11 s/step  free 18216 MB
2026-07-06 14:16:45,319 INFO step 11180  loss 5.1785  lr 1.22e-05  0.14 s/step  free 18216 MB
2026-07-06 14:16:48,726 INFO step 11200  loss 4.4239  lr 1.21e-05  0.14 s/step  free 18216 MB
2026-07-06 14:16:52,012 INFO step 11220  loss 4.3890  lr 1.20e-05  0.14 s/step  free 18216 MB
2026-07-06 14:16:55,284 INFO step 11240  loss 3.0435  lr 1.19e-05  0.17 s/step  free 18216 MB
2026-07-06 14:16:58,622 INFO step 11260  loss 3.8696  lr 1.18e-05  0.15 s/step  free 18216 MB
2026-07-06 14:17:01,897 INFO step 11280  loss 4.6943  lr 1.17e-05  0.13 s/step  free 18216 MB
2026-07-06 14:17:05,234 INFO step 11300  loss 3.7979  lr 1.16e-05  0.14 s/step  free 18216 MB
2026-07-06 14:17:08,951 INFO step 11320  loss 4.1987  lr 1.15e-05  0.21 s/step  free 18216 MB
2026-07-06 14:17:13,491 INFO step 11340  loss 3.3175  lr 1.14e-05  0.18 s/step  free 18216 MB
2026-07-06 14:17:18,038 INFO step 11360  loss 3.5881  lr 1.14e-05  0.18 s/step  free 18216 MB
2026-07-06 14:17:22,645 INFO step 11380  loss 4.2144  lr 1.13e-05  0.21 s/step  free 18216 MB
2026-07-06 14:17:27,087 INFO step 11400  loss 4.3900  lr 1.12e-05  0.21 s/step  free 18216 MB
2026-07-06 14:17:31,642 INFO step 11420  loss 4.3484  lr 1.11e-05  0.25 s/step  free 18216 MB
2026-07-06 14:17:36,098 INFO step 11440  loss 4.2920  lr 1.10e-05  0.16 s/step  free 18216 MB
2026-07-06 14:17:40,396 INFO step 11460  loss 3.5657  lr 1.10e-05  0.22 s/step  free 18216 MB
2026-07-06 14:17:44,685 INFO step 11480  loss 3.6995  lr 1.09e-05  0.22 s/step  free 18216 MB
2026-07-06 14:17:49,116 INFO step 11500  loss 4.0863  lr 1.08e-05  0.18 s/step  free 18216 MB
2026-07-06 14:17:49,938 INFO Saved step11500.pt (resumable)
2026-07-06 14:17:54,407 INFO step 11520  loss 4.2548  lr 1.08e-05  0.16 s/step  free 18216 MB
2026-07-06 14:17:58,759 INFO step 11540  loss 4.7603  lr 1.07e-05  0.21 s/step  free 18216 MB
2026-07-06 14:18:03,279 INFO step 11560  loss 3.8060  lr 1.06e-05  0.24 s/step  free 18216 MB
2026-07-06 14:18:07,574 INFO step 11580  loss 4.5174  lr 1.06e-05  0.21 s/step  free 18216 MB
2026-07-06 14:18:12,204 INFO step 11600  loss 4.7818  lr 1.05e-05  0.20 s/step  free 18216 MB
2026-07-06 14:18:16,571 INFO step 11620  loss 4.5396  lr 1.05e-05  0.19 s/step  free 18216 MB
2026-07-06 14:18:20,897 INFO step 11640  loss 4.0722  lr 1.04e-05  0.15 s/step  free 18216 MB
2026-07-06 14:18:25,341 INFO step 11660  loss 3.9659  lr 1.04e-05  0.21 s/step  free 18216 MB
2026-07-06 14:18:29,949 INFO step 11680  loss 4.6087  lr 1.03e-05  0.17 s/step  free 18216 MB
2026-07-06 14:18:34,567 INFO step 11700  loss 3.8075  lr 1.03e-05  0.23 s/step  free 18216 MB
2026-07-06 14:18:38,926 INFO step 11720  loss 3.9414  lr 1.03e-05  0.19 s/step  free 18216 MB
2026-07-06 14:18:43,240 INFO step 11740  loss 3.9148  lr 1.02e-05  0.19 s/step  free 18216 MB
2026-07-06 14:18:47,648 INFO step 11760  loss 4.4884  lr 1.02e-05  0.20 s/step  free 18216 MB
2026-07-06 14:18:51,993 INFO step 11780  loss 4.6674  lr 1.02e-05  0.19 s/step  free 18216 MB
2026-07-06 14:18:56,217 INFO step 11800  loss 4.4866  lr 1.01e-05  0.20 s/step  free 18216 MB
2026-07-06 14:19:00,106 INFO step 11820  loss 3.0643  lr 1.01e-05  0.21 s/step  free 18216 MB
2026-07-06 14:19:04,428 INFO step 11840  loss 3.6941  lr 1.01e-05  0.14 s/step  free 18216 MB
2026-07-06 14:19:08,896 INFO step 11860  loss 5.1013  lr 1.01e-05  0.22 s/step  free 18216 MB
2026-07-06 14:19:13,419 INFO step 11880  loss 3.4655  lr 1.00e-05  0.20 s/step  free 18216 MB
2026-07-06 14:19:17,660 INFO step 11900  loss 4.4646  lr 1.00e-05  0.20 s/step  free 18216 MB
2026-07-06 14:19:22,205 INFO step 11920  loss 4.8788  lr 1.00e-05  0.18 s/step  free 18216 MB
2026-07-06 14:19:26,429 INFO step 11940  loss 3.9855  lr 1.00e-05  0.17 s/step  free 18216 MB
2026-07-06 14:19:30,845 INFO step 11960  loss 4.9121  lr 1.00e-05  0.20 s/step  free 18216 MB
2026-07-06 14:19:35,136 INFO step 11980  loss 4.3238  lr 1.00e-05  0.22 s/step  free 18216 MB
2026-07-06 14:19:39,374 INFO Wrote eval log to checkpoints/semantic_endpoint_v18_seed1_es/eval_log.json (best score 0.992)
2026-07-06 14:19:39,672 INFO Saved final checkpoints/semantic_endpoint_v18_seed1_es/step12000.pt
