2026-07-06 14:04:01,456 INFO Loading data data/semantic_endpoint_v18/data.pt…
2026-07-06 14:04:25,832 INFO Loaded 17301 examples (filtered to ≤ 12 s audio)
2026-07-06 14:04:25,869 INFO Reserved 128 holdout examples {'silence_only': 8, 'single_sil': 8, 'asr_plain': 8, 'complete_nosil': 8, 'digit_fire': 8, 'bias_nat_relevant': 8, 'truncated': 8, 'pair_fire': 8, 'pair_hold': 8, 'spell_email': 8, 'spell_name': 8, 'digit_hold': 8, 'digit_nosil': 8, 'lead_sil': 8, 'bias_nat_distractor': 8, 'long_sil': 8}; train set now 17173
2026-07-06 14:04:25,869 INFO Loading Qwen3-ASR-0.6B base…
The following generation flags are not valid and may be ignored: ['temperature']. Set `TRANSFORMERS_VERBOSITY=info` for more details.
2026-07-06 14:04:31,423 INFO Tokenizer extended: vocab=151707, eager=151705, end=151706 (new rows initialized)
2026-07-06 14:04:31,583 INFO Trainable 164.76 M / Total 791.60 M
2026-07-06 14:04:31,584 INFO AdamW: 224 decay(+LoRA) / 1 no-decay params
2026-07-06 14:04:31,584 INFO --resume set but no step*.pt found; starting fresh
2026-07-06 14:04:32,221 INFO step    0  loss 14.1280  lr 2.00e-06  0.57 s/step  free 52364 MB
2026-07-06 14:04:36,666 INFO step   20  loss 7.1998  lr 4.20e-05  0.16 s/step  free 36627 MB
2026-07-06 14:04:41,219 INFO step   40  loss 4.4855  lr 8.20e-05  0.16 s/step  free 36627 MB
2026-07-06 14:04:45,784 INFO step   60  loss 4.7464  lr 1.22e-04  0.20 s/step  free 36627 MB
2026-07-06 14:04:50,035 INFO step   80  loss 4.8872  lr 1.62e-04  0.21 s/step  free 29417 MB
2026-07-06 14:04:54,651 INFO step  100  loss 4.4069  lr 2.00e-04  0.21 s/step  free 29417 MB
2026-07-06 14:04:59,238 INFO step  120  loss 4.8898  lr 2.00e-04  0.21 s/step  free 25780 MB
2026-07-06 14:05:03,846 INFO step  140  loss 3.9935  lr 2.00e-04  0.20 s/step  free 25780 MB
2026-07-06 14:05:08,271 INFO step  160  loss 3.8224  lr 2.00e-04  0.13 s/step  free 25780 MB
2026-07-06 14:05:12,789 INFO step  180  loss 4.5499  lr 2.00e-04  0.19 s/step  free 25780 MB
2026-07-06 14:05:16,942 INFO step  200  loss 4.1743  lr 2.00e-04  0.15 s/step  free 25780 MB
2026-07-06 14:05:21,346 INFO step  220  loss 3.7872  lr 2.00e-04  0.17 s/step  free 25780 MB
2026-07-06 14:05:25,664 INFO step  240  loss 4.6058  lr 2.00e-04  0.22 s/step  free 25780 MB
2026-07-06 14:05:29,996 INFO step  260  loss 4.8766  lr 2.00e-04  0.20 s/step  free 25780 MB
2026-07-06 14:05:34,282 INFO step  280  loss 4.2460  lr 2.00e-04  0.20 s/step  free 18218 MB
2026-07-06 14:05:38,820 INFO step  300  loss 4.1998  lr 2.00e-04  0.24 s/step  free 18218 MB
2026-07-06 14:05:43,324 INFO step  320  loss 4.4797  lr 2.00e-04  0.25 s/step  free 18218 MB
2026-07-06 14:05:47,986 INFO step  340  loss 4.8774  lr 2.00e-04  0.24 s/step  free 18218 MB
2026-07-06 14:05:52,318 INFO step  360  loss 4.1423  lr 2.00e-04  0.27 s/step  free 18218 MB
2026-07-06 14:05:56,611 INFO step  380  loss 4.4999  lr 2.00e-04  0.21 s/step  free 18218 MB
2026-07-06 14:06:01,047 INFO step  400  loss 4.1254  lr 2.00e-04  0.17 s/step  free 18218 MB
2026-07-06 14:06:05,599 INFO step  420  loss 4.0249  lr 2.00e-04  0.20 s/step  free 18218 MB
2026-07-06 14:06:09,952 INFO step  440  loss 4.3309  lr 2.00e-04  0.20 s/step  free 18218 MB
2026-07-06 14:06:14,451 INFO step  460  loss 4.6492  lr 2.00e-04  0.18 s/step  free 18218 MB
2026-07-06 14:06:19,007 INFO step  480  loss 4.8196  lr 2.00e-04  0.18 s/step  free 18218 MB
2026-07-06 14:06:23,495 INFO step  500  loss 4.2572  lr 1.99e-04  0.21 s/step  free 18218 MB
2026-07-06 14:06:24,263 INFO Saved step500.pt (resumable)
2026-07-06 14:06:28,746 INFO step  520  loss 3.8004  lr 1.99e-04  0.18 s/step  free 18218 MB
2026-07-06 14:06:33,292 INFO step  540  loss 4.6082  lr 1.99e-04  0.19 s/step  free 18218 MB
2026-07-06 14:06:37,777 INFO step  560  loss 4.3772  lr 1.99e-04  0.19 s/step  free 18218 MB
2026-07-06 14:06:42,167 INFO step  580  loss 4.6037  lr 1.99e-04  0.20 s/step  free 18218 MB
2026-07-06 14:06:46,557 INFO step  600  loss 4.4348  lr 1.99e-04  0.15 s/step  free 18218 MB
2026-07-06 14:06:51,125 INFO step  620  loss 4.2135  lr 1.99e-04  0.21 s/step  free 18218 MB
2026-07-06 14:06:55,609 INFO step  640  loss 3.8151  lr 1.99e-04  0.13 s/step  free 18218 MB
2026-07-06 14:06:59,956 INFO step  660  loss 4.4326  lr 1.99e-04  0.21 s/step  free 18218 MB
2026-07-06 14:07:04,346 INFO step  680  loss 4.4350  lr 1.99e-04  0.19 s/step  free 18218 MB
2026-07-06 14:07:07,743 INFO step  700  loss 3.8121  lr 1.99e-04  0.14 s/step  free 18218 MB
2026-07-06 14:07:11,000 INFO step  720  loss 3.6913  lr 1.99e-04  0.13 s/step  free 18218 MB
2026-07-06 14:07:14,418 INFO step  740  loss 4.6260  lr 1.99e-04  0.15 s/step  free 18218 MB
2026-07-06 14:07:17,727 INFO step  760  loss 4.2548  lr 1.99e-04  0.19 s/step  free 18218 MB
2026-07-06 14:07:21,040 INFO step  780  loss 4.2226  lr 1.98e-04  0.15 s/step  free 18218 MB
2026-07-06 14:07:24,291 INFO step  800  loss 4.0944  lr 1.98e-04  0.14 s/step  free 18218 MB
2026-07-06 14:07:27,659 INFO step  820  loss 4.2267  lr 1.98e-04  0.17 s/step  free 18218 MB
2026-07-06 14:07:30,917 INFO step  840  loss 4.7154  lr 1.98e-04  0.14 s/step  free 18218 MB
2026-07-06 14:07:34,297 INFO step  860  loss 4.3525  lr 1.98e-04  0.14 s/step  free 18218 MB
2026-07-06 14:07:37,634 INFO step  880  loss 4.4997  lr 1.98e-04  0.13 s/step  free 18218 MB
2026-07-06 14:07:40,951 INFO step  900  loss 4.5247  lr 1.98e-04  0.13 s/step  free 18218 MB
2026-07-06 14:07:44,357 INFO step  920  loss 4.5567  lr 1.98e-04  0.15 s/step  free 18218 MB
2026-07-06 14:07:47,665 INFO step  940  loss 4.0108  lr 1.98e-04  0.14 s/step  free 18218 MB
2026-07-06 14:07:50,953 INFO step  960  loss 3.7735  lr 1.98e-04  0.13 s/step  free 18218 MB
2026-07-06 14:07:54,272 INFO step  980  loss 4.5063  lr 1.97e-04  0.14 s/step  free 18218 MB
2026-07-06 14:07:57,450 INFO step 1000  loss 3.2051  lr 1.97e-04  0.13 s/step  free 18218 MB
2026-07-06 14:07:58,229 INFO Saved step1000.pt (resumable)
2026-07-06 14:08:01,464 INFO step 1020  loss 4.6422  lr 1.97e-04  0.15 s/step  free 18218 MB
2026-07-06 14:08:04,808 INFO step 1040  loss 4.6907  lr 1.97e-04  0.15 s/step  free 18218 MB
2026-07-06 14:08:08,224 INFO step 1060  loss 4.5360  lr 1.97e-04  0.17 s/step  free 18218 MB
2026-07-06 14:08:11,839 INFO step 1080  loss 4.8941  lr 1.97e-04  0.22 s/step  free 18218 MB
2026-07-06 14:08:16,269 INFO step 1100  loss 4.8897  lr 1.97e-04  0.20 s/step  free 18218 MB
2026-07-06 14:08:20,686 INFO step 1120  loss 4.6561  lr 1.97e-04  0.22 s/step  free 18218 MB
2026-07-06 14:08:24,994 INFO step 1140  loss 4.3491  lr 1.96e-04  0.19 s/step  free 18218 MB
2026-07-06 14:08:29,554 INFO step 1160  loss 4.9730  lr 1.96e-04  0.19 s/step  free 18218 MB
2026-07-06 14:08:33,946 INFO step 1180  loss 4.3333  lr 1.96e-04  0.23 s/step  free 18218 MB
2026-07-06 14:08:38,298 INFO step 1200  loss 4.6489  lr 1.96e-04  0.19 s/step  free 18218 MB
2026-07-06 14:08:42,782 INFO step 1220  loss 4.5825  lr 1.96e-04  0.22 s/step  free 18218 MB
2026-07-06 14:08:47,141 INFO step 1240  loss 4.0667  lr 1.96e-04  0.20 s/step  free 18218 MB
2026-07-06 14:08:51,427 INFO step 1260  loss 2.6850  lr 1.96e-04  0.19 s/step  free 18218 MB
2026-07-06 14:08:55,887 INFO step 1280  loss 4.5051  lr 1.95e-04  0.21 s/step  free 18218 MB
2026-07-06 14:09:00,417 INFO step 1300  loss 4.1250  lr 1.95e-04  0.24 s/step  free 18218 MB
2026-07-06 14:09:04,777 INFO step 1320  loss 4.2487  lr 1.95e-04  0.21 s/step  free 18218 MB
2026-07-06 14:09:09,160 INFO step 1340  loss 3.9188  lr 1.95e-04  0.19 s/step  free 18218 MB
2026-07-06 14:09:13,543 INFO step 1360  loss 3.7710  lr 1.95e-04  0.15 s/step  free 18218 MB
2026-07-06 14:09:17,983 INFO step 1380  loss 4.3822  lr 1.95e-04  0.21 s/step  free 18218 MB
2026-07-06 14:09:22,324 INFO step 1400  loss 4.2695  lr 1.94e-04  0.20 s/step  free 18218 MB
2026-07-06 14:09:26,950 INFO step 1420  loss 4.4794  lr 1.94e-04  0.22 s/step  free 18218 MB
2026-07-06 14:09:31,473 INFO step 1440  loss 3.9428  lr 1.94e-04  0.21 s/step  free 18218 MB
2026-07-06 14:09:36,049 INFO step 1460  loss 3.8376  lr 1.94e-04  0.27 s/step  free 18218 MB
2026-07-06 14:09:40,537 INFO step 1480  loss 3.1949  lr 1.94e-04  0.19 s/step  free 18218 MB
2026-07-06 14:09:45,025 INFO step 1500  loss 4.6188  lr 1.94e-04  0.18 s/step  free 18218 MB
2026-07-06 14:09:45,882 INFO Saved step1500.pt (resumable)
Setting `pad_token_id` to `eos_token_id`:151645 for open-end generation.
Setting `pad_token_id` to `eos_token_id`:151645 for open-end generation.
Setting `pad_token_id` to `eos_token_id`:151645 for open-end generation.
Setting `pad_token_id` to `eos_token_id`:151645 for open-end generation.
Setting `pad_token_id` to `eos_token_id`:151645 for open-end generation.
Setting `pad_token_id` to `eos_token_id`:151645 for open-end generation.
Setting `pad_token_id` to `eos_token_id`:151645 for open-end generation.
Setting `pad_token_id` to `eos_token_id`:151645 for open-end generation.
Setting `pad_token_id` to `eos_token_id`:151645 for open-end generation.
Setting `pad_token_id` to `eos_token_id`:151645 for open-end generation.
Setting `pad_token_id` to `eos_token_id`:151645 for open-end generation.
Setting `pad_token_id` to `eos_token_id`:151645 for open-end generation.
Setting `pad_token_id` to `eos_token_id`:151645 for open-end generation.
Setting `pad_token_id` to `eos_token_id`:151645 for open-end generation.
Setting `pad_token_id` to `eos_token_id`:151645 for open-end generation.
Setting `pad_token_id` to `eos_token_id`:151645 for open-end generation.
Setting `pad_token_id` to `eos_token_id`:151645 for open-end generation.
Setting `pad_token_id` to `eos_token_id`:151645 for open-end generation.
Setting `pad_token_id` to `eos_token_id`:151645 for open-end generation.
Setting `pad_token_id` to `eos_token_id`:151645 for open-end generation.
Setting `pad_token_id` to `eos_token_id`:151645 for open-end generation.
Setting `pad_token_id` to `eos_token_id`:151645 for open-end generation.
Setting `pad_token_id` to `eos_token_id`:151645 for open-end generation.
Setting `pad_token_id` to `eos_token_id`:151645 for open-end generation.
Setting `pad_token_id` to `eos_token_id`:151645 for open-end generation.
Setting `pad_token_id` to `eos_token_id`:151645 for open-end generation.
Setting `pad_token_id` to `eos_token_id`:151645 for open-end generation.
Setting `pad_token_id` to `eos_token_id`:151645 for open-end generation.
Setting `pad_token_id` to `eos_token_id`:151645 for open-end generation.
Setting `pad_token_id` to `eos_token_id`:151645 for open-end generation.
Setting `pad_token_id` to `eos_token_id`:151645 for open-end generation.
Setting `pad_token_id` to `eos_token_id`:151645 for open-end generation.
Setting `pad_token_id` to `eos_token_id`:151645 for open-end generation.
Setting `pad_token_id` to `eos_token_id`:151645 for open-end generation.
Setting `pad_token_id` to `eos_token_id`:151645 for open-end generation.
Setting `pad_token_id` to `eos_token_id`:151645 for open-end generation.
Setting `pad_token_id` to `eos_token_id`:151645 for open-end generation.
Setting `pad_token_id` to `eos_token_id`:151645 for open-end generation.
Setting `pad_token_id` to `eos_token_id`:151645 for open-end generation.
Setting `pad_token_id` to `eos_token_id`:151645 for open-end generation.
Setting `pad_token_id` to `eos_token_id`:151645 for open-end generation.
Setting `pad_token_id` to `eos_token_id`:151645 for open-end generation.
Setting `pad_token_id` to `eos_token_id`:151645 for open-end generation.
Setting `pad_token_id` to `eos_token_id`:151645 for open-end generation.
Setting `pad_token_id` to `eos_token_id`:151645 for open-end generation.
Setting `pad_token_id` to `eos_token_id`:151645 for open-end generation.
Setting `pad_token_id` to `eos_token_id`:151645 for open-end generation.
Setting `pad_token_id` to `eos_token_id`:151645 for open-end generation.
Setting `pad_token_id` to `eos_token_id`:151645 for open-end generation.
Setting `pad_token_id` to `eos_token_id`:151645 for open-end generation.
Setting `pad_token_id` to `eos_token_id`:151645 for open-end generation.
Setting `pad_token_id` to `eos_token_id`:151645 for open-end generation.
Setting `pad_token_id` to `eos_token_id`:151645 for open-end generation.
Setting `pad_token_id` to `eos_token_id`:151645 for open-end generation.
Setting `pad_token_id` to `eos_token_id`:151645 for open-end generation.
Setting `pad_token_id` to `eos_token_id`:151645 for open-end generation.
Setting `pad_token_id` to `eos_token_id`:151645 for open-end generation.
Setting `pad_token_id` to `eos_token_id`:151645 for open-end generation.
Setting `pad_token_id` to `eos_token_id`:151645 for open-end generation.
Setting `pad_token_id` to `eos_token_id`:151645 for open-end generation.
Setting `pad_token_id` to `eos_token_id`:151645 for open-end generation.
Setting `pad_token_id` to `eos_token_id`:151645 for open-end generation.
Setting `pad_token_id` to `eos_token_id`:151645 for open-end generation.
Setting `pad_token_id` to `eos_token_id`:151645 for open-end generation.
Setting `pad_token_id` to `eos_token_id`:151645 for open-end generation.
Setting `pad_token_id` to `eos_token_id`:151645 for open-end generation.
Setting `pad_token_id` to `eos_token_id`:151645 for open-end generation.
Setting `pad_token_id` to `eos_token_id`:151645 for open-end generation.
Setting `pad_token_id` to `eos_token_id`:151645 for open-end generation.
Setting `pad_token_id` to `eos_token_id`:151645 for open-end generation.
Setting `pad_token_id` to `eos_token_id`:151645 for open-end generation.
Setting `pad_token_id` to `eos_token_id`:151645 for open-end generation.
Setting `pad_token_id` to `eos_token_id`:151645 for open-end generation.
Setting `pad_token_id` to `eos_token_id`:151645 for open-end generation.
Setting `pad_token_id` to `eos_token_id`:151645 for open-end generation.
Setting `pad_token_id` to `eos_token_id`:151645 for open-end generation.
Setting `pad_token_id` to `eos_token_id`:151645 for open-end generation.
Setting `pad_token_id` to `eos_token_id`:151645 for open-end generation.
Setting `pad_token_id` to `eos_token_id`:151645 for open-end generation.
Setting `pad_token_id` to `eos_token_id`:151645 for open-end generation.
Setting `pad_token_id` to `eos_token_id`:151645 for open-end generation.
Setting `pad_token_id` to `eos_token_id`:151645 for open-end generation.
Setting `pad_token_id` to `eos_token_id`:151645 for open-end generation.
Setting `pad_token_id` to `eos_token_id`:151645 for open-end generation.
Setting `pad_token_id` to `eos_token_id`:151645 for open-end generation.
Setting `pad_token_id` to `eos_token_id`:151645 for open-end generation.
Setting `pad_token_id` to `eos_token_id`:151645 for open-end generation.
Setting `pad_token_id` to `eos_token_id`:151645 for open-end generation.
Setting `pad_token_id` to `eos_token_id`:151645 for open-end generation.
Setting `pad_token_id` to `eos_token_id`:151645 for open-end generation.
Setting `pad_token_id` to `eos_token_id`:151645 for open-end generation.
Setting `pad_token_id` to `eos_token_id`:151645 for open-end generation.
Setting `pad_token_id` to `eos_token_id`:151645 for open-end generation.
Setting `pad_token_id` to `eos_token_id`:151645 for open-end generation.
Setting `pad_token_id` to `eos_token_id`:151645 for open-end generation.
Setting `pad_token_id` to `eos_token_id`:151645 for open-end generation.
Setting `pad_token_id` to `eos_token_id`:151645 for open-end generation.
Setting `pad_token_id` to `eos_token_id`:151645 for open-end generation.
Setting `pad_token_id` to `eos_token_id`:151645 for open-end generation.
Setting `pad_token_id` to `eos_token_id`:151645 for open-end generation.
Setting `pad_token_id` to `eos_token_id`:151645 for open-end generation.
Setting `pad_token_id` to `eos_token_id`:151645 for open-end generation.
Setting `pad_token_id` to `eos_token_id`:151645 for open-end generation.
Setting `pad_token_id` to `eos_token_id`:151645 for open-end generation.
Setting `pad_token_id` to `eos_token_id`:151645 for open-end generation.
Setting `pad_token_id` to `eos_token_id`:151645 for open-end generation.
Setting `pad_token_id` to `eos_token_id`:151645 for open-end generation.
Setting `pad_token_id` to `eos_token_id`:151645 for open-end generation.
Setting `pad_token_id` to `eos_token_id`:151645 for open-end generation.
Setting `pad_token_id` to `eos_token_id`:151645 for open-end generation.
Setting `pad_token_id` to `eos_token_id`:151645 for open-end generation.
Setting `pad_token_id` to `eos_token_id`:151645 for open-end generation.
Setting `pad_token_id` to `eos_token_id`:151645 for open-end generation.
Setting `pad_token_id` to `eos_token_id`:151645 for open-end generation.
Setting `pad_token_id` to `eos_token_id`:151645 for open-end generation.
Setting `pad_token_id` to `eos_token_id`:151645 for open-end generation.
Setting `pad_token_id` to `eos_token_id`:151645 for open-end generation.
Setting `pad_token_id` to `eos_token_id`:151645 for open-end generation.
Setting `pad_token_id` to `eos_token_id`:151645 for open-end generation.
Setting `pad_token_id` to `eos_token_id`:151645 for open-end generation.
Setting `pad_token_id` to `eos_token_id`:151645 for open-end generation.
Setting `pad_token_id` to `eos_token_id`:151645 for open-end generation.
Setting `pad_token_id` to `eos_token_id`:151645 for open-end generation.
Setting `pad_token_id` to `eos_token_id`:151645 for open-end generation.
Setting `pad_token_id` to `eos_token_id`:151645 for open-end generation.
Setting `pad_token_id` to `eos_token_id`:151645 for open-end generation.
Setting `pad_token_id` to `eos_token_id`:151645 for open-end generation.
Setting `pad_token_id` to `eos_token_id`:151645 for open-end generation.
2026-07-06 14:10:50,208 INFO EVAL step  1500  asr_plain=1.00 bias_nat_distractor=1.00 bias_nat_relevant=1.00 complete_nosil=1.00 digit_fire=0.75 digit_hold=1.00 digit_nosil=1.00 lead_sil=1.00 long_sil=1.00 pair_fire=0.88 pair_hold=0.62 silence_only=1.00 single_sil=1.00 spell_email=1.00 spell_name=1.00 truncated=1.00  score=0.953 (64.3s)
2026-07-06 14:10:50,745 INFO New best (v9 score 0.953) -> checkpoints/semantic_endpoint_v18_seed2_es/best.pt
2026-07-06 14:10:55,087 INFO step 1520  loss 3.2913  lr 1.93e-04  0.18 s/step  free 18216 MB
2026-07-06 14:10:59,352 INFO step 1540  loss 4.0378  lr 1.93e-04  0.20 s/step  free 18216 MB
2026-07-06 14:11:03,795 INFO step 1560  loss 4.6711  lr 1.93e-04  0.15 s/step  free 18216 MB
2026-07-06 14:11:08,144 INFO step 1580  loss 3.6830  lr 1.93e-04  0.20 s/step  free 18216 MB
2026-07-06 14:11:12,585 INFO step 1600  loss 3.1537  lr 1.93e-04  0.21 s/step  free 18216 MB
2026-07-06 14:11:17,099 INFO step 1620  loss 4.6773  lr 1.92e-04  0.21 s/step  free 18216 MB
2026-07-06 14:11:21,581 INFO step 1640  loss 4.3174  lr 1.92e-04  0.22 s/step  free 18216 MB
2026-07-06 14:11:26,087 INFO step 1660  loss 4.4888  lr 1.92e-04  0.20 s/step  free 18216 MB
2026-07-06 14:11:30,635 INFO step 1680  loss 3.6173  lr 1.92e-04  0.20 s/step  free 18216 MB
2026-07-06 14:11:34,530 INFO step 1700  loss 4.4048  lr 1.92e-04  0.20 s/step  free 18216 MB
2026-07-06 14:11:39,265 INFO step 1720  loss 4.4473  lr 1.91e-04  0.21 s/step  free 18216 MB
2026-07-06 14:11:43,843 INFO step 1740  loss 4.6479  lr 1.91e-04  0.20 s/step  free 18216 MB
2026-07-06 14:11:48,129 INFO step 1760  loss 4.3291  lr 1.91e-04  0.21 s/step  free 18216 MB
2026-07-06 14:11:52,474 INFO step 1780  loss 4.3107  lr 1.91e-04  0.20 s/step  free 18216 MB
2026-07-06 14:11:57,130 INFO step 1800  loss 4.2801  lr 1.91e-04  0.23 s/step  free 18216 MB
2026-07-06 14:12:01,481 INFO step 1820  loss 4.2426  lr 1.90e-04  0.23 s/step  free 18216 MB
2026-07-06 14:12:05,877 INFO step 1840  loss 4.6796  lr 1.90e-04  0.20 s/step  free 18216 MB
2026-07-06 14:12:10,400 INFO step 1860  loss 4.2829  lr 1.90e-04  0.22 s/step  free 18216 MB
2026-07-06 14:12:14,731 INFO step 1880  loss 4.0682  lr 1.90e-04  0.16 s/step  free 18216 MB
2026-07-06 14:12:18,949 INFO step 1900  loss 4.0966  lr 1.89e-04  0.19 s/step  free 18216 MB
2026-07-06 14:12:23,492 INFO step 1920  loss 4.2571  lr 1.89e-04  0.18 s/step  free 18216 MB
2026-07-06 14:12:27,951 INFO step 1940  loss 4.4561  lr 1.89e-04  0.21 s/step  free 18216 MB
2026-07-06 14:12:32,194 INFO step 1960  loss 4.6163  lr 1.89e-04  0.13 s/step  free 18216 MB
2026-07-06 14:12:36,721 INFO step 1980  loss 4.9070  lr 1.89e-04  0.22 s/step  free 18216 MB
2026-07-06 14:12:41,109 INFO step 2000  loss 3.9509  lr 1.88e-04  0.17 s/step  free 18216 MB
2026-07-06 14:12:41,925 INFO Saved step2000.pt (resumable)
2026-07-06 14:12:46,339 INFO step 2020  loss 4.0128  lr 1.88e-04  0.18 s/step  free 18216 MB
2026-07-06 14:12:50,830 INFO step 2040  loss 4.3153  lr 1.88e-04  0.13 s/step  free 18216 MB
2026-07-06 14:12:55,235 INFO step 2060  loss 4.8233  lr 1.88e-04  0.18 s/step  free 18216 MB
2026-07-06 14:12:59,585 INFO step 2080  loss 4.3600  lr 1.87e-04  0.21 s/step  free 18216 MB
2026-07-06 14:13:03,970 INFO step 2100  loss 4.2949  lr 1.87e-04  0.18 s/step  free 18216 MB
2026-07-06 14:13:08,412 INFO step 2120  loss 4.3058  lr 1.87e-04  0.17 s/step  free 18216 MB
2026-07-06 14:13:12,811 INFO step 2140  loss 4.3574  lr 1.87e-04  0.23 s/step  free 18216 MB
2026-07-06 14:13:17,192 INFO step 2160  loss 4.8484  lr 1.86e-04  0.21 s/step  free 18216 MB
2026-07-06 14:13:21,869 INFO step 2180  loss 4.5860  lr 1.86e-04  0.21 s/step  free 18216 MB
2026-07-06 14:13:25,105 INFO step 2200  loss 4.7244  lr 1.86e-04  0.15 s/step  free 18216 MB
2026-07-06 14:13:28,299 INFO step 2220  loss 3.7877  lr 1.86e-04  0.13 s/step  free 18216 MB
2026-07-06 14:13:31,531 INFO step 2240  loss 4.0145  lr 1.85e-04  0.16 s/step  free 18216 MB
2026-07-06 14:13:34,873 INFO step 2260  loss 4.3397  lr 1.85e-04  0.14 s/step  free 18216 MB
2026-07-06 14:13:38,261 INFO step 2280  loss 4.4892  lr 1.85e-04  0.14 s/step  free 18216 MB
2026-07-06 14:13:41,526 INFO step 2300  loss 4.3928  lr 1.84e-04  0.14 s/step  free 18216 MB
2026-07-06 14:13:44,758 INFO step 2320  loss 4.4784  lr 1.84e-04  0.15 s/step  free 18216 MB
2026-07-06 14:13:48,096 INFO step 2340  loss 4.2322  lr 1.84e-04  0.14 s/step  free 18216 MB
2026-07-06 14:13:51,381 INFO step 2360  loss 4.3424  lr 1.84e-04  0.13 s/step  free 18216 MB
2026-07-06 14:13:54,655 INFO step 2380  loss 3.8741  lr 1.83e-04  0.15 s/step  free 18216 MB
2026-07-06 14:13:57,994 INFO step 2400  loss 4.2794  lr 1.83e-04  0.14 s/step  free 18216 MB
2026-07-06 14:14:01,343 INFO step 2420  loss 4.5273  lr 1.83e-04  0.15 s/step  free 18216 MB
2026-07-06 14:14:04,648 INFO step 2440  loss 4.3140  lr 1.82e-04  0.15 s/step  free 18216 MB
2026-07-06 14:14:07,918 INFO step 2460  loss 4.5062  lr 1.82e-04  0.14 s/step  free 18216 MB
2026-07-06 14:14:11,311 INFO step 2480  loss 4.4250  lr 1.82e-04  0.14 s/step  free 18216 MB
2026-07-06 14:14:14,591 INFO step 2500  loss 4.7686  lr 1.82e-04  0.14 s/step  free 18216 MB
2026-07-06 14:14:15,407 INFO Saved step2500.pt (resumable)
2026-07-06 14:14:18,687 INFO step 2520  loss 4.5279  lr 1.81e-04  0.13 s/step  free 18216 MB
2026-07-06 14:14:21,916 INFO step 2540  loss 4.5307  lr 1.81e-04  0.14 s/step  free 18216 MB
2026-07-06 14:14:25,307 INFO step 2560  loss 4.5889  lr 1.81e-04  0.14 s/step  free 18216 MB
2026-07-06 14:14:28,910 INFO step 2580  loss 4.2079  lr 1.80e-04  0.20 s/step  free 18216 MB
2026-07-06 14:14:33,255 INFO step 2600  loss 4.4308  lr 1.80e-04  0.21 s/step  free 18216 MB
2026-07-06 14:14:37,630 INFO step 2620  loss 4.0850  lr 1.80e-04  0.21 s/step  free 18216 MB
2026-07-06 14:14:41,985 INFO step 2640  loss 4.5997  lr 1.79e-04  0.18 s/step  free 18216 MB
2026-07-06 14:14:46,322 INFO step 2660  loss 3.3730  lr 1.79e-04  0.18 s/step  free 18216 MB
2026-07-06 14:14:50,919 INFO step 2680  loss 3.9138  lr 1.79e-04  0.21 s/step  free 18216 MB
2026-07-06 14:14:55,514 INFO step 2700  loss 5.0298  lr 1.78e-04  0.18 s/step  free 18216 MB
2026-07-06 14:14:59,996 INFO step 2720  loss 3.8685  lr 1.78e-04  0.18 s/step  free 18216 MB
2026-07-06 14:15:04,410 INFO step 2740  loss 4.5407  lr 1.78e-04  0.18 s/step  free 18216 MB
2026-07-06 14:15:08,766 INFO step 2760  loss 3.9772  lr 1.78e-04  0.21 s/step  free 18216 MB
2026-07-06 14:15:13,102 INFO step 2780  loss 4.2579  lr 1.77e-04  0.21 s/step  free 18216 MB
2026-07-06 14:15:17,378 INFO step 2800  loss 3.4191  lr 1.77e-04  0.14 s/step  free 18216 MB
2026-07-06 14:15:21,764 INFO step 2820  loss 4.5671  lr 1.77e-04  0.16 s/step  free 18216 MB
2026-07-06 14:15:26,332 INFO step 2840  loss 4.6804  lr 1.76e-04  0.21 s/step  free 18216 MB
2026-07-06 14:15:30,702 INFO step 2860  loss 4.5603  lr 1.76e-04  0.18 s/step  free 18216 MB
2026-07-06 14:15:35,130 INFO step 2880  loss 4.6752  lr 1.76e-04  0.22 s/step  free 18216 MB
2026-07-06 14:15:39,375 INFO step 2900  loss 4.1248  lr 1.75e-04  0.18 s/step  free 18216 MB
2026-07-06 14:15:43,704 INFO step 2920  loss 3.8886  lr 1.75e-04  0.20 s/step  free 18216 MB
2026-07-06 14:15:48,038 INFO step 2940  loss 3.7120  lr 1.75e-04  0.19 s/step  free 18216 MB
2026-07-06 14:15:52,554 INFO step 2960  loss 4.4514  lr 1.74e-04  0.18 s/step  free 18216 MB
2026-07-06 14:15:56,971 INFO step 2980  loss 4.4032  lr 1.74e-04  0.21 s/step  free 18216 MB
2026-07-06 14:16:01,310 INFO step 3000  loss 3.3005  lr 1.73e-04  0.20 s/step  free 18216 MB
2026-07-06 14:16:02,127 INFO Saved step3000.pt (resumable)
Setting `pad_token_id` to `eos_token_id`:151645 for open-end generation.
Setting `pad_token_id` to `eos_token_id`:151645 for open-end generation.
Setting `pad_token_id` to `eos_token_id`:151645 for open-end generation.
Setting `pad_token_id` to `eos_token_id`:151645 for open-end generation.
Setting `pad_token_id` to `eos_token_id`:151645 for open-end generation.
Setting `pad_token_id` to `eos_token_id`:151645 for open-end generation.
Setting `pad_token_id` to `eos_token_id`:151645 for open-end generation.
Setting `pad_token_id` to `eos_token_id`:151645 for open-end generation.
Setting `pad_token_id` to `eos_token_id`:151645 for open-end generation.
Setting `pad_token_id` to `eos_token_id`:151645 for open-end generation.
Setting `pad_token_id` to `eos_token_id`:151645 for open-end generation.
Setting `pad_token_id` to `eos_token_id`:151645 for open-end generation.
Setting `pad_token_id` to `eos_token_id`:151645 for open-end generation.
Setting `pad_token_id` to `eos_token_id`:151645 for open-end generation.
Setting `pad_token_id` to `eos_token_id`:151645 for open-end generation.
Setting `pad_token_id` to `eos_token_id`:151645 for open-end generation.
Setting `pad_token_id` to `eos_token_id`:151645 for open-end generation.
Setting `pad_token_id` to `eos_token_id`:151645 for open-end generation.
Setting `pad_token_id` to `eos_token_id`:151645 for open-end generation.
Setting `pad_token_id` to `eos_token_id`:151645 for open-end generation.
Setting `pad_token_id` to `eos_token_id`:151645 for open-end generation.
Setting `pad_token_id` to `eos_token_id`:151645 for open-end generation.
Setting `pad_token_id` to `eos_token_id`:151645 for open-end generation.
Setting `pad_token_id` to `eos_token_id`:151645 for open-end generation.
Setting `pad_token_id` to `eos_token_id`:151645 for open-end generation.
Setting `pad_token_id` to `eos_token_id`:151645 for open-end generation.
Setting `pad_token_id` to `eos_token_id`:151645 for open-end generation.
Setting `pad_token_id` to `eos_token_id`:151645 for open-end generation.
Setting `pad_token_id` to `eos_token_id`:151645 for open-end generation.
Setting `pad_token_id` to `eos_token_id`:151645 for open-end generation.
Setting `pad_token_id` to `eos_token_id`:151645 for open-end generation.
Setting `pad_token_id` to `eos_token_id`:151645 for open-end generation.
Setting `pad_token_id` to `eos_token_id`:151645 for open-end generation.
Setting `pad_token_id` to `eos_token_id`:151645 for open-end generation.
Setting `pad_token_id` to `eos_token_id`:151645 for open-end generation.
Setting `pad_token_id` to `eos_token_id`:151645 for open-end generation.
Setting `pad_token_id` to `eos_token_id`:151645 for open-end generation.
Setting `pad_token_id` to `eos_token_id`:151645 for open-end generation.
Setting `pad_token_id` to `eos_token_id`:151645 for open-end generation.
Setting `pad_token_id` to `eos_token_id`:151645 for open-end generation.
Setting `pad_token_id` to `eos_token_id`:151645 for open-end generation.
Setting `pad_token_id` to `eos_token_id`:151645 for open-end generation.
Setting `pad_token_id` to `eos_token_id`:151645 for open-end generation.
Setting `pad_token_id` to `eos_token_id`:151645 for open-end generation.
Setting `pad_token_id` to `eos_token_id`:151645 for open-end generation.
Setting `pad_token_id` to `eos_token_id`:151645 for open-end generation.
Setting `pad_token_id` to `eos_token_id`:151645 for open-end generation.
Setting `pad_token_id` to `eos_token_id`:151645 for open-end generation.
Setting `pad_token_id` to `eos_token_id`:151645 for open-end generation.
Setting `pad_token_id` to `eos_token_id`:151645 for open-end generation.
Setting `pad_token_id` to `eos_token_id`:151645 for open-end generation.
Setting `pad_token_id` to `eos_token_id`:151645 for open-end generation.
Setting `pad_token_id` to `eos_token_id`:151645 for open-end generation.
Setting `pad_token_id` to `eos_token_id`:151645 for open-end generation.
Setting `pad_token_id` to `eos_token_id`:151645 for open-end generation.
Setting `pad_token_id` to `eos_token_id`:151645 for open-end generation.
Setting `pad_token_id` to `eos_token_id`:151645 for open-end generation.
Setting `pad_token_id` to `eos_token_id`:151645 for open-end generation.
Setting `pad_token_id` to `eos_token_id`:151645 for open-end generation.
Setting `pad_token_id` to `eos_token_id`:151645 for open-end generation.
Setting `pad_token_id` to `eos_token_id`:151645 for open-end generation.
Setting `pad_token_id` to `eos_token_id`:151645 for open-end generation.
Setting `pad_token_id` to `eos_token_id`:151645 for open-end generation.
Setting `pad_token_id` to `eos_token_id`:151645 for open-end generation.
Setting `pad_token_id` to `eos_token_id`:151645 for open-end generation.
Setting `pad_token_id` to `eos_token_id`:151645 for open-end generation.
Setting `pad_token_id` to `eos_token_id`:151645 for open-end generation.
Setting `pad_token_id` to `eos_token_id`:151645 for open-end generation.
Setting `pad_token_id` to `eos_token_id`:151645 for open-end generation.
Setting `pad_token_id` to `eos_token_id`:151645 for open-end generation.
Setting `pad_token_id` to `eos_token_id`:151645 for open-end generation.
Setting `pad_token_id` to `eos_token_id`:151645 for open-end generation.
Setting `pad_token_id` to `eos_token_id`:151645 for open-end generation.
Setting `pad_token_id` to `eos_token_id`:151645 for open-end generation.
Setting `pad_token_id` to `eos_token_id`:151645 for open-end generation.
Setting `pad_token_id` to `eos_token_id`:151645 for open-end generation.
Setting `pad_token_id` to `eos_token_id`:151645 for open-end generation.
Setting `pad_token_id` to `eos_token_id`:151645 for open-end generation.
Setting `pad_token_id` to `eos_token_id`:151645 for open-end generation.
Setting `pad_token_id` to `eos_token_id`:151645 for open-end generation.
Setting `pad_token_id` to `eos_token_id`:151645 for open-end generation.
Setting `pad_token_id` to `eos_token_id`:151645 for open-end generation.
Setting `pad_token_id` to `eos_token_id`:151645 for open-end generation.
Setting `pad_token_id` to `eos_token_id`:151645 for open-end generation.
Setting `pad_token_id` to `eos_token_id`:151645 for open-end generation.
Setting `pad_token_id` to `eos_token_id`:151645 for open-end generation.
Setting `pad_token_id` to `eos_token_id`:151645 for open-end generation.
Setting `pad_token_id` to `eos_token_id`:151645 for open-end generation.
Setting `pad_token_id` to `eos_token_id`:151645 for open-end generation.
Setting `pad_token_id` to `eos_token_id`:151645 for open-end generation.
Setting `pad_token_id` to `eos_token_id`:151645 for open-end generation.
Setting `pad_token_id` to `eos_token_id`:151645 for open-end generation.
Setting `pad_token_id` to `eos_token_id`:151645 for open-end generation.
Setting `pad_token_id` to `eos_token_id`:151645 for open-end generation.
Setting `pad_token_id` to `eos_token_id`:151645 for open-end generation.
Setting `pad_token_id` to `eos_token_id`:151645 for open-end generation.
Setting `pad_token_id` to `eos_token_id`:151645 for open-end generation.
Setting `pad_token_id` to `eos_token_id`:151645 for open-end generation.
Setting `pad_token_id` to `eos_token_id`:151645 for open-end generation.
Setting `pad_token_id` to `eos_token_id`:151645 for open-end generation.
Setting `pad_token_id` to `eos_token_id`:151645 for open-end generation.
Setting `pad_token_id` to `eos_token_id`:151645 for open-end generation.
Setting `pad_token_id` to `eos_token_id`:151645 for open-end generation.
Setting `pad_token_id` to `eos_token_id`:151645 for open-end generation.
Setting `pad_token_id` to `eos_token_id`:151645 for open-end generation.
Setting `pad_token_id` to `eos_token_id`:151645 for open-end generation.
Setting `pad_token_id` to `eos_token_id`:151645 for open-end generation.
Setting `pad_token_id` to `eos_token_id`:151645 for open-end generation.
Setting `pad_token_id` to `eos_token_id`:151645 for open-end generation.
Setting `pad_token_id` to `eos_token_id`:151645 for open-end generation.
Setting `pad_token_id` to `eos_token_id`:151645 for open-end generation.
Setting `pad_token_id` to `eos_token_id`:151645 for open-end generation.
Setting `pad_token_id` to `eos_token_id`:151645 for open-end generation.
Setting `pad_token_id` to `eos_token_id`:151645 for open-end generation.
Setting `pad_token_id` to `eos_token_id`:151645 for open-end generation.
Setting `pad_token_id` to `eos_token_id`:151645 for open-end generation.
Setting `pad_token_id` to `eos_token_id`:151645 for open-end generation.
Setting `pad_token_id` to `eos_token_id`:151645 for open-end generation.
Setting `pad_token_id` to `eos_token_id`:151645 for open-end generation.
Setting `pad_token_id` to `eos_token_id`:151645 for open-end generation.
Setting `pad_token_id` to `eos_token_id`:151645 for open-end generation.
Setting `pad_token_id` to `eos_token_id`:151645 for open-end generation.
Setting `pad_token_id` to `eos_token_id`:151645 for open-end generation.
Setting `pad_token_id` to `eos_token_id`:151645 for open-end generation.
Setting `pad_token_id` to `eos_token_id`:151645 for open-end generation.
Setting `pad_token_id` to `eos_token_id`:151645 for open-end generation.
Setting `pad_token_id` to `eos_token_id`:151645 for open-end generation.
Setting `pad_token_id` to `eos_token_id`:151645 for open-end generation.
2026-07-06 14:17:05,953 INFO EVAL step  3000  asr_plain=1.00 bias_nat_distractor=1.00 bias_nat_relevant=1.00 complete_nosil=1.00 digit_fire=1.00 digit_hold=1.00 digit_nosil=1.00 lead_sil=1.00 long_sil=1.00 pair_fire=0.75 pair_hold=0.62 silence_only=1.00 single_sil=1.00 spell_email=1.00 spell_name=1.00 truncated=1.00  score=0.961 (63.8s)
2026-07-06 14:17:06,688 INFO New best (v9 score 0.961) -> checkpoints/semantic_endpoint_v18_seed2_es/best.pt
2026-07-06 14:17:10,942 INFO step 3020  loss 4.0783  lr 1.73e-04  0.23 s/step  free 18216 MB
2026-07-06 14:17:15,702 INFO step 3040  loss 4.3393  lr 1.73e-04  0.22 s/step  free 18216 MB
2026-07-06 14:17:20,188 INFO step 3060  loss 4.3529  lr 1.72e-04  0.22 s/step  free 18216 MB
2026-07-06 14:17:24,532 INFO step 3080  loss 4.4308  lr 1.72e-04  0.21 s/step  free 18216 MB
2026-07-06 14:17:28,901 INFO step 3100  loss 4.2473  lr 1.72e-04  0.16 s/step  free 18216 MB
2026-07-06 14:17:33,354 INFO step 3120  loss 3.9531  lr 1.71e-04  0.20 s/step  free 18216 MB
2026-07-06 14:17:37,735 INFO step 3140  loss 3.6590  lr 1.71e-04  0.19 s/step  free 18216 MB
2026-07-06 14:17:41,939 INFO step 3160  loss 4.6499  lr 1.71e-04  0.21 s/step  free 18216 MB
2026-07-06 14:17:46,316 INFO step 3180  loss 3.4234  lr 1.70e-04  0.21 s/step  free 18216 MB
2026-07-06 14:17:50,284 INFO step 3200  loss 4.4727  lr 1.70e-04  0.16 s/step  free 18216 MB
2026-07-06 14:17:54,778 INFO step 3220  loss 3.5604  lr 1.70e-04  0.20 s/step  free 18216 MB
2026-07-06 14:17:59,124 INFO step 3240  loss 3.0270  lr 1.69e-04  0.21 s/step  free 18216 MB
2026-07-06 14:18:03,590 INFO step 3260  loss 4.1262  lr 1.69e-04  0.18 s/step  free 18216 MB
2026-07-06 14:18:07,932 INFO step 3280  loss 4.0524  lr 1.68e-04  0.22 s/step  free 18216 MB
2026-07-06 14:18:12,315 INFO step 3300  loss 4.3505  lr 1.68e-04  0.21 s/step  free 18216 MB
2026-07-06 14:18:16,862 INFO step 3320  loss 3.9078  lr 1.68e-04  0.18 s/step  free 18216 MB
2026-07-06 14:18:21,029 INFO step 3340  loss 4.2448  lr 1.67e-04  0.20 s/step  free 18216 MB
2026-07-06 14:18:25,450 INFO step 3360  loss 4.5645  lr 1.67e-04  0.19 s/step  free 18216 MB
2026-07-06 14:18:29,822 INFO step 3380  loss 3.9783  lr 1.67e-04  0.21 s/step  free 18216 MB
2026-07-06 14:18:34,247 INFO step 3400  loss 4.5015  lr 1.66e-04  0.26 s/step  free 18216 MB
2026-07-06 14:18:38,641 INFO step 3420  loss 4.3291  lr 1.66e-04  0.22 s/step  free 18216 MB
2026-07-06 14:18:42,905 INFO step 3440  loss 4.7820  lr 1.65e-04  0.18 s/step  free 18216 MB
2026-07-06 14:18:47,302 INFO step 3460  loss 4.7315  lr 1.65e-04  0.21 s/step  free 18216 MB
2026-07-06 14:18:51,662 INFO step 3480  loss 4.3920  lr 1.65e-04  0.20 s/step  free 18216 MB
2026-07-06 14:18:56,120 INFO step 3500  loss 4.6867  lr 1.64e-04  0.21 s/step  free 18216 MB
2026-07-06 14:18:57,010 INFO Saved step3500.pt (resumable)
2026-07-06 14:19:01,488 INFO step 3520  loss 4.3402  lr 1.64e-04  0.18 s/step  free 18216 MB
2026-07-06 14:19:05,850 INFO step 3540  loss 4.3066  lr 1.63e-04  0.15 s/step  free 18216 MB
2026-07-06 14:19:10,443 INFO step 3560  loss 4.1546  lr 1.63e-04  0.22 s/step  free 18216 MB
2026-07-06 14:19:14,753 INFO step 3580  loss 4.2827  lr 1.63e-04  0.17 s/step  free 18216 MB
2026-07-06 14:19:19,176 INFO step 3600  loss 4.9992  lr 1.62e-04  0.22 s/step  free 18216 MB
2026-07-06 14:19:23,371 INFO step 3620  loss 4.7506  lr 1.62e-04  0.16 s/step  free 18216 MB
2026-07-06 14:19:27,661 INFO step 3640  loss 4.0310  lr 1.61e-04  0.18 s/step  free 18216 MB
2026-07-06 14:19:31,851 INFO step 3660  loss 4.2498  lr 1.61e-04  0.21 s/step  free 18216 MB
2026-07-06 14:19:36,067 INFO step 3680  loss 3.7236  lr 1.61e-04  0.18 s/step  free 18216 MB
2026-07-06 14:19:40,105 INFO step 3700  loss 4.6276  lr 1.60e-04  0.12 s/step  free 18216 MB
2026-07-06 14:19:42,857 INFO step 3720  loss 3.4545  lr 1.60e-04  0.11 s/step  free 60093 MB
2026-07-06 14:19:45,642 INFO step 3740  loss 4.6034  lr 1.59e-04  0.12 s/step  free 60093 MB
2026-07-06 14:19:48,336 INFO step 3760  loss 4.4388  lr 1.59e-04  0.12 s/step  free 60093 MB
2026-07-06 14:19:51,164 INFO step 3780  loss 4.0793  lr 1.59e-04  0.11 s/step  free 60093 MB
2026-07-06 14:19:53,940 INFO step 3800  loss 4.5059  lr 1.58e-04  0.11 s/step  free 60093 MB
2026-07-06 14:19:56,620 INFO step 3820  loss 4.5790  lr 1.58e-04  0.12 s/step  free 60093 MB
2026-07-06 14:19:59,429 INFO step 3840  loss 4.2716  lr 1.57e-04  0.12 s/step  free 60093 MB
2026-07-06 14:20:02,205 INFO step 3860  loss 3.7768  lr 1.57e-04  0.11 s/step  free 60093 MB
2026-07-06 14:20:05,249 INFO step 3880  loss 4.4937  lr 1.56e-04  0.12 s/step  free 57821 MB
2026-07-06 14:20:08,518 INFO step 3900  loss 4.2619  lr 1.56e-04  0.13 s/step  free 55763 MB
2026-07-06 14:20:11,887 INFO step 3920  loss 4.4764  lr 1.56e-04  0.14 s/step  free 55759 MB
2026-07-06 14:20:15,397 INFO step 3940  loss 4.4767  lr 1.55e-04  0.15 s/step  free 55759 MB
2026-07-06 14:20:18,850 INFO step 3960  loss 3.8830  lr 1.55e-04  0.14 s/step  free 55759 MB
2026-07-06 14:20:22,184 INFO step 3980  loss 5.2990  lr 1.54e-04  0.14 s/step  free 55759 MB
2026-07-06 14:20:25,618 INFO step 4000  loss 4.3048  lr 1.54e-04  0.15 s/step  free 55759 MB
2026-07-06 14:20:26,494 INFO Saved step4000.pt (resumable)
2026-07-06 14:20:29,915 INFO step 4020  loss 4.1981  lr 1.54e-04  0.16 s/step  free 55759 MB
2026-07-06 14:20:33,239 INFO step 4040  loss 5.0814  lr 1.53e-04  0.16 s/step  free 55759 MB
2026-07-06 14:20:36,721 INFO step 4060  loss 4.2689  lr 1.53e-04  0.17 s/step  free 55759 MB
2026-07-06 14:20:39,953 INFO step 4080  loss 4.0055  lr 1.52e-04  0.14 s/step  free 55759 MB
2026-07-06 14:20:43,536 INFO step 4100  loss 4.4693  lr 1.52e-04  0.14 s/step  free 55759 MB
2026-07-06 14:20:46,895 INFO step 4120  loss 4.1974  lr 1.51e-04  0.13 s/step  free 55759 MB
2026-07-06 14:20:50,309 INFO step 4140  loss 5.1736  lr 1.51e-04  0.14 s/step  free 55759 MB
2026-07-06 14:20:53,625 INFO step 4160  loss 4.5385  lr 1.50e-04  0.12 s/step  free 55757 MB
2026-07-06 14:20:56,972 INFO step 4180  loss 4.1620  lr 1.50e-04  0.15 s/step  free 55757 MB
2026-07-06 14:21:00,455 INFO step 4200  loss 4.4495  lr 1.50e-04  0.15 s/step  free 55757 MB
2026-07-06 14:21:03,842 INFO step 4220  loss 4.7671  lr 1.49e-04  0.15 s/step  free 55757 MB
2026-07-06 14:21:07,151 INFO step 4240  loss 4.1715  lr 1.49e-04  0.13 s/step  free 55757 MB
2026-07-06 14:21:10,410 INFO step 4260  loss 3.9348  lr 1.48e-04  0.14 s/step  free 55757 MB
2026-07-06 14:21:13,821 INFO step 4280  loss 4.0276  lr 1.48e-04  0.15 s/step  free 55757 MB
2026-07-06 14:21:17,175 INFO step 4300  loss 4.3285  lr 1.47e-04  0.14 s/step  free 55757 MB
2026-07-06 14:21:20,464 INFO step 4320  loss 4.9091  lr 1.47e-04  0.14 s/step  free 55757 MB
2026-07-06 14:21:23,791 INFO step 4340  loss 4.1833  lr 1.46e-04  0.13 s/step  free 55757 MB
2026-07-06 14:21:27,135 INFO step 4360  loss 3.9770  lr 1.46e-04  0.13 s/step  free 55757 MB
2026-07-06 14:21:30,337 INFO step 4380  loss 2.9502  lr 1.46e-04  0.13 s/step  free 55757 MB
2026-07-06 14:21:33,685 INFO step 4400  loss 3.5337  lr 1.45e-04  0.13 s/step  free 55757 MB
2026-07-06 14:21:36,977 INFO step 4420  loss 3.9519  lr 1.45e-04  0.14 s/step  free 55757 MB
2026-07-06 14:21:40,276 INFO step 4440  loss 4.2017  lr 1.44e-04  0.14 s/step  free 55757 MB
2026-07-06 14:21:43,602 INFO step 4460  loss 4.2112  lr 1.44e-04  0.13 s/step  free 55757 MB
2026-07-06 14:21:47,023 INFO step 4480  loss 4.2748  lr 1.43e-04  0.16 s/step  free 55757 MB
2026-07-06 14:21:50,484 INFO step 4500  loss 4.1562  lr 1.43e-04  0.15 s/step  free 55757 MB
2026-07-06 14:21:51,312 INFO Saved step4500.pt (resumable)
Setting `pad_token_id` to `eos_token_id`:151645 for open-end generation.
Setting `pad_token_id` to `eos_token_id`:151645 for open-end generation.
Setting `pad_token_id` to `eos_token_id`:151645 for open-end generation.
Setting `pad_token_id` to `eos_token_id`:151645 for open-end generation.
Setting `pad_token_id` to `eos_token_id`:151645 for open-end generation.
Setting `pad_token_id` to `eos_token_id`:151645 for open-end generation.
Setting `pad_token_id` to `eos_token_id`:151645 for open-end generation.
Setting `pad_token_id` to `eos_token_id`:151645 for open-end generation.
Setting `pad_token_id` to `eos_token_id`:151645 for open-end generation.
Setting `pad_token_id` to `eos_token_id`:151645 for open-end generation.
Setting `pad_token_id` to `eos_token_id`:151645 for open-end generation.
Setting `pad_token_id` to `eos_token_id`:151645 for open-end generation.
Setting `pad_token_id` to `eos_token_id`:151645 for open-end generation.
Setting `pad_token_id` to `eos_token_id`:151645 for open-end generation.
Setting `pad_token_id` to `eos_token_id`:151645 for open-end generation.
Setting `pad_token_id` to `eos_token_id`:151645 for open-end generation.
Setting `pad_token_id` to `eos_token_id`:151645 for open-end generation.
Setting `pad_token_id` to `eos_token_id`:151645 for open-end generation.
Setting `pad_token_id` to `eos_token_id`:151645 for open-end generation.
Setting `pad_token_id` to `eos_token_id`:151645 for open-end generation.
Setting `pad_token_id` to `eos_token_id`:151645 for open-end generation.
Setting `pad_token_id` to `eos_token_id`:151645 for open-end generation.
Setting `pad_token_id` to `eos_token_id`:151645 for open-end generation.
Setting `pad_token_id` to `eos_token_id`:151645 for open-end generation.
Setting `pad_token_id` to `eos_token_id`:151645 for open-end generation.
Setting `pad_token_id` to `eos_token_id`:151645 for open-end generation.
Setting `pad_token_id` to `eos_token_id`:151645 for open-end generation.
Setting `pad_token_id` to `eos_token_id`:151645 for open-end generation.
Setting `pad_token_id` to `eos_token_id`:151645 for open-end generation.
Setting `pad_token_id` to `eos_token_id`:151645 for open-end generation.
Setting `pad_token_id` to `eos_token_id`:151645 for open-end generation.
Setting `pad_token_id` to `eos_token_id`:151645 for open-end generation.
Setting `pad_token_id` to `eos_token_id`:151645 for open-end generation.
Setting `pad_token_id` to `eos_token_id`:151645 for open-end generation.
Setting `pad_token_id` to `eos_token_id`:151645 for open-end generation.
Setting `pad_token_id` to `eos_token_id`:151645 for open-end generation.
Setting `pad_token_id` to `eos_token_id`:151645 for open-end generation.
Setting `pad_token_id` to `eos_token_id`:151645 for open-end generation.
Setting `pad_token_id` to `eos_token_id`:151645 for open-end generation.
Setting `pad_token_id` to `eos_token_id`:151645 for open-end generation.
Setting `pad_token_id` to `eos_token_id`:151645 for open-end generation.
Setting `pad_token_id` to `eos_token_id`:151645 for open-end generation.
Setting `pad_token_id` to `eos_token_id`:151645 for open-end generation.
Setting `pad_token_id` to `eos_token_id`:151645 for open-end generation.
Setting `pad_token_id` to `eos_token_id`:151645 for open-end generation.
Setting `pad_token_id` to `eos_token_id`:151645 for open-end generation.
Setting `pad_token_id` to `eos_token_id`:151645 for open-end generation.
Setting `pad_token_id` to `eos_token_id`:151645 for open-end generation.
Setting `pad_token_id` to `eos_token_id`:151645 for open-end generation.
Setting `pad_token_id` to `eos_token_id`:151645 for open-end generation.
Setting `pad_token_id` to `eos_token_id`:151645 for open-end generation.
Setting `pad_token_id` to `eos_token_id`:151645 for open-end generation.
Setting `pad_token_id` to `eos_token_id`:151645 for open-end generation.
Setting `pad_token_id` to `eos_token_id`:151645 for open-end generation.
Setting `pad_token_id` to `eos_token_id`:151645 for open-end generation.
Setting `pad_token_id` to `eos_token_id`:151645 for open-end generation.
Setting `pad_token_id` to `eos_token_id`:151645 for open-end generation.
Setting `pad_token_id` to `eos_token_id`:151645 for open-end generation.
Setting `pad_token_id` to `eos_token_id`:151645 for open-end generation.
Setting `pad_token_id` to `eos_token_id`:151645 for open-end generation.
Setting `pad_token_id` to `eos_token_id`:151645 for open-end generation.
Setting `pad_token_id` to `eos_token_id`:151645 for open-end generation.
Setting `pad_token_id` to `eos_token_id`:151645 for open-end generation.
Setting `pad_token_id` to `eos_token_id`:151645 for open-end generation.
Setting `pad_token_id` to `eos_token_id`:151645 for open-end generation.
Setting `pad_token_id` to `eos_token_id`:151645 for open-end generation.
Setting `pad_token_id` to `eos_token_id`:151645 for open-end generation.
Setting `pad_token_id` to `eos_token_id`:151645 for open-end generation.
Setting `pad_token_id` to `eos_token_id`:151645 for open-end generation.
Setting `pad_token_id` to `eos_token_id`:151645 for open-end generation.
Setting `pad_token_id` to `eos_token_id`:151645 for open-end generation.
Setting `pad_token_id` to `eos_token_id`:151645 for open-end generation.
Setting `pad_token_id` to `eos_token_id`:151645 for open-end generation.
Setting `pad_token_id` to `eos_token_id`:151645 for open-end generation.
Setting `pad_token_id` to `eos_token_id`:151645 for open-end generation.
Setting `pad_token_id` to `eos_token_id`:151645 for open-end generation.
Setting `pad_token_id` to `eos_token_id`:151645 for open-end generation.
Setting `pad_token_id` to `eos_token_id`:151645 for open-end generation.
Setting `pad_token_id` to `eos_token_id`:151645 for open-end generation.
Setting `pad_token_id` to `eos_token_id`:151645 for open-end generation.
Setting `pad_token_id` to `eos_token_id`:151645 for open-end generation.
Setting `pad_token_id` to `eos_token_id`:151645 for open-end generation.
Setting `pad_token_id` to `eos_token_id`:151645 for open-end generation.
Setting `pad_token_id` to `eos_token_id`:151645 for open-end generation.
Setting `pad_token_id` to `eos_token_id`:151645 for open-end generation.
Setting `pad_token_id` to `eos_token_id`:151645 for open-end generation.
Setting `pad_token_id` to `eos_token_id`:151645 for open-end generation.
Setting `pad_token_id` to `eos_token_id`:151645 for open-end generation.
Setting `pad_token_id` to `eos_token_id`:151645 for open-end generation.
Setting `pad_token_id` to `eos_token_id`:151645 for open-end generation.
Setting `pad_token_id` to `eos_token_id`:151645 for open-end generation.
Setting `pad_token_id` to `eos_token_id`:151645 for open-end generation.
Setting `pad_token_id` to `eos_token_id`:151645 for open-end generation.
Setting `pad_token_id` to `eos_token_id`:151645 for open-end generation.
Setting `pad_token_id` to `eos_token_id`:151645 for open-end generation.
Setting `pad_token_id` to `eos_token_id`:151645 for open-end generation.
Setting `pad_token_id` to `eos_token_id`:151645 for open-end generation.
Setting `pad_token_id` to `eos_token_id`:151645 for open-end generation.
Setting `pad_token_id` to `eos_token_id`:151645 for open-end generation.
Setting `pad_token_id` to `eos_token_id`:151645 for open-end generation.
Setting `pad_token_id` to `eos_token_id`:151645 for open-end generation.
Setting `pad_token_id` to `eos_token_id`:151645 for open-end generation.
Setting `pad_token_id` to `eos_token_id`:151645 for open-end generation.
Setting `pad_token_id` to `eos_token_id`:151645 for open-end generation.
Setting `pad_token_id` to `eos_token_id`:151645 for open-end generation.
Setting `pad_token_id` to `eos_token_id`:151645 for open-end generation.
Setting `pad_token_id` to `eos_token_id`:151645 for open-end generation.
Setting `pad_token_id` to `eos_token_id`:151645 for open-end generation.
Setting `pad_token_id` to `eos_token_id`:151645 for open-end generation.
Setting `pad_token_id` to `eos_token_id`:151645 for open-end generation.
Setting `pad_token_id` to `eos_token_id`:151645 for open-end generation.
Setting `pad_token_id` to `eos_token_id`:151645 for open-end generation.
Setting `pad_token_id` to `eos_token_id`:151645 for open-end generation.
Setting `pad_token_id` to `eos_token_id`:151645 for open-end generation.
Setting `pad_token_id` to `eos_token_id`:151645 for open-end generation.
Setting `pad_token_id` to `eos_token_id`:151645 for open-end generation.
Setting `pad_token_id` to `eos_token_id`:151645 for open-end generation.
Setting `pad_token_id` to `eos_token_id`:151645 for open-end generation.
Setting `pad_token_id` to `eos_token_id`:151645 for open-end generation.
Setting `pad_token_id` to `eos_token_id`:151645 for open-end generation.
Setting `pad_token_id` to `eos_token_id`:151645 for open-end generation.
Setting `pad_token_id` to `eos_token_id`:151645 for open-end generation.
Setting `pad_token_id` to `eos_token_id`:151645 for open-end generation.
Setting `pad_token_id` to `eos_token_id`:151645 for open-end generation.
Setting `pad_token_id` to `eos_token_id`:151645 for open-end generation.
Setting `pad_token_id` to `eos_token_id`:151645 for open-end generation.
Setting `pad_token_id` to `eos_token_id`:151645 for open-end generation.
Setting `pad_token_id` to `eos_token_id`:151645 for open-end generation.
2026-07-06 14:22:40,132 INFO EVAL step  4500  asr_plain=1.00 bias_nat_distractor=1.00 bias_nat_relevant=1.00 complete_nosil=1.00 digit_fire=1.00 digit_hold=1.00 digit_nosil=1.00 lead_sil=1.00 long_sil=1.00 pair_fire=0.88 pair_hold=0.75 silence_only=1.00 single_sil=1.00 spell_email=1.00 spell_name=0.88 truncated=1.00  score=0.969 (48.8s)
2026-07-06 14:22:41,806 INFO New best (v9 score 0.969) -> checkpoints/semantic_endpoint_v18_seed2_es/best.pt
2026-07-06 14:22:45,132 INFO step 4520  loss 3.4149  lr 1.42e-04  0.15 s/step  free 55717 MB
2026-07-06 14:22:48,425 INFO step 4540  loss 2.7217  lr 1.42e-04  0.13 s/step  free 55717 MB
2026-07-06 14:22:51,737 INFO step 4560  loss 4.4189  lr 1.41e-04  0.14 s/step  free 55717 MB
2026-07-06 14:22:55,027 INFO step 4580  loss 3.9372  lr 1.41e-04  0.15 s/step  free 55717 MB
2026-07-06 14:22:58,286 INFO step 4600  loss 4.5950  lr 1.40e-04  0.14 s/step  free 55717 MB
2026-07-06 14:23:01,603 INFO step 4620  loss 3.4691  lr 1.40e-04  0.13 s/step  free 55717 MB
2026-07-06 14:23:04,825 INFO step 4640  loss 3.6292  lr 1.40e-04  0.14 s/step  free 55717 MB
2026-07-06 14:23:08,243 INFO step 4660  loss 4.1583  lr 1.39e-04  0.14 s/step  free 55717 MB
2026-07-06 14:23:11,472 INFO step 4680  loss 4.4063  lr 1.39e-04  0.13 s/step  free 55717 MB
2026-07-06 14:23:14,755 INFO step 4700  loss 3.9493  lr 1.38e-04  0.15 s/step  free 55717 MB
2026-07-06 14:23:18,082 INFO step 4720  loss 3.9345  lr 1.38e-04  0.13 s/step  free 55717 MB
2026-07-06 14:23:21,476 INFO step 4740  loss 4.3155  lr 1.37e-04  0.15 s/step  free 55717 MB
2026-07-06 14:23:24,701 INFO step 4760  loss 4.3759  lr 1.37e-04  0.13 s/step  free 55717 MB
2026-07-06 14:23:27,889 INFO step 4780  loss 3.5164  lr 1.36e-04  0.15 s/step  free 55717 MB
2026-07-06 14:23:31,168 INFO step 4800  loss 4.4064  lr 1.36e-04  0.14 s/step  free 55717 MB
2026-07-06 14:23:34,544 INFO step 4820  loss 4.6801  lr 1.35e-04  0.14 s/step  free 55717 MB
2026-07-06 14:23:37,860 INFO step 4840  loss 3.8540  lr 1.35e-04  0.14 s/step  free 55717 MB
2026-07-06 14:23:41,108 INFO step 4860  loss 3.1163  lr 1.34e-04  0.14 s/step  free 55717 MB
2026-07-06 14:23:44,338 INFO step 4880  loss 3.9044  lr 1.34e-04  0.13 s/step  free 55717 MB
2026-07-06 14:23:47,652 INFO step 4900  loss 4.7465  lr 1.33e-04  0.14 s/step  free 55717 MB
2026-07-06 14:23:50,943 INFO step 4920  loss 3.9061  lr 1.33e-04  0.13 s/step  free 55717 MB
2026-07-06 14:23:54,277 INFO step 4940  loss 3.5689  lr 1.32e-04  0.15 s/step  free 55717 MB
2026-07-06 14:23:57,469 INFO step 4960  loss 3.8562  lr 1.32e-04  0.14 s/step  free 55717 MB
2026-07-06 14:24:00,745 INFO step 4980  loss 5.0263  lr 1.31e-04  0.15 s/step  free 55717 MB
2026-07-06 14:24:04,012 INFO step 5000  loss 4.3933  lr 1.31e-04  0.15 s/step  free 55717 MB
2026-07-06 14:24:04,881 INFO Saved step5000.pt (resumable)
2026-07-06 14:24:08,247 INFO step 5020  loss 4.8090  lr 1.31e-04  0.15 s/step  free 55717 MB
2026-07-06 14:24:11,606 INFO step 5040  loss 4.2335  lr 1.30e-04  0.13 s/step  free 55717 MB
2026-07-06 14:24:14,852 INFO step 5060  loss 3.3981  lr 1.30e-04  0.14 s/step  free 55717 MB
2026-07-06 14:24:18,052 INFO step 5080  loss 4.4980  lr 1.29e-04  0.14 s/step  free 55717 MB
2026-07-06 14:24:21,450 INFO step 5100  loss 4.8928  lr 1.29e-04  0.13 s/step  free 55717 MB
2026-07-06 14:24:24,880 INFO step 5120  loss 4.1256  lr 1.28e-04  0.13 s/step  free 55717 MB
2026-07-06 14:24:28,298 INFO step 5140  loss 3.1337  lr 1.28e-04  0.13 s/step  free 55717 MB
2026-07-06 14:24:31,666 INFO step 5160  loss 4.1769  lr 1.27e-04  0.17 s/step  free 55717 MB
2026-07-06 14:24:35,043 INFO step 5180  loss 3.7037  lr 1.27e-04  0.15 s/step  free 55717 MB
2026-07-06 14:24:38,333 INFO step 5200  loss 3.3159  lr 1.26e-04  0.14 s/step  free 55717 MB
2026-07-06 14:24:41,796 INFO step 5220  loss 3.4955  lr 1.26e-04  0.13 s/step  free 55717 MB
2026-07-06 14:24:45,213 INFO step 5240  loss 4.7155  lr 1.25e-04  0.14 s/step  free 55717 MB
2026-07-06 14:24:48,496 INFO step 5260  loss 4.5057  lr 1.25e-04  0.14 s/step  free 55717 MB
2026-07-06 14:24:51,815 INFO step 5280  loss 3.6097  lr 1.24e-04  0.13 s/step  free 55717 MB
2026-07-06 14:24:55,193 INFO step 5300  loss 4.3627  lr 1.24e-04  0.15 s/step  free 55717 MB
2026-07-06 14:24:58,512 INFO step 5320  loss 4.2330  lr 1.23e-04  0.13 s/step  free 55717 MB
2026-07-06 14:25:01,912 INFO step 5340  loss 3.8846  lr 1.23e-04  0.14 s/step  free 55717 MB
2026-07-06 14:25:05,196 INFO step 5360  loss 4.0216  lr 1.22e-04  0.15 s/step  free 55717 MB
2026-07-06 14:25:08,587 INFO step 5380  loss 4.0974  lr 1.22e-04  0.15 s/step  free 55717 MB
2026-07-06 14:25:12,146 INFO step 5400  loss 4.5468  lr 1.21e-04  0.14 s/step  free 55717 MB
2026-07-06 14:25:15,530 INFO step 5420  loss 4.4476  lr 1.21e-04  0.14 s/step  free 55717 MB
2026-07-06 14:25:18,920 INFO step 5440  loss 4.9874  lr 1.20e-04  0.14 s/step  free 55717 MB
2026-07-06 14:25:22,330 INFO step 5460  loss 2.9453  lr 1.20e-04  0.15 s/step  free 55717 MB
2026-07-06 14:25:25,692 INFO step 5480  loss 3.8932  lr 1.19e-04  0.13 s/step  free 55717 MB
2026-07-06 14:25:28,976 INFO step 5500  loss 4.2875  lr 1.19e-04  0.13 s/step  free 55717 MB
2026-07-06 14:25:29,822 INFO Saved step5500.pt (resumable)
2026-07-06 14:25:33,110 INFO step 5520  loss 4.5169  lr 1.18e-04  0.15 s/step  free 55717 MB
2026-07-06 14:25:36,540 INFO step 5540  loss 3.8414  lr 1.18e-04  0.15 s/step  free 55717 MB
2026-07-06 14:25:39,870 INFO step 5560  loss 3.8887  lr 1.17e-04  0.14 s/step  free 55717 MB
2026-07-06 14:25:43,155 INFO step 5580  loss 3.9256  lr 1.17e-04  0.15 s/step  free 55717 MB
2026-07-06 14:25:46,540 INFO step 5600  loss 4.7026  lr 1.16e-04  0.15 s/step  free 55717 MB
2026-07-06 14:25:49,829 INFO step 5620  loss 4.4114  lr 1.16e-04  0.14 s/step  free 55717 MB
2026-07-06 14:25:53,297 INFO step 5640  loss 4.0692  lr 1.15e-04  0.14 s/step  free 55717 MB
2026-07-06 14:25:56,660 INFO step 5660  loss 3.5451  lr 1.15e-04  0.15 s/step  free 55717 MB
2026-07-06 14:26:00,031 INFO step 5680  loss 5.1058  lr 1.14e-04  0.14 s/step  free 55717 MB
2026-07-06 14:26:03,394 INFO step 5700  loss 3.2740  lr 1.14e-04  0.14 s/step  free 55717 MB
2026-07-06 14:26:06,626 INFO step 5720  loss 3.3097  lr 1.13e-04  0.14 s/step  free 55717 MB
2026-07-06 14:26:09,970 INFO step 5740  loss 3.8669  lr 1.13e-04  0.13 s/step  free 55717 MB
2026-07-06 14:26:13,330 INFO step 5760  loss 4.4723  lr 1.12e-04  0.15 s/step  free 55717 MB
2026-07-06 14:26:16,557 INFO step 5780  loss 4.4590  lr 1.12e-04  0.14 s/step  free 55717 MB
2026-07-06 14:26:19,857 INFO step 5800  loss 4.0720  lr 1.11e-04  0.15 s/step  free 55717 MB
2026-07-06 14:26:23,244 INFO step 5820  loss 4.5381  lr 1.11e-04  0.15 s/step  free 55717 MB
2026-07-06 14:26:26,578 INFO step 5840  loss 4.3479  lr 1.10e-04  0.16 s/step  free 55717 MB
2026-07-06 14:26:30,014 INFO step 5860  loss 4.2780  lr 1.10e-04  0.13 s/step  free 55717 MB
2026-07-06 14:26:33,282 INFO step 5880  loss 4.2063  lr 1.09e-04  0.15 s/step  free 55717 MB
2026-07-06 14:26:36,737 INFO step 5900  loss 4.2705  lr 1.09e-04  0.14 s/step  free 55717 MB
2026-07-06 14:26:40,052 INFO step 5920  loss 4.3358  lr 1.08e-04  0.14 s/step  free 55717 MB
2026-07-06 14:26:43,459 INFO step 5940  loss 3.4777  lr 1.08e-04  0.14 s/step  free 55717 MB
2026-07-06 14:26:46,728 INFO step 5960  loss 4.1990  lr 1.07e-04  0.15 s/step  free 55717 MB
2026-07-06 14:26:50,009 INFO step 5980  loss 4.7729  lr 1.07e-04  0.15 s/step  free 55717 MB
2026-07-06 14:26:53,259 INFO step 6000  loss 3.6734  lr 1.06e-04  0.12 s/step  free 55717 MB
2026-07-06 14:26:54,104 INFO Saved step6000.pt (resumable)
Setting `pad_token_id` to `eos_token_id`:151645 for open-end generation.
Setting `pad_token_id` to `eos_token_id`:151645 for open-end generation.
Setting `pad_token_id` to `eos_token_id`:151645 for open-end generation.
Setting `pad_token_id` to `eos_token_id`:151645 for open-end generation.
Setting `pad_token_id` to `eos_token_id`:151645 for open-end generation.
Setting `pad_token_id` to `eos_token_id`:151645 for open-end generation.
Setting `pad_token_id` to `eos_token_id`:151645 for open-end generation.
Setting `pad_token_id` to `eos_token_id`:151645 for open-end generation.
Setting `pad_token_id` to `eos_token_id`:151645 for open-end generation.
Setting `pad_token_id` to `eos_token_id`:151645 for open-end generation.
Setting `pad_token_id` to `eos_token_id`:151645 for open-end generation.
Setting `pad_token_id` to `eos_token_id`:151645 for open-end generation.
Setting `pad_token_id` to `eos_token_id`:151645 for open-end generation.
Setting `pad_token_id` to `eos_token_id`:151645 for open-end generation.
Setting `pad_token_id` to `eos_token_id`:151645 for open-end generation.
Setting `pad_token_id` to `eos_token_id`:151645 for open-end generation.
Setting `pad_token_id` to `eos_token_id`:151645 for open-end generation.
Setting `pad_token_id` to `eos_token_id`:151645 for open-end generation.
Setting `pad_token_id` to `eos_token_id`:151645 for open-end generation.
Setting `pad_token_id` to `eos_token_id`:151645 for open-end generation.
Setting `pad_token_id` to `eos_token_id`:151645 for open-end generation.
Setting `pad_token_id` to `eos_token_id`:151645 for open-end generation.
Setting `pad_token_id` to `eos_token_id`:151645 for open-end generation.
Setting `pad_token_id` to `eos_token_id`:151645 for open-end generation.
Setting `pad_token_id` to `eos_token_id`:151645 for open-end generation.
Setting `pad_token_id` to `eos_token_id`:151645 for open-end generation.
Setting `pad_token_id` to `eos_token_id`:151645 for open-end generation.
Setting `pad_token_id` to `eos_token_id`:151645 for open-end generation.
Setting `pad_token_id` to `eos_token_id`:151645 for open-end generation.
Setting `pad_token_id` to `eos_token_id`:151645 for open-end generation.
Setting `pad_token_id` to `eos_token_id`:151645 for open-end generation.
Setting `pad_token_id` to `eos_token_id`:151645 for open-end generation.
Setting `pad_token_id` to `eos_token_id`:151645 for open-end generation.
Setting `pad_token_id` to `eos_token_id`:151645 for open-end generation.
Setting `pad_token_id` to `eos_token_id`:151645 for open-end generation.
Setting `pad_token_id` to `eos_token_id`:151645 for open-end generation.
Setting `pad_token_id` to `eos_token_id`:151645 for open-end generation.
Setting `pad_token_id` to `eos_token_id`:151645 for open-end generation.
Setting `pad_token_id` to `eos_token_id`:151645 for open-end generation.
Setting `pad_token_id` to `eos_token_id`:151645 for open-end generation.
Setting `pad_token_id` to `eos_token_id`:151645 for open-end generation.
Setting `pad_token_id` to `eos_token_id`:151645 for open-end generation.
Setting `pad_token_id` to `eos_token_id`:151645 for open-end generation.
Setting `pad_token_id` to `eos_token_id`:151645 for open-end generation.
Setting `pad_token_id` to `eos_token_id`:151645 for open-end generation.
Setting `pad_token_id` to `eos_token_id`:151645 for open-end generation.
Setting `pad_token_id` to `eos_token_id`:151645 for open-end generation.
Setting `pad_token_id` to `eos_token_id`:151645 for open-end generation.
Setting `pad_token_id` to `eos_token_id`:151645 for open-end generation.
Setting `pad_token_id` to `eos_token_id`:151645 for open-end generation.
Setting `pad_token_id` to `eos_token_id`:151645 for open-end generation.
Setting `pad_token_id` to `eos_token_id`:151645 for open-end generation.
Setting `pad_token_id` to `eos_token_id`:151645 for open-end generation.
Setting `pad_token_id` to `eos_token_id`:151645 for open-end generation.
Setting `pad_token_id` to `eos_token_id`:151645 for open-end generation.
Setting `pad_token_id` to `eos_token_id`:151645 for open-end generation.
Setting `pad_token_id` to `eos_token_id`:151645 for open-end generation.
Setting `pad_token_id` to `eos_token_id`:151645 for open-end generation.
Setting `pad_token_id` to `eos_token_id`:151645 for open-end generation.
Setting `pad_token_id` to `eos_token_id`:151645 for open-end generation.
Setting `pad_token_id` to `eos_token_id`:151645 for open-end generation.
Setting `pad_token_id` to `eos_token_id`:151645 for open-end generation.
Setting `pad_token_id` to `eos_token_id`:151645 for open-end generation.
Setting `pad_token_id` to `eos_token_id`:151645 for open-end generation.
Setting `pad_token_id` to `eos_token_id`:151645 for open-end generation.
Setting `pad_token_id` to `eos_token_id`:151645 for open-end generation.
Setting `pad_token_id` to `eos_token_id`:151645 for open-end generation.
Setting `pad_token_id` to `eos_token_id`:151645 for open-end generation.
Setting `pad_token_id` to `eos_token_id`:151645 for open-end generation.
Setting `pad_token_id` to `eos_token_id`:151645 for open-end generation.
Setting `pad_token_id` to `eos_token_id`:151645 for open-end generation.
Setting `pad_token_id` to `eos_token_id`:151645 for open-end generation.
Setting `pad_token_id` to `eos_token_id`:151645 for open-end generation.
Setting `pad_token_id` to `eos_token_id`:151645 for open-end generation.
Setting `pad_token_id` to `eos_token_id`:151645 for open-end generation.
Setting `pad_token_id` to `eos_token_id`:151645 for open-end generation.
Setting `pad_token_id` to `eos_token_id`:151645 for open-end generation.
Setting `pad_token_id` to `eos_token_id`:151645 for open-end generation.
Setting `pad_token_id` to `eos_token_id`:151645 for open-end generation.
Setting `pad_token_id` to `eos_token_id`:151645 for open-end generation.
Setting `pad_token_id` to `eos_token_id`:151645 for open-end generation.
Setting `pad_token_id` to `eos_token_id`:151645 for open-end generation.
Setting `pad_token_id` to `eos_token_id`:151645 for open-end generation.
Setting `pad_token_id` to `eos_token_id`:151645 for open-end generation.
Setting `pad_token_id` to `eos_token_id`:151645 for open-end generation.
Setting `pad_token_id` to `eos_token_id`:151645 for open-end generation.
Setting `pad_token_id` to `eos_token_id`:151645 for open-end generation.
Setting `pad_token_id` to `eos_token_id`:151645 for open-end generation.
Setting `pad_token_id` to `eos_token_id`:151645 for open-end generation.
Setting `pad_token_id` to `eos_token_id`:151645 for open-end generation.
Setting `pad_token_id` to `eos_token_id`:151645 for open-end generation.
Setting `pad_token_id` to `eos_token_id`:151645 for open-end generation.
Setting `pad_token_id` to `eos_token_id`:151645 for open-end generation.
Setting `pad_token_id` to `eos_token_id`:151645 for open-end generation.
Setting `pad_token_id` to `eos_token_id`:151645 for open-end generation.
Setting `pad_token_id` to `eos_token_id`:151645 for open-end generation.
Setting `pad_token_id` to `eos_token_id`:151645 for open-end generation.
Setting `pad_token_id` to `eos_token_id`:151645 for open-end generation.
Setting `pad_token_id` to `eos_token_id`:151645 for open-end generation.
Setting `pad_token_id` to `eos_token_id`:151645 for open-end generation.
Setting `pad_token_id` to `eos_token_id`:151645 for open-end generation.
Setting `pad_token_id` to `eos_token_id`:151645 for open-end generation.
Setting `pad_token_id` to `eos_token_id`:151645 for open-end generation.
Setting `pad_token_id` to `eos_token_id`:151645 for open-end generation.
Setting `pad_token_id` to `eos_token_id`:151645 for open-end generation.
Setting `pad_token_id` to `eos_token_id`:151645 for open-end generation.
Setting `pad_token_id` to `eos_token_id`:151645 for open-end generation.
Setting `pad_token_id` to `eos_token_id`:151645 for open-end generation.
Setting `pad_token_id` to `eos_token_id`:151645 for open-end generation.
Setting `pad_token_id` to `eos_token_id`:151645 for open-end generation.
Setting `pad_token_id` to `eos_token_id`:151645 for open-end generation.
Setting `pad_token_id` to `eos_token_id`:151645 for open-end generation.
Setting `pad_token_id` to `eos_token_id`:151645 for open-end generation.
Setting `pad_token_id` to `eos_token_id`:151645 for open-end generation.
Setting `pad_token_id` to `eos_token_id`:151645 for open-end generation.
Setting `pad_token_id` to `eos_token_id`:151645 for open-end generation.
Setting `pad_token_id` to `eos_token_id`:151645 for open-end generation.
Setting `pad_token_id` to `eos_token_id`:151645 for open-end generation.
Setting `pad_token_id` to `eos_token_id`:151645 for open-end generation.
Setting `pad_token_id` to `eos_token_id`:151645 for open-end generation.
Setting `pad_token_id` to `eos_token_id`:151645 for open-end generation.
Setting `pad_token_id` to `eos_token_id`:151645 for open-end generation.
Setting `pad_token_id` to `eos_token_id`:151645 for open-end generation.
Setting `pad_token_id` to `eos_token_id`:151645 for open-end generation.
Setting `pad_token_id` to `eos_token_id`:151645 for open-end generation.
Setting `pad_token_id` to `eos_token_id`:151645 for open-end generation.
Setting `pad_token_id` to `eos_token_id`:151645 for open-end generation.
Setting `pad_token_id` to `eos_token_id`:151645 for open-end generation.
2026-07-06 14:27:42,800 INFO EVAL step  6000  asr_plain=1.00 bias_nat_distractor=1.00 bias_nat_relevant=1.00 complete_nosil=1.00 digit_fire=1.00 digit_hold=1.00 digit_nosil=1.00 lead_sil=1.00 long_sil=1.00 pair_fire=0.88 pair_hold=0.88 silence_only=1.00 single_sil=1.00 spell_email=1.00 spell_name=1.00 truncated=1.00  score=0.984 (48.7s)
2026-07-06 14:27:43,533 INFO New best (v9 score 0.984) -> checkpoints/semantic_endpoint_v18_seed2_es/best.pt
2026-07-06 14:27:46,851 INFO step 6020  loss 4.9761  lr 1.06e-04  0.14 s/step  free 55717 MB
2026-07-06 14:27:50,154 INFO step 6040  loss 4.2508  lr 1.05e-04  0.15 s/step  free 55717 MB
2026-07-06 14:27:53,435 INFO step 6060  loss 4.5232  lr 1.05e-04  0.16 s/step  free 55717 MB
2026-07-06 14:27:56,672 INFO step 6080  loss 3.9585  lr 1.04e-04  0.15 s/step  free 55717 MB
2026-07-06 14:27:59,983 INFO step 6100  loss 3.6440  lr 1.04e-04  0.15 s/step  free 55717 MB
2026-07-06 14:28:03,406 INFO step 6120  loss 3.0564  lr 1.03e-04  0.15 s/step  free 55717 MB
2026-07-06 14:28:06,803 INFO step 6140  loss 4.4271  lr 1.03e-04  0.14 s/step  free 55717 MB
2026-07-06 14:28:10,219 INFO step 6160  loss 4.5383  lr 1.02e-04  0.14 s/step  free 55717 MB
2026-07-06 14:28:13,514 INFO step 6180  loss 4.7686  lr 1.02e-04  0.15 s/step  free 55717 MB
2026-07-06 14:28:16,847 INFO step 6200  loss 4.6260  lr 1.01e-04  0.17 s/step  free 55717 MB
2026-07-06 14:28:20,211 INFO step 6220  loss 4.1547  lr 1.01e-04  0.16 s/step  free 55717 MB
2026-07-06 14:28:23,590 INFO step 6240  loss 4.3203  lr 1.00e-04  0.15 s/step  free 55717 MB
2026-07-06 14:28:27,067 INFO step 6260  loss 4.6808  lr 9.97e-05  0.19 s/step  free 55717 MB
2026-07-06 14:28:30,389 INFO step 6280  loss 4.6217  lr 9.92e-05  0.15 s/step  free 55717 MB
2026-07-06 14:28:33,911 INFO step 6300  loss 4.6276  lr 9.87e-05  0.18 s/step  free 55717 MB
2026-07-06 14:28:37,307 INFO step 6320  loss 3.1815  lr 9.82e-05  0.13 s/step  free 55717 MB
2026-07-06 14:28:40,537 INFO step 6340  loss 4.6472  lr 9.77e-05  0.13 s/step  free 55717 MB
2026-07-06 14:28:44,091 INFO step 6360  loss 4.4901  lr 9.72e-05  0.14 s/step  free 55717 MB
2026-07-06 14:28:47,412 INFO step 6380  loss 4.3420  lr 9.67e-05  0.13 s/step  free 55717 MB
2026-07-06 14:28:50,622 INFO step 6400  loss 4.5700  lr 9.62e-05  0.14 s/step  free 55717 MB
2026-07-06 14:28:53,857 INFO step 6420  loss 4.3478  lr 9.57e-05  0.14 s/step  free 55717 MB
2026-07-06 14:28:57,138 INFO step 6440  loss 4.1215  lr 9.52e-05  0.15 s/step  free 55717 MB
2026-07-06 14:29:00,423 INFO step 6460  loss 4.1913  lr 9.47e-05  0.14 s/step  free 55717 MB
2026-07-06 14:29:03,834 INFO step 6480  loss 4.0834  lr 9.42e-05  0.14 s/step  free 55717 MB
2026-07-06 14:29:07,177 INFO step 6500  loss 4.1001  lr 9.37e-05  0.14 s/step  free 55717 MB
2026-07-06 14:29:08,003 INFO Saved step6500.pt (resumable)
2026-07-06 14:29:11,335 INFO step 6520  loss 4.6600  lr 9.32e-05  0.15 s/step  free 55717 MB
2026-07-06 14:29:14,668 INFO step 6540  loss 4.7227  lr 9.27e-05  0.17 s/step  free 55717 MB
2026-07-06 14:29:17,887 INFO step 6560  loss 4.6104  lr 9.22e-05  0.14 s/step  free 55717 MB
2026-07-06 14:29:21,204 INFO step 6580  loss 4.2570  lr 9.18e-05  0.14 s/step  free 55717 MB
2026-07-06 14:29:24,607 INFO step 6600  loss 3.8903  lr 9.13e-05  0.14 s/step  free 55717 MB
2026-07-06 14:29:27,938 INFO step 6620  loss 4.5390  lr 9.08e-05  0.14 s/step  free 55717 MB
2026-07-06 14:29:31,323 INFO step 6640  loss 3.9350  lr 9.03e-05  0.15 s/step  free 55717 MB
2026-07-06 14:29:34,596 INFO step 6660  loss 4.3654  lr 8.98e-05  0.15 s/step  free 55717 MB
2026-07-06 14:29:37,914 INFO step 6680  loss 3.8322  lr 8.93e-05  0.15 s/step  free 55717 MB
2026-07-06 14:29:41,223 INFO step 6700  loss 3.7369  lr 8.88e-05  0.15 s/step  free 55717 MB
2026-07-06 14:29:44,564 INFO step 6720  loss 4.0631  lr 8.83e-05  0.15 s/step  free 55717 MB
2026-07-06 14:29:47,999 INFO step 6740  loss 4.0749  lr 8.78e-05  0.17 s/step  free 55717 MB
2026-07-06 14:29:51,369 INFO step 6760  loss 4.5498  lr 8.73e-05  0.16 s/step  free 55717 MB
2026-07-06 14:29:54,771 INFO step 6780  loss 5.1651  lr 8.68e-05  0.15 s/step  free 55717 MB
2026-07-06 14:29:57,982 INFO step 6800  loss 4.6231  lr 8.63e-05  0.14 s/step  free 55717 MB
2026-07-06 14:30:01,371 INFO step 6820  loss 3.2926  lr 8.58e-05  0.15 s/step  free 55717 MB
2026-07-06 14:30:04,759 INFO step 6840  loss 4.5693  lr 8.53e-05  0.15 s/step  free 55717 MB
2026-07-06 14:30:08,112 INFO step 6860  loss 3.4879  lr 8.48e-05  0.14 s/step  free 55717 MB
2026-07-06 14:30:11,319 INFO step 6880  loss 4.5674  lr 8.43e-05  0.15 s/step  free 55717 MB
2026-07-06 14:30:14,553 INFO step 6900  loss 4.8620  lr 8.39e-05  0.14 s/step  free 55717 MB
2026-07-06 14:30:17,876 INFO step 6920  loss 4.6067  lr 8.34e-05  0.17 s/step  free 55717 MB
2026-07-06 14:30:21,124 INFO step 6940  loss 4.8498  lr 8.29e-05  0.14 s/step  free 55717 MB
2026-07-06 14:30:24,298 INFO step 6960  loss 4.6666  lr 8.24e-05  0.13 s/step  free 55717 MB
2026-07-06 14:30:27,608 INFO step 6980  loss 3.8976  lr 8.19e-05  0.15 s/step  free 55717 MB
2026-07-06 14:30:30,943 INFO step 7000  loss 4.0975  lr 8.14e-05  0.13 s/step  free 55717 MB
2026-07-06 14:30:31,776 INFO Saved step7000.pt (resumable)
2026-07-06 14:30:34,951 INFO step 7020  loss 4.6253  lr 8.09e-05  0.16 s/step  free 55717 MB
2026-07-06 14:30:38,223 INFO step 7040  loss 4.0234  lr 8.05e-05  0.13 s/step  free 55717 MB
2026-07-06 14:30:41,515 INFO step 7060  loss 3.9819  lr 8.00e-05  0.16 s/step  free 55717 MB
2026-07-06 14:30:44,862 INFO step 7080  loss 3.4474  lr 7.95e-05  0.14 s/step  free 55717 MB
2026-07-06 14:30:48,067 INFO step 7100  loss 3.9453  lr 7.90e-05  0.14 s/step  free 55717 MB
2026-07-06 14:30:51,334 INFO step 7120  loss 3.9812  lr 7.85e-05  0.14 s/step  free 55717 MB
2026-07-06 14:30:54,597 INFO step 7140  loss 4.2674  lr 7.80e-05  0.14 s/step  free 55717 MB
2026-07-06 14:30:57,870 INFO step 7160  loss 4.6936  lr 7.76e-05  0.15 s/step  free 55717 MB
2026-07-06 14:31:01,088 INFO step 7180  loss 3.6780  lr 7.71e-05  0.14 s/step  free 55717 MB
2026-07-06 14:31:04,366 INFO step 7200  loss 4.6516  lr 7.66e-05  0.16 s/step  free 55717 MB
2026-07-06 14:31:07,640 INFO step 7220  loss 4.4827  lr 7.61e-05  0.15 s/step  free 55717 MB
2026-07-06 14:31:11,077 INFO step 7240  loss 5.0080  lr 7.56e-05  0.14 s/step  free 55717 MB
2026-07-06 14:31:14,370 INFO step 7260  loss 4.1126  lr 7.52e-05  0.13 s/step  free 55717 MB
2026-07-06 14:31:17,687 INFO step 7280  loss 4.3829  lr 7.47e-05  0.14 s/step  free 55717 MB
2026-07-06 14:31:20,909 INFO step 7300  loss 4.5312  lr 7.42e-05  0.15 s/step  free 55717 MB
2026-07-06 14:31:24,074 INFO step 7320  loss 4.9277  lr 7.37e-05  0.14 s/step  free 55717 MB
2026-07-06 14:31:27,386 INFO step 7340  loss 4.2192  lr 7.33e-05  0.15 s/step  free 55717 MB
2026-07-06 14:31:30,609 INFO step 7360  loss 3.1260  lr 7.28e-05  0.14 s/step  free 55717 MB
2026-07-06 14:31:34,061 INFO step 7380  loss 4.4422  lr 7.23e-05  0.14 s/step  free 55717 MB
2026-07-06 14:31:37,530 INFO step 7400  loss 3.4714  lr 7.19e-05  0.13 s/step  free 55717 MB
2026-07-06 14:31:40,800 INFO step 7420  loss 4.5627  lr 7.14e-05  0.15 s/step  free 55717 MB
2026-07-06 14:31:44,165 INFO step 7440  loss 4.3641  lr 7.09e-05  0.16 s/step  free 55717 MB
2026-07-06 14:31:47,626 INFO step 7460  loss 4.1545  lr 7.04e-05  0.15 s/step  free 55717 MB
2026-07-06 14:31:51,014 INFO step 7480  loss 4.6465  lr 7.00e-05  0.14 s/step  free 55717 MB
2026-07-06 14:31:54,296 INFO step 7500  loss 4.4338  lr 6.95e-05  0.15 s/step  free 55717 MB
2026-07-06 14:31:55,108 INFO Saved step7500.pt (resumable)
Setting `pad_token_id` to `eos_token_id`:151645 for open-end generation.
Setting `pad_token_id` to `eos_token_id`:151645 for open-end generation.
Setting `pad_token_id` to `eos_token_id`:151645 for open-end generation.
Setting `pad_token_id` to `eos_token_id`:151645 for open-end generation.
Setting `pad_token_id` to `eos_token_id`:151645 for open-end generation.
Setting `pad_token_id` to `eos_token_id`:151645 for open-end generation.
Setting `pad_token_id` to `eos_token_id`:151645 for open-end generation.
Setting `pad_token_id` to `eos_token_id`:151645 for open-end generation.
Setting `pad_token_id` to `eos_token_id`:151645 for open-end generation.
Setting `pad_token_id` to `eos_token_id`:151645 for open-end generation.
Setting `pad_token_id` to `eos_token_id`:151645 for open-end generation.
Setting `pad_token_id` to `eos_token_id`:151645 for open-end generation.
Setting `pad_token_id` to `eos_token_id`:151645 for open-end generation.
Setting `pad_token_id` to `eos_token_id`:151645 for open-end generation.
Setting `pad_token_id` to `eos_token_id`:151645 for open-end generation.
Setting `pad_token_id` to `eos_token_id`:151645 for open-end generation.
Setting `pad_token_id` to `eos_token_id`:151645 for open-end generation.
Setting `pad_token_id` to `eos_token_id`:151645 for open-end generation.
Setting `pad_token_id` to `eos_token_id`:151645 for open-end generation.
Setting `pad_token_id` to `eos_token_id`:151645 for open-end generation.
Setting `pad_token_id` to `eos_token_id`:151645 for open-end generation.
Setting `pad_token_id` to `eos_token_id`:151645 for open-end generation.
Setting `pad_token_id` to `eos_token_id`:151645 for open-end generation.
Setting `pad_token_id` to `eos_token_id`:151645 for open-end generation.
Setting `pad_token_id` to `eos_token_id`:151645 for open-end generation.
Setting `pad_token_id` to `eos_token_id`:151645 for open-end generation.
Setting `pad_token_id` to `eos_token_id`:151645 for open-end generation.
Setting `pad_token_id` to `eos_token_id`:151645 for open-end generation.
Setting `pad_token_id` to `eos_token_id`:151645 for open-end generation.
Setting `pad_token_id` to `eos_token_id`:151645 for open-end generation.
Setting `pad_token_id` to `eos_token_id`:151645 for open-end generation.
Setting `pad_token_id` to `eos_token_id`:151645 for open-end generation.
Setting `pad_token_id` to `eos_token_id`:151645 for open-end generation.
Setting `pad_token_id` to `eos_token_id`:151645 for open-end generation.
Setting `pad_token_id` to `eos_token_id`:151645 for open-end generation.
Setting `pad_token_id` to `eos_token_id`:151645 for open-end generation.
Setting `pad_token_id` to `eos_token_id`:151645 for open-end generation.
Setting `pad_token_id` to `eos_token_id`:151645 for open-end generation.
Setting `pad_token_id` to `eos_token_id`:151645 for open-end generation.
Setting `pad_token_id` to `eos_token_id`:151645 for open-end generation.
Setting `pad_token_id` to `eos_token_id`:151645 for open-end generation.
Setting `pad_token_id` to `eos_token_id`:151645 for open-end generation.
Setting `pad_token_id` to `eos_token_id`:151645 for open-end generation.
Setting `pad_token_id` to `eos_token_id`:151645 for open-end generation.
Setting `pad_token_id` to `eos_token_id`:151645 for open-end generation.
Setting `pad_token_id` to `eos_token_id`:151645 for open-end generation.
Setting `pad_token_id` to `eos_token_id`:151645 for open-end generation.
Setting `pad_token_id` to `eos_token_id`:151645 for open-end generation.
Setting `pad_token_id` to `eos_token_id`:151645 for open-end generation.
Setting `pad_token_id` to `eos_token_id`:151645 for open-end generation.
Setting `pad_token_id` to `eos_token_id`:151645 for open-end generation.
Setting `pad_token_id` to `eos_token_id`:151645 for open-end generation.
Setting `pad_token_id` to `eos_token_id`:151645 for open-end generation.
Setting `pad_token_id` to `eos_token_id`:151645 for open-end generation.
Setting `pad_token_id` to `eos_token_id`:151645 for open-end generation.
Setting `pad_token_id` to `eos_token_id`:151645 for open-end generation.
Setting `pad_token_id` to `eos_token_id`:151645 for open-end generation.
Setting `pad_token_id` to `eos_token_id`:151645 for open-end generation.
Setting `pad_token_id` to `eos_token_id`:151645 for open-end generation.
Setting `pad_token_id` to `eos_token_id`:151645 for open-end generation.
Setting `pad_token_id` to `eos_token_id`:151645 for open-end generation.
Setting `pad_token_id` to `eos_token_id`:151645 for open-end generation.
Setting `pad_token_id` to `eos_token_id`:151645 for open-end generation.
Setting `pad_token_id` to `eos_token_id`:151645 for open-end generation.
Setting `pad_token_id` to `eos_token_id`:151645 for open-end generation.
Setting `pad_token_id` to `eos_token_id`:151645 for open-end generation.
Setting `pad_token_id` to `eos_token_id`:151645 for open-end generation.
Setting `pad_token_id` to `eos_token_id`:151645 for open-end generation.
Setting `pad_token_id` to `eos_token_id`:151645 for open-end generation.
Setting `pad_token_id` to `eos_token_id`:151645 for open-end generation.
Setting `pad_token_id` to `eos_token_id`:151645 for open-end generation.
Setting `pad_token_id` to `eos_token_id`:151645 for open-end generation.
Setting `pad_token_id` to `eos_token_id`:151645 for open-end generation.
Setting `pad_token_id` to `eos_token_id`:151645 for open-end generation.
Setting `pad_token_id` to `eos_token_id`:151645 for open-end generation.
Setting `pad_token_id` to `eos_token_id`:151645 for open-end generation.
Setting `pad_token_id` to `eos_token_id`:151645 for open-end generation.
Setting `pad_token_id` to `eos_token_id`:151645 for open-end generation.
Setting `pad_token_id` to `eos_token_id`:151645 for open-end generation.
Setting `pad_token_id` to `eos_token_id`:151645 for open-end generation.
Setting `pad_token_id` to `eos_token_id`:151645 for open-end generation.
Setting `pad_token_id` to `eos_token_id`:151645 for open-end generation.
Setting `pad_token_id` to `eos_token_id`:151645 for open-end generation.
Setting `pad_token_id` to `eos_token_id`:151645 for open-end generation.
Setting `pad_token_id` to `eos_token_id`:151645 for open-end generation.
Setting `pad_token_id` to `eos_token_id`:151645 for open-end generation.
Setting `pad_token_id` to `eos_token_id`:151645 for open-end generation.
Setting `pad_token_id` to `eos_token_id`:151645 for open-end generation.
Setting `pad_token_id` to `eos_token_id`:151645 for open-end generation.
Setting `pad_token_id` to `eos_token_id`:151645 for open-end generation.
Setting `pad_token_id` to `eos_token_id`:151645 for open-end generation.
Setting `pad_token_id` to `eos_token_id`:151645 for open-end generation.
Setting `pad_token_id` to `eos_token_id`:151645 for open-end generation.
Setting `pad_token_id` to `eos_token_id`:151645 for open-end generation.
Setting `pad_token_id` to `eos_token_id`:151645 for open-end generation.
Setting `pad_token_id` to `eos_token_id`:151645 for open-end generation.
Setting `pad_token_id` to `eos_token_id`:151645 for open-end generation.
Setting `pad_token_id` to `eos_token_id`:151645 for open-end generation.
Setting `pad_token_id` to `eos_token_id`:151645 for open-end generation.
Setting `pad_token_id` to `eos_token_id`:151645 for open-end generation.
Setting `pad_token_id` to `eos_token_id`:151645 for open-end generation.
Setting `pad_token_id` to `eos_token_id`:151645 for open-end generation.
Setting `pad_token_id` to `eos_token_id`:151645 for open-end generation.
Setting `pad_token_id` to `eos_token_id`:151645 for open-end generation.
Setting `pad_token_id` to `eos_token_id`:151645 for open-end generation.
Setting `pad_token_id` to `eos_token_id`:151645 for open-end generation.
Setting `pad_token_id` to `eos_token_id`:151645 for open-end generation.
Setting `pad_token_id` to `eos_token_id`:151645 for open-end generation.
Setting `pad_token_id` to `eos_token_id`:151645 for open-end generation.
Setting `pad_token_id` to `eos_token_id`:151645 for open-end generation.
Setting `pad_token_id` to `eos_token_id`:151645 for open-end generation.
Setting `pad_token_id` to `eos_token_id`:151645 for open-end generation.
Setting `pad_token_id` to `eos_token_id`:151645 for open-end generation.
Setting `pad_token_id` to `eos_token_id`:151645 for open-end generation.
Setting `pad_token_id` to `eos_token_id`:151645 for open-end generation.
Setting `pad_token_id` to `eos_token_id`:151645 for open-end generation.
Setting `pad_token_id` to `eos_token_id`:151645 for open-end generation.
Setting `pad_token_id` to `eos_token_id`:151645 for open-end generation.
Setting `pad_token_id` to `eos_token_id`:151645 for open-end generation.
Setting `pad_token_id` to `eos_token_id`:151645 for open-end generation.
Setting `pad_token_id` to `eos_token_id`:151645 for open-end generation.
Setting `pad_token_id` to `eos_token_id`:151645 for open-end generation.
Setting `pad_token_id` to `eos_token_id`:151645 for open-end generation.
Setting `pad_token_id` to `eos_token_id`:151645 for open-end generation.
Setting `pad_token_id` to `eos_token_id`:151645 for open-end generation.
Setting `pad_token_id` to `eos_token_id`:151645 for open-end generation.
Setting `pad_token_id` to `eos_token_id`:151645 for open-end generation.
Setting `pad_token_id` to `eos_token_id`:151645 for open-end generation.
2026-07-06 14:32:43,241 INFO EVAL step  7500  asr_plain=1.00 bias_nat_distractor=1.00 bias_nat_relevant=1.00 complete_nosil=1.00 digit_fire=1.00 digit_hold=1.00 digit_nosil=1.00 lead_sil=1.00 long_sil=1.00 pair_fire=1.00 pair_hold=0.88 silence_only=1.00 single_sil=0.88 spell_email=1.00 spell_name=1.00 truncated=1.00  score=0.984 (48.1s)
2026-07-06 14:32:46,889 INFO step 7520  loss 4.5037  lr 6.91e-05  0.14 s/step  free 55717 MB
2026-07-06 14:32:50,236 INFO step 7540  loss 4.4987  lr 6.86e-05  0.13 s/step  free 55717 MB
2026-07-06 14:32:53,483 INFO step 7560  loss 4.6089  lr 6.81e-05  0.15 s/step  free 55717 MB
2026-07-06 14:32:57,008 INFO step 7580  loss 3.8004  lr 6.77e-05  0.15 s/step  free 55717 MB
2026-07-06 14:33:00,463 INFO step 7600  loss 3.7082  lr 6.72e-05  0.14 s/step  free 55717 MB
2026-07-06 14:33:03,909 INFO step 7620  loss 4.5922  lr 6.67e-05  0.17 s/step  free 55717 MB
2026-07-06 14:33:07,375 INFO step 7640  loss 3.6201  lr 6.63e-05  0.17 s/step  free 55717 MB
2026-07-06 14:33:10,890 INFO step 7660  loss 3.7182  lr 6.58e-05  0.14 s/step  free 55717 MB
2026-07-06 14:33:14,208 INFO step 7680  loss 4.3973  lr 6.54e-05  0.15 s/step  free 55717 MB
2026-07-06 14:33:17,592 INFO step 7700  loss 4.0966  lr 6.49e-05  0.14 s/step  free 55717 MB
2026-07-06 14:33:20,999 INFO step 7720  loss 3.6460  lr 6.45e-05  0.13 s/step  free 55717 MB
2026-07-06 14:33:24,353 INFO step 7740  loss 4.0987  lr 6.40e-05  0.13 s/step  free 55717 MB
2026-07-06 14:33:27,667 INFO step 7760  loss 4.2439  lr 6.36e-05  0.13 s/step  free 55717 MB
2026-07-06 14:33:31,041 INFO step 7780  loss 4.0279  lr 6.31e-05  0.13 s/step  free 55717 MB
2026-07-06 14:33:34,509 INFO step 7800  loss 4.5602  lr 6.27e-05  0.16 s/step  free 55717 MB
2026-07-06 14:33:37,906 INFO step 7820  loss 4.3397  lr 6.22e-05  0.16 s/step  free 55717 MB
2026-07-06 14:33:41,357 INFO step 7840  loss 3.8859  lr 6.18e-05  0.13 s/step  free 55717 MB
2026-07-06 14:33:44,579 INFO step 7860  loss 4.4398  lr 6.13e-05  0.15 s/step  free 55717 MB
2026-07-06 14:33:48,060 INFO step 7880  loss 4.6740  lr 6.09e-05  0.14 s/step  free 55717 MB
2026-07-06 14:33:51,454 INFO step 7900  loss 3.8784  lr 6.04e-05  0.14 s/step  free 55717 MB
2026-07-06 14:33:54,845 INFO step 7920  loss 4.1998  lr 6.00e-05  0.15 s/step  free 55717 MB
2026-07-06 14:33:58,095 INFO step 7940  loss 4.3095  lr 5.95e-05  0.17 s/step  free 55717 MB
2026-07-06 14:34:01,480 INFO step 7960  loss 4.7121  lr 5.91e-05  0.15 s/step  free 55717 MB
2026-07-06 14:34:04,828 INFO step 7980  loss 3.6554  lr 5.87e-05  0.13 s/step  free 55717 MB
2026-07-06 14:34:08,199 INFO step 8000  loss 4.0025  lr 5.82e-05  0.15 s/step  free 55717 MB
2026-07-06 14:34:09,010 INFO Saved step8000.pt (resumable)
2026-07-06 14:34:12,551 INFO step 8020  loss 4.3510  lr 5.78e-05  0.15 s/step  free 55717 MB
2026-07-06 14:34:15,796 INFO step 8040  loss 4.3530  lr 5.74e-05  0.15 s/step  free 55717 MB
2026-07-06 14:34:19,059 INFO step 8060  loss 4.2680  lr 5.69e-05  0.12 s/step  free 55717 MB
2026-07-06 14:34:22,254 INFO step 8080  loss 4.1055  lr 5.65e-05  0.15 s/step  free 55717 MB
2026-07-06 14:34:25,589 INFO step 8100  loss 3.5590  lr 5.61e-05  0.15 s/step  free 55717 MB
2026-07-06 14:34:29,006 INFO step 8120  loss 4.6078  lr 5.56e-05  0.13 s/step  free 55717 MB
2026-07-06 14:34:32,304 INFO step 8140  loss 4.0896  lr 5.52e-05  0.17 s/step  free 55717 MB
2026-07-06 14:34:35,694 INFO step 8160  loss 3.7313  lr 5.48e-05  0.13 s/step  free 55717 MB
2026-07-06 14:34:38,981 INFO step 8180  loss 4.1087  lr 5.44e-05  0.15 s/step  free 55717 MB
2026-07-06 14:34:42,187 INFO step 8200  loss 4.8695  lr 5.39e-05  0.15 s/step  free 55717 MB
2026-07-06 14:34:45,506 INFO step 8220  loss 4.4511  lr 5.35e-05  0.15 s/step  free 55717 MB
2026-07-06 14:34:48,775 INFO step 8240  loss 4.1895  lr 5.31e-05  0.13 s/step  free 55717 MB
2026-07-06 14:34:52,049 INFO step 8260  loss 4.5326  lr 5.27e-05  0.14 s/step  free 55717 MB
2026-07-06 14:34:55,336 INFO step 8280  loss 4.4166  lr 5.22e-05  0.14 s/step  free 55717 MB
2026-07-06 14:34:58,666 INFO step 8300  loss 4.6469  lr 5.18e-05  0.15 s/step  free 55717 MB
2026-07-06 14:35:01,969 INFO step 8320  loss 4.3463  lr 5.14e-05  0.16 s/step  free 55717 MB
2026-07-06 14:35:05,295 INFO step 8340  loss 4.5064  lr 5.10e-05  0.16 s/step  free 55717 MB
2026-07-06 14:35:08,556 INFO step 8360  loss 4.0779  lr 5.06e-05  0.13 s/step  free 55717 MB
2026-07-06 14:35:11,774 INFO step 8380  loss 4.3729  lr 5.02e-05  0.17 s/step  free 55717 MB
2026-07-06 14:35:15,146 INFO step 8400  loss 4.3758  lr 4.98e-05  0.13 s/step  free 55717 MB
2026-07-06 14:35:18,365 INFO step 8420  loss 4.2838  lr 4.94e-05  0.15 s/step  free 55717 MB
2026-07-06 14:35:21,567 INFO step 8440  loss 4.5713  lr 4.90e-05  0.14 s/step  free 55717 MB
2026-07-06 14:35:24,866 INFO step 8460  loss 3.7261  lr 4.86e-05  0.13 s/step  free 55717 MB
2026-07-06 14:35:28,094 INFO step 8480  loss 4.5565  lr 4.82e-05  0.14 s/step  free 55717 MB
2026-07-06 14:35:31,461 INFO step 8500  loss 4.5292  lr 4.77e-05  0.14 s/step  free 55717 MB
2026-07-06 14:35:32,298 INFO Saved step8500.pt (resumable)
2026-07-06 14:35:35,632 INFO step 8520  loss 3.2747  lr 4.74e-05  0.13 s/step  free 55717 MB
2026-07-06 14:35:38,924 INFO step 8540  loss 4.0225  lr 4.70e-05  0.15 s/step  free 55717 MB
2026-07-06 14:35:42,210 INFO step 8560  loss 4.4568  lr 4.66e-05  0.15 s/step  free 55717 MB
2026-07-06 14:35:45,470 INFO step 8580  loss 4.6368  lr 4.62e-05  0.14 s/step  free 55717 MB
2026-07-06 14:35:48,810 INFO step 8600  loss 3.5280  lr 4.58e-05  0.14 s/step  free 55717 MB
2026-07-06 14:35:52,142 INFO step 8620  loss 4.3137  lr 4.54e-05  0.13 s/step  free 55717 MB
2026-07-06 14:35:55,492 INFO step 8640  loss 4.5824  lr 4.50e-05  0.14 s/step  free 55717 MB
2026-07-06 14:35:58,767 INFO step 8660  loss 4.9903  lr 4.46e-05  0.14 s/step  free 55717 MB
2026-07-06 14:36:02,082 INFO step 8680  loss 4.1223  lr 4.42e-05  0.13 s/step  free 55717 MB
2026-07-06 14:36:05,551 INFO step 8700  loss 3.6871  lr 4.38e-05  0.15 s/step  free 55717 MB
2026-07-06 14:36:08,896 INFO step 8720  loss 4.1593  lr 4.34e-05  0.14 s/step  free 55717 MB
2026-07-06 14:36:12,041 INFO step 8740  loss 4.5165  lr 4.31e-05  0.14 s/step  free 55717 MB
2026-07-06 14:36:15,469 INFO step 8760  loss 4.4304  lr 4.27e-05  0.18 s/step  free 55717 MB
2026-07-06 14:36:18,678 INFO step 8780  loss 3.9901  lr 4.23e-05  0.13 s/step  free 55717 MB
2026-07-06 14:36:21,899 INFO step 8800  loss 4.3342  lr 4.19e-05  0.13 s/step  free 55717 MB
2026-07-06 14:36:25,213 INFO step 8820  loss 3.5055  lr 4.16e-05  0.13 s/step  free 55717 MB
2026-07-06 14:36:28,490 INFO step 8840  loss 3.9349  lr 4.12e-05  0.17 s/step  free 55717 MB
2026-07-06 14:36:31,710 INFO step 8860  loss 4.5166  lr 4.08e-05  0.15 s/step  free 55717 MB
2026-07-06 14:36:35,022 INFO step 8880  loss 4.3407  lr 4.04e-05  0.16 s/step  free 55717 MB
2026-07-06 14:36:38,318 INFO step 8900  loss 4.0951  lr 4.01e-05  0.14 s/step  free 55717 MB
2026-07-06 14:36:41,581 INFO step 8920  loss 3.7452  lr 3.97e-05  0.14 s/step  free 55717 MB
2026-07-06 14:36:44,840 INFO step 8940  loss 4.9092  lr 3.93e-05  0.13 s/step  free 55717 MB
2026-07-06 14:36:48,123 INFO step 8960  loss 3.9203  lr 3.90e-05  0.14 s/step  free 55717 MB
2026-07-06 14:36:51,367 INFO step 8980  loss 4.8401  lr 3.86e-05  0.16 s/step  free 55717 MB
2026-07-06 14:36:54,668 INFO step 9000  loss 3.3109  lr 3.83e-05  0.13 s/step  free 55717 MB
2026-07-06 14:36:55,493 INFO Saved step9000.pt (resumable)
Setting `pad_token_id` to `eos_token_id`:151645 for open-end generation.
Setting `pad_token_id` to `eos_token_id`:151645 for open-end generation.
Setting `pad_token_id` to `eos_token_id`:151645 for open-end generation.
Setting `pad_token_id` to `eos_token_id`:151645 for open-end generation.
Setting `pad_token_id` to `eos_token_id`:151645 for open-end generation.
Setting `pad_token_id` to `eos_token_id`:151645 for open-end generation.
Setting `pad_token_id` to `eos_token_id`:151645 for open-end generation.
Setting `pad_token_id` to `eos_token_id`:151645 for open-end generation.
Setting `pad_token_id` to `eos_token_id`:151645 for open-end generation.
Setting `pad_token_id` to `eos_token_id`:151645 for open-end generation.
Setting `pad_token_id` to `eos_token_id`:151645 for open-end generation.
Setting `pad_token_id` to `eos_token_id`:151645 for open-end generation.
Setting `pad_token_id` to `eos_token_id`:151645 for open-end generation.
Setting `pad_token_id` to `eos_token_id`:151645 for open-end generation.
Setting `pad_token_id` to `eos_token_id`:151645 for open-end generation.
Setting `pad_token_id` to `eos_token_id`:151645 for open-end generation.
Setting `pad_token_id` to `eos_token_id`:151645 for open-end generation.
Setting `pad_token_id` to `eos_token_id`:151645 for open-end generation.
Setting `pad_token_id` to `eos_token_id`:151645 for open-end generation.
Setting `pad_token_id` to `eos_token_id`:151645 for open-end generation.
Setting `pad_token_id` to `eos_token_id`:151645 for open-end generation.
Setting `pad_token_id` to `eos_token_id`:151645 for open-end generation.
Setting `pad_token_id` to `eos_token_id`:151645 for open-end generation.
Setting `pad_token_id` to `eos_token_id`:151645 for open-end generation.
Setting `pad_token_id` to `eos_token_id`:151645 for open-end generation.
Setting `pad_token_id` to `eos_token_id`:151645 for open-end generation.
Setting `pad_token_id` to `eos_token_id`:151645 for open-end generation.
Setting `pad_token_id` to `eos_token_id`:151645 for open-end generation.
Setting `pad_token_id` to `eos_token_id`:151645 for open-end generation.
Setting `pad_token_id` to `eos_token_id`:151645 for open-end generation.
Setting `pad_token_id` to `eos_token_id`:151645 for open-end generation.
Setting `pad_token_id` to `eos_token_id`:151645 for open-end generation.
Setting `pad_token_id` to `eos_token_id`:151645 for open-end generation.
Setting `pad_token_id` to `eos_token_id`:151645 for open-end generation.
Setting `pad_token_id` to `eos_token_id`:151645 for open-end generation.
Setting `pad_token_id` to `eos_token_id`:151645 for open-end generation.
Setting `pad_token_id` to `eos_token_id`:151645 for open-end generation.
Setting `pad_token_id` to `eos_token_id`:151645 for open-end generation.
Setting `pad_token_id` to `eos_token_id`:151645 for open-end generation.
Setting `pad_token_id` to `eos_token_id`:151645 for open-end generation.
Setting `pad_token_id` to `eos_token_id`:151645 for open-end generation.
Setting `pad_token_id` to `eos_token_id`:151645 for open-end generation.
Setting `pad_token_id` to `eos_token_id`:151645 for open-end generation.
Setting `pad_token_id` to `eos_token_id`:151645 for open-end generation.
Setting `pad_token_id` to `eos_token_id`:151645 for open-end generation.
Setting `pad_token_id` to `eos_token_id`:151645 for open-end generation.
Setting `pad_token_id` to `eos_token_id`:151645 for open-end generation.
Setting `pad_token_id` to `eos_token_id`:151645 for open-end generation.
Setting `pad_token_id` to `eos_token_id`:151645 for open-end generation.
Setting `pad_token_id` to `eos_token_id`:151645 for open-end generation.
Setting `pad_token_id` to `eos_token_id`:151645 for open-end generation.
Setting `pad_token_id` to `eos_token_id`:151645 for open-end generation.
Setting `pad_token_id` to `eos_token_id`:151645 for open-end generation.
Setting `pad_token_id` to `eos_token_id`:151645 for open-end generation.
Setting `pad_token_id` to `eos_token_id`:151645 for open-end generation.
Setting `pad_token_id` to `eos_token_id`:151645 for open-end generation.
Setting `pad_token_id` to `eos_token_id`:151645 for open-end generation.
Setting `pad_token_id` to `eos_token_id`:151645 for open-end generation.
Setting `pad_token_id` to `eos_token_id`:151645 for open-end generation.
Setting `pad_token_id` to `eos_token_id`:151645 for open-end generation.
Setting `pad_token_id` to `eos_token_id`:151645 for open-end generation.
Setting `pad_token_id` to `eos_token_id`:151645 for open-end generation.
Setting `pad_token_id` to `eos_token_id`:151645 for open-end generation.
Setting `pad_token_id` to `eos_token_id`:151645 for open-end generation.
Setting `pad_token_id` to `eos_token_id`:151645 for open-end generation.
Setting `pad_token_id` to `eos_token_id`:151645 for open-end generation.
Setting `pad_token_id` to `eos_token_id`:151645 for open-end generation.
Setting `pad_token_id` to `eos_token_id`:151645 for open-end generation.
Setting `pad_token_id` to `eos_token_id`:151645 for open-end generation.
Setting `pad_token_id` to `eos_token_id`:151645 for open-end generation.
Setting `pad_token_id` to `eos_token_id`:151645 for open-end generation.
Setting `pad_token_id` to `eos_token_id`:151645 for open-end generation.
Setting `pad_token_id` to `eos_token_id`:151645 for open-end generation.
Setting `pad_token_id` to `eos_token_id`:151645 for open-end generation.
Setting `pad_token_id` to `eos_token_id`:151645 for open-end generation.
Setting `pad_token_id` to `eos_token_id`:151645 for open-end generation.
Setting `pad_token_id` to `eos_token_id`:151645 for open-end generation.
Setting `pad_token_id` to `eos_token_id`:151645 for open-end generation.
Setting `pad_token_id` to `eos_token_id`:151645 for open-end generation.
Setting `pad_token_id` to `eos_token_id`:151645 for open-end generation.
Setting `pad_token_id` to `eos_token_id`:151645 for open-end generation.
Setting `pad_token_id` to `eos_token_id`:151645 for open-end generation.
Setting `pad_token_id` to `eos_token_id`:151645 for open-end generation.
Setting `pad_token_id` to `eos_token_id`:151645 for open-end generation.
Setting `pad_token_id` to `eos_token_id`:151645 for open-end generation.
Setting `pad_token_id` to `eos_token_id`:151645 for open-end generation.
Setting `pad_token_id` to `eos_token_id`:151645 for open-end generation.
Setting `pad_token_id` to `eos_token_id`:151645 for open-end generation.
Setting `pad_token_id` to `eos_token_id`:151645 for open-end generation.
Setting `pad_token_id` to `eos_token_id`:151645 for open-end generation.
Setting `pad_token_id` to `eos_token_id`:151645 for open-end generation.
Setting `pad_token_id` to `eos_token_id`:151645 for open-end generation.
Setting `pad_token_id` to `eos_token_id`:151645 for open-end generation.
Setting `pad_token_id` to `eos_token_id`:151645 for open-end generation.
Setting `pad_token_id` to `eos_token_id`:151645 for open-end generation.
Setting `pad_token_id` to `eos_token_id`:151645 for open-end generation.
Setting `pad_token_id` to `eos_token_id`:151645 for open-end generation.
Setting `pad_token_id` to `eos_token_id`:151645 for open-end generation.
Setting `pad_token_id` to `eos_token_id`:151645 for open-end generation.
Setting `pad_token_id` to `eos_token_id`:151645 for open-end generation.
Setting `pad_token_id` to `eos_token_id`:151645 for open-end generation.
Setting `pad_token_id` to `eos_token_id`:151645 for open-end generation.
Setting `pad_token_id` to `eos_token_id`:151645 for open-end generation.
Setting `pad_token_id` to `eos_token_id`:151645 for open-end generation.
Setting `pad_token_id` to `eos_token_id`:151645 for open-end generation.
Setting `pad_token_id` to `eos_token_id`:151645 for open-end generation.
Setting `pad_token_id` to `eos_token_id`:151645 for open-end generation.
Setting `pad_token_id` to `eos_token_id`:151645 for open-end generation.
Setting `pad_token_id` to `eos_token_id`:151645 for open-end generation.
Setting `pad_token_id` to `eos_token_id`:151645 for open-end generation.
Setting `pad_token_id` to `eos_token_id`:151645 for open-end generation.
Setting `pad_token_id` to `eos_token_id`:151645 for open-end generation.
Setting `pad_token_id` to `eos_token_id`:151645 for open-end generation.
Setting `pad_token_id` to `eos_token_id`:151645 for open-end generation.
Setting `pad_token_id` to `eos_token_id`:151645 for open-end generation.
Setting `pad_token_id` to `eos_token_id`:151645 for open-end generation.
Setting `pad_token_id` to `eos_token_id`:151645 for open-end generation.
Setting `pad_token_id` to `eos_token_id`:151645 for open-end generation.
Setting `pad_token_id` to `eos_token_id`:151645 for open-end generation.
Setting `pad_token_id` to `eos_token_id`:151645 for open-end generation.
Setting `pad_token_id` to `eos_token_id`:151645 for open-end generation.
Setting `pad_token_id` to `eos_token_id`:151645 for open-end generation.
Setting `pad_token_id` to `eos_token_id`:151645 for open-end generation.
Setting `pad_token_id` to `eos_token_id`:151645 for open-end generation.
Setting `pad_token_id` to `eos_token_id`:151645 for open-end generation.
Setting `pad_token_id` to `eos_token_id`:151645 for open-end generation.
Setting `pad_token_id` to `eos_token_id`:151645 for open-end generation.
Setting `pad_token_id` to `eos_token_id`:151645 for open-end generation.
2026-07-06 14:37:44,686 INFO EVAL step  9000  asr_plain=1.00 bias_nat_distractor=1.00 bias_nat_relevant=1.00 complete_nosil=1.00 digit_fire=1.00 digit_hold=1.00 digit_nosil=1.00 lead_sil=1.00 long_sil=1.00 pair_fire=1.00 pair_hold=0.88 silence_only=1.00 single_sil=1.00 spell_email=1.00 spell_name=1.00 truncated=1.00  score=0.992 (49.2s)
2026-07-06 14:37:45,424 INFO New best (v9 score 0.992) -> checkpoints/semantic_endpoint_v18_seed2_es/best.pt
2026-07-06 14:37:48,848 INFO step 9020  loss 4.7102  lr 3.79e-05  0.15 s/step  free 55717 MB
2026-07-06 14:37:52,218 INFO step 9040  loss 4.2181  lr 3.76e-05  0.14 s/step  free 55717 MB
2026-07-06 14:37:55,517 INFO step 9060  loss 4.5212  lr 3.72e-05  0.14 s/step  free 55717 MB
2026-07-06 14:37:58,791 INFO step 9080  loss 4.2370  lr 3.69e-05  0.13 s/step  free 55717 MB
2026-07-06 14:38:02,120 INFO step 9100  loss 4.1589  lr 3.65e-05  0.14 s/step  free 55717 MB
2026-07-06 14:38:05,391 INFO step 9120  loss 4.1542  lr 3.62e-05  0.16 s/step  free 55717 MB
2026-07-06 14:38:08,852 INFO step 9140  loss 3.6575  lr 3.58e-05  0.15 s/step  free 55717 MB
2026-07-06 14:38:12,235 INFO step 9160  loss 4.2400  lr 3.55e-05  0.14 s/step  free 55717 MB
2026-07-06 14:38:15,561 INFO step 9180  loss 4.4836  lr 3.51e-05  0.14 s/step  free 55717 MB
2026-07-06 14:38:18,831 INFO step 9200  loss 3.6403  lr 3.48e-05  0.13 s/step  free 55717 MB
2026-07-06 14:38:22,130 INFO step 9220  loss 3.6640  lr 3.45e-05  0.14 s/step  free 55717 MB
2026-07-06 14:38:25,514 INFO step 9240  loss 4.4200  lr 3.41e-05  0.13 s/step  free 55717 MB
2026-07-06 14:38:28,773 INFO step 9260  loss 3.8132  lr 3.38e-05  0.17 s/step  free 55717 MB
2026-07-06 14:38:32,155 INFO step 9280  loss 3.7382  lr 3.35e-05  0.14 s/step  free 55717 MB
2026-07-06 14:38:35,420 INFO step 9300  loss 3.5991  lr 3.31e-05  0.16 s/step  free 55717 MB
2026-07-06 14:38:38,663 INFO step 9320  loss 4.3672  lr 3.28e-05  0.14 s/step  free 55717 MB
2026-07-06 14:38:41,968 INFO step 9340  loss 3.9650  lr 3.25e-05  0.13 s/step  free 55717 MB
2026-07-06 14:38:45,361 INFO step 9360  loss 4.3327  lr 3.22e-05  0.16 s/step  free 55717 MB
2026-07-06 14:38:48,787 INFO step 9380  loss 4.1410  lr 3.18e-05  0.15 s/step  free 55717 MB
2026-07-06 14:38:52,009 INFO step 9400  loss 4.6221  lr 3.15e-05  0.14 s/step  free 55717 MB
2026-07-06 14:38:55,505 INFO step 9420  loss 4.6039  lr 3.12e-05  0.17 s/step  free 55717 MB
2026-07-06 14:38:58,794 INFO step 9440  loss 4.3123  lr 3.09e-05  0.16 s/step  free 55717 MB
2026-07-06 14:39:02,175 INFO step 9460  loss 3.3664  lr 3.06e-05  0.13 s/step  free 55717 MB
2026-07-06 14:39:05,507 INFO step 9480  loss 4.3877  lr 3.03e-05  0.15 s/step  free 55717 MB
2026-07-06 14:39:08,785 INFO step 9500  loss 3.3052  lr 3.00e-05  0.13 s/step  free 55717 MB
2026-07-06 14:39:09,601 INFO Saved step9500.pt (resumable)
2026-07-06 14:39:13,010 INFO step 9520  loss 4.1937  lr 2.96e-05  0.16 s/step  free 55717 MB
2026-07-06 14:39:16,268 INFO step 9540  loss 3.1209  lr 2.93e-05  0.14 s/step  free 55717 MB
2026-07-06 14:39:19,541 INFO step 9560  loss 4.2573  lr 2.90e-05  0.13 s/step  free 55717 MB
2026-07-06 14:39:22,973 INFO step 9580  loss 3.7860  lr 2.87e-05  0.13 s/step  free 55717 MB
2026-07-06 14:39:26,244 INFO step 9600  loss 4.6714  lr 2.84e-05  0.13 s/step  free 55717 MB
2026-07-06 14:39:29,498 INFO step 9620  loss 3.8477  lr 2.81e-05  0.14 s/step  free 55717 MB
2026-07-06 14:39:32,938 INFO step 9640  loss 4.6758  lr 2.78e-05  0.15 s/step  free 55717 MB
2026-07-06 14:39:36,222 INFO step 9660  loss 4.4767  lr 2.76e-05  0.15 s/step  free 55717 MB
2026-07-06 14:39:39,579 INFO step 9680  loss 4.5301  lr 2.73e-05  0.15 s/step  free 55717 MB
2026-07-06 14:39:42,835 INFO step 9700  loss 4.4737  lr 2.70e-05  0.14 s/step  free 55717 MB
2026-07-06 14:39:46,141 INFO step 9720  loss 3.8793  lr 2.67e-05  0.15 s/step  free 55717 MB
2026-07-06 14:39:49,392 INFO step 9740  loss 4.1561  lr 2.64e-05  0.15 s/step  free 55717 MB
2026-07-06 14:39:52,781 INFO step 9760  loss 3.9481  lr 2.61e-05  0.14 s/step  free 55717 MB
2026-07-06 14:39:56,060 INFO step 9780  loss 4.0890  lr 2.59e-05  0.14 s/step  free 55717 MB
2026-07-06 14:39:59,290 INFO step 9800  loss 4.4458  lr 2.56e-05  0.14 s/step  free 55717 MB
2026-07-06 14:40:02,598 INFO step 9820  loss 4.5483  lr 2.53e-05  0.15 s/step  free 55717 MB
2026-07-06 14:40:05,947 INFO step 9840  loss 3.9874  lr 2.50e-05  0.15 s/step  free 55717 MB
2026-07-06 14:40:09,238 INFO step 9860  loss 4.4382  lr 2.48e-05  0.13 s/step  free 55717 MB
2026-07-06 14:40:12,453 INFO step 9880  loss 3.1106  lr 2.45e-05  0.13 s/step  free 55717 MB
2026-07-06 14:40:15,608 INFO step 9900  loss 4.4913  lr 2.42e-05  0.13 s/step  free 55717 MB
2026-07-06 14:40:19,012 INFO step 9920  loss 4.4542  lr 2.40e-05  0.18 s/step  free 55717 MB
2026-07-06 14:40:22,351 INFO step 9940  loss 4.7289  lr 2.37e-05  0.15 s/step  free 55717 MB
2026-07-06 14:40:25,646 INFO step 9960  loss 3.4987  lr 2.34e-05  0.13 s/step  free 55717 MB
2026-07-06 14:40:28,848 INFO step 9980  loss 3.9770  lr 2.32e-05  0.14 s/step  free 55717 MB
2026-07-06 14:40:32,083 INFO step 10000  loss 4.3497  lr 2.29e-05  0.14 s/step  free 55717 MB
2026-07-06 14:40:32,907 INFO Saved step10000.pt (resumable)
2026-07-06 14:40:36,298 INFO step 10020  loss 4.8149  lr 2.27e-05  0.15 s/step  free 55717 MB
2026-07-06 14:40:39,650 INFO step 10040  loss 3.9510  lr 2.24e-05  0.17 s/step  free 55717 MB
2026-07-06 14:40:43,033 INFO step 10060  loss 3.5429  lr 2.22e-05  0.14 s/step  free 55717 MB
2026-07-06 14:40:46,377 INFO step 10080  loss 4.7325  lr 2.19e-05  0.15 s/step  free 55717 MB
2026-07-06 14:40:49,706 INFO step 10100  loss 4.0375  lr 2.17e-05  0.15 s/step  free 55717 MB
2026-07-06 14:40:53,126 INFO step 10120  loss 3.8459  lr 2.15e-05  0.13 s/step  free 55717 MB
2026-07-06 14:40:56,452 INFO step 10140  loss 4.0920  lr 2.12e-05  0.14 s/step  free 55717 MB
2026-07-06 14:40:59,877 INFO step 10160  loss 5.0661  lr 2.10e-05  0.15 s/step  free 55717 MB
2026-07-06 14:41:03,373 INFO step 10180  loss 3.8609  lr 2.08e-05  0.14 s/step  free 55717 MB
2026-07-06 14:41:06,688 INFO step 10200  loss 3.2628  lr 2.05e-05  0.13 s/step  free 55717 MB
2026-07-06 14:41:09,993 INFO step 10220  loss 4.5912  lr 2.03e-05  0.16 s/step  free 55717 MB
2026-07-06 14:41:13,382 INFO step 10240  loss 4.0385  lr 2.01e-05  0.14 s/step  free 55717 MB
2026-07-06 14:41:16,779 INFO step 10260  loss 4.0049  lr 1.98e-05  0.16 s/step  free 55717 MB
2026-07-06 14:41:20,082 INFO step 10280  loss 3.9121  lr 1.96e-05  0.13 s/step  free 55717 MB
2026-07-06 14:41:23,338 INFO step 10300  loss 3.6585  lr 1.94e-05  0.16 s/step  free 55717 MB
2026-07-06 14:41:26,614 INFO step 10320  loss 4.0756  lr 1.92e-05  0.14 s/step  free 55717 MB
2026-07-06 14:41:29,876 INFO step 10340  loss 4.5571  lr 1.90e-05  0.14 s/step  free 55717 MB
2026-07-06 14:41:33,282 INFO step 10360  loss 4.0755  lr 1.88e-05  0.14 s/step  free 55717 MB
2026-07-06 14:41:36,510 INFO step 10380  loss 3.7905  lr 1.86e-05  0.13 s/step  free 55717 MB
2026-07-06 14:41:39,800 INFO step 10400  loss 4.4526  lr 1.83e-05  0.13 s/step  free 55717 MB
2026-07-06 14:41:43,099 INFO step 10420  loss 4.5909  lr 1.81e-05  0.13 s/step  free 55717 MB
2026-07-06 14:41:46,503 INFO step 10440  loss 4.6125  lr 1.79e-05  0.17 s/step  free 55717 MB
2026-07-06 14:41:49,971 INFO step 10460  loss 4.0635  lr 1.77e-05  0.13 s/step  free 55717 MB
2026-07-06 14:41:53,423 INFO step 10480  loss 3.5811  lr 1.75e-05  0.15 s/step  free 55717 MB
2026-07-06 14:41:56,715 INFO step 10500  loss 4.7896  lr 1.74e-05  0.13 s/step  free 55717 MB
2026-07-06 14:41:57,522 INFO Saved step10500.pt (resumable)
Setting `pad_token_id` to `eos_token_id`:151645 for open-end generation.
Setting `pad_token_id` to `eos_token_id`:151645 for open-end generation.
Setting `pad_token_id` to `eos_token_id`:151645 for open-end generation.
Setting `pad_token_id` to `eos_token_id`:151645 for open-end generation.
Setting `pad_token_id` to `eos_token_id`:151645 for open-end generation.
Setting `pad_token_id` to `eos_token_id`:151645 for open-end generation.
Setting `pad_token_id` to `eos_token_id`:151645 for open-end generation.
Setting `pad_token_id` to `eos_token_id`:151645 for open-end generation.
Setting `pad_token_id` to `eos_token_id`:151645 for open-end generation.
Setting `pad_token_id` to `eos_token_id`:151645 for open-end generation.
Setting `pad_token_id` to `eos_token_id`:151645 for open-end generation.
Setting `pad_token_id` to `eos_token_id`:151645 for open-end generation.
Setting `pad_token_id` to `eos_token_id`:151645 for open-end generation.
Setting `pad_token_id` to `eos_token_id`:151645 for open-end generation.
Setting `pad_token_id` to `eos_token_id`:151645 for open-end generation.
Setting `pad_token_id` to `eos_token_id`:151645 for open-end generation.
Setting `pad_token_id` to `eos_token_id`:151645 for open-end generation.
Setting `pad_token_id` to `eos_token_id`:151645 for open-end generation.
Setting `pad_token_id` to `eos_token_id`:151645 for open-end generation.
Setting `pad_token_id` to `eos_token_id`:151645 for open-end generation.
Setting `pad_token_id` to `eos_token_id`:151645 for open-end generation.
Setting `pad_token_id` to `eos_token_id`:151645 for open-end generation.
Setting `pad_token_id` to `eos_token_id`:151645 for open-end generation.
Setting `pad_token_id` to `eos_token_id`:151645 for open-end generation.
Setting `pad_token_id` to `eos_token_id`:151645 for open-end generation.
Setting `pad_token_id` to `eos_token_id`:151645 for open-end generation.
Setting `pad_token_id` to `eos_token_id`:151645 for open-end generation.
Setting `pad_token_id` to `eos_token_id`:151645 for open-end generation.
Setting `pad_token_id` to `eos_token_id`:151645 for open-end generation.
Setting `pad_token_id` to `eos_token_id`:151645 for open-end generation.
Setting `pad_token_id` to `eos_token_id`:151645 for open-end generation.
Setting `pad_token_id` to `eos_token_id`:151645 for open-end generation.
Setting `pad_token_id` to `eos_token_id`:151645 for open-end generation.
Setting `pad_token_id` to `eos_token_id`:151645 for open-end generation.
Setting `pad_token_id` to `eos_token_id`:151645 for open-end generation.
Setting `pad_token_id` to `eos_token_id`:151645 for open-end generation.
Setting `pad_token_id` to `eos_token_id`:151645 for open-end generation.
Setting `pad_token_id` to `eos_token_id`:151645 for open-end generation.
Setting `pad_token_id` to `eos_token_id`:151645 for open-end generation.
Setting `pad_token_id` to `eos_token_id`:151645 for open-end generation.
Setting `pad_token_id` to `eos_token_id`:151645 for open-end generation.
Setting `pad_token_id` to `eos_token_id`:151645 for open-end generation.
Setting `pad_token_id` to `eos_token_id`:151645 for open-end generation.
Setting `pad_token_id` to `eos_token_id`:151645 for open-end generation.
Setting `pad_token_id` to `eos_token_id`:151645 for open-end generation.
Setting `pad_token_id` to `eos_token_id`:151645 for open-end generation.
Setting `pad_token_id` to `eos_token_id`:151645 for open-end generation.
Setting `pad_token_id` to `eos_token_id`:151645 for open-end generation.
Setting `pad_token_id` to `eos_token_id`:151645 for open-end generation.
Setting `pad_token_id` to `eos_token_id`:151645 for open-end generation.
Setting `pad_token_id` to `eos_token_id`:151645 for open-end generation.
Setting `pad_token_id` to `eos_token_id`:151645 for open-end generation.
Setting `pad_token_id` to `eos_token_id`:151645 for open-end generation.
Setting `pad_token_id` to `eos_token_id`:151645 for open-end generation.
Setting `pad_token_id` to `eos_token_id`:151645 for open-end generation.
Setting `pad_token_id` to `eos_token_id`:151645 for open-end generation.
Setting `pad_token_id` to `eos_token_id`:151645 for open-end generation.
Setting `pad_token_id` to `eos_token_id`:151645 for open-end generation.
Setting `pad_token_id` to `eos_token_id`:151645 for open-end generation.
Setting `pad_token_id` to `eos_token_id`:151645 for open-end generation.
Setting `pad_token_id` to `eos_token_id`:151645 for open-end generation.
Setting `pad_token_id` to `eos_token_id`:151645 for open-end generation.
Setting `pad_token_id` to `eos_token_id`:151645 for open-end generation.
Setting `pad_token_id` to `eos_token_id`:151645 for open-end generation.
Setting `pad_token_id` to `eos_token_id`:151645 for open-end generation.
Setting `pad_token_id` to `eos_token_id`:151645 for open-end generation.
Setting `pad_token_id` to `eos_token_id`:151645 for open-end generation.
Setting `pad_token_id` to `eos_token_id`:151645 for open-end generation.
Setting `pad_token_id` to `eos_token_id`:151645 for open-end generation.
Setting `pad_token_id` to `eos_token_id`:151645 for open-end generation.
Setting `pad_token_id` to `eos_token_id`:151645 for open-end generation.
Setting `pad_token_id` to `eos_token_id`:151645 for open-end generation.
Setting `pad_token_id` to `eos_token_id`:151645 for open-end generation.
Setting `pad_token_id` to `eos_token_id`:151645 for open-end generation.
Setting `pad_token_id` to `eos_token_id`:151645 for open-end generation.
Setting `pad_token_id` to `eos_token_id`:151645 for open-end generation.
Setting `pad_token_id` to `eos_token_id`:151645 for open-end generation.
Setting `pad_token_id` to `eos_token_id`:151645 for open-end generation.
Setting `pad_token_id` to `eos_token_id`:151645 for open-end generation.
Setting `pad_token_id` to `eos_token_id`:151645 for open-end generation.
Setting `pad_token_id` to `eos_token_id`:151645 for open-end generation.
Setting `pad_token_id` to `eos_token_id`:151645 for open-end generation.
Setting `pad_token_id` to `eos_token_id`:151645 for open-end generation.
Setting `pad_token_id` to `eos_token_id`:151645 for open-end generation.
Setting `pad_token_id` to `eos_token_id`:151645 for open-end generation.
Setting `pad_token_id` to `eos_token_id`:151645 for open-end generation.
Setting `pad_token_id` to `eos_token_id`:151645 for open-end generation.
Setting `pad_token_id` to `eos_token_id`:151645 for open-end generation.
Setting `pad_token_id` to `eos_token_id`:151645 for open-end generation.
Setting `pad_token_id` to `eos_token_id`:151645 for open-end generation.
Setting `pad_token_id` to `eos_token_id`:151645 for open-end generation.
Setting `pad_token_id` to `eos_token_id`:151645 for open-end generation.
Setting `pad_token_id` to `eos_token_id`:151645 for open-end generation.
Setting `pad_token_id` to `eos_token_id`:151645 for open-end generation.
Setting `pad_token_id` to `eos_token_id`:151645 for open-end generation.
Setting `pad_token_id` to `eos_token_id`:151645 for open-end generation.
Setting `pad_token_id` to `eos_token_id`:151645 for open-end generation.
Setting `pad_token_id` to `eos_token_id`:151645 for open-end generation.
Setting `pad_token_id` to `eos_token_id`:151645 for open-end generation.
Setting `pad_token_id` to `eos_token_id`:151645 for open-end generation.
Setting `pad_token_id` to `eos_token_id`:151645 for open-end generation.
Setting `pad_token_id` to `eos_token_id`:151645 for open-end generation.
Setting `pad_token_id` to `eos_token_id`:151645 for open-end generation.
Setting `pad_token_id` to `eos_token_id`:151645 for open-end generation.
Setting `pad_token_id` to `eos_token_id`:151645 for open-end generation.
Setting `pad_token_id` to `eos_token_id`:151645 for open-end generation.
Setting `pad_token_id` to `eos_token_id`:151645 for open-end generation.
Setting `pad_token_id` to `eos_token_id`:151645 for open-end generation.
Setting `pad_token_id` to `eos_token_id`:151645 for open-end generation.
Setting `pad_token_id` to `eos_token_id`:151645 for open-end generation.
Setting `pad_token_id` to `eos_token_id`:151645 for open-end generation.
Setting `pad_token_id` to `eos_token_id`:151645 for open-end generation.
Setting `pad_token_id` to `eos_token_id`:151645 for open-end generation.
Setting `pad_token_id` to `eos_token_id`:151645 for open-end generation.
Setting `pad_token_id` to `eos_token_id`:151645 for open-end generation.
Setting `pad_token_id` to `eos_token_id`:151645 for open-end generation.
Setting `pad_token_id` to `eos_token_id`:151645 for open-end generation.
Setting `pad_token_id` to `eos_token_id`:151645 for open-end generation.
Setting `pad_token_id` to `eos_token_id`:151645 for open-end generation.
Setting `pad_token_id` to `eos_token_id`:151645 for open-end generation.
Setting `pad_token_id` to `eos_token_id`:151645 for open-end generation.
Setting `pad_token_id` to `eos_token_id`:151645 for open-end generation.
Setting `pad_token_id` to `eos_token_id`:151645 for open-end generation.
Setting `pad_token_id` to `eos_token_id`:151645 for open-end generation.
Setting `pad_token_id` to `eos_token_id`:151645 for open-end generation.
Setting `pad_token_id` to `eos_token_id`:151645 for open-end generation.
Setting `pad_token_id` to `eos_token_id`:151645 for open-end generation.
Setting `pad_token_id` to `eos_token_id`:151645 for open-end generation.
2026-07-06 14:42:46,689 INFO EVAL step 10500  asr_plain=1.00 bias_nat_distractor=1.00 bias_nat_relevant=1.00 complete_nosil=1.00 digit_fire=1.00 digit_hold=1.00 digit_nosil=1.00 lead_sil=1.00 long_sil=1.00 pair_fire=0.75 pair_hold=1.00 silence_only=1.00 single_sil=1.00 spell_email=1.00 spell_name=1.00 truncated=1.00  score=0.984 (49.2s)
2026-07-06 14:42:50,359 INFO step 10520  loss 4.5872  lr 1.72e-05  0.15 s/step  free 55717 MB
2026-07-06 14:42:53,620 INFO step 10540  loss 4.0908  lr 1.70e-05  0.15 s/step  free 55717 MB
2026-07-06 14:42:56,801 INFO step 10560  loss 2.6549  lr 1.68e-05  0.13 s/step  free 55717 MB
2026-07-06 14:43:00,137 INFO step 10580  loss 3.7497  lr 1.66e-05  0.14 s/step  free 55717 MB
2026-07-06 14:43:03,455 INFO step 10600  loss 4.3575  lr 1.64e-05  0.15 s/step  free 55717 MB
2026-07-06 14:43:06,691 INFO step 10620  loss 4.3357  lr 1.62e-05  0.13 s/step  free 55717 MB
2026-07-06 14:43:09,943 INFO step 10640  loss 4.1105  lr 1.61e-05  0.13 s/step  free 55717 MB
2026-07-06 14:43:13,181 INFO step 10660  loss 4.4924  lr 1.59e-05  0.15 s/step  free 55717 MB
2026-07-06 14:43:16,346 INFO step 10680  loss 4.3249  lr 1.57e-05  0.13 s/step  free 55717 MB
2026-07-06 14:43:19,614 INFO step 10700  loss 3.7849  lr 1.55e-05  0.13 s/step  free 55717 MB
2026-07-06 14:43:22,759 INFO step 10720  loss 3.1247  lr 1.54e-05  0.13 s/step  free 55717 MB
2026-07-06 14:43:26,107 INFO step 10740  loss 4.5105  lr 1.52e-05  0.14 s/step  free 55717 MB
2026-07-06 14:43:29,404 INFO step 10760  loss 4.4341  lr 1.50e-05  0.14 s/step  free 55717 MB
2026-07-06 14:43:32,680 INFO step 10780  loss 4.6443  lr 1.49e-05  0.14 s/step  free 55717 MB
2026-07-06 14:43:35,976 INFO step 10800  loss 4.1277  lr 1.47e-05  0.17 s/step  free 55717 MB
2026-07-06 14:43:39,141 INFO step 10820  loss 4.6369  lr 1.46e-05  0.14 s/step  free 55717 MB
2026-07-06 14:43:42,451 INFO step 10840  loss 4.4086  lr 1.44e-05  0.15 s/step  free 55717 MB
2026-07-06 14:43:45,623 INFO step 10860  loss 4.2532  lr 1.43e-05  0.15 s/step  free 55717 MB
2026-07-06 14:43:48,845 INFO step 10880  loss 4.1677  lr 1.41e-05  0.14 s/step  free 55717 MB
2026-07-06 14:43:52,131 INFO step 10900  loss 4.6396  lr 1.40e-05  0.14 s/step  free 55717 MB
2026-07-06 14:43:55,446 INFO step 10920  loss 4.0355  lr 1.38e-05  0.16 s/step  free 55717 MB
2026-07-06 14:43:58,827 INFO step 10940  loss 4.5444  lr 1.37e-05  0.13 s/step  free 55717 MB
2026-07-06 14:44:02,032 INFO step 10960  loss 4.1109  lr 1.36e-05  0.14 s/step  free 55717 MB
2026-07-06 14:44:05,225 INFO step 10980  loss 4.2617  lr 1.34e-05  0.13 s/step  free 55717 MB
2026-07-06 14:44:08,443 INFO step 11000  loss 4.6610  lr 1.33e-05  0.13 s/step  free 55717 MB
2026-07-06 14:44:09,259 INFO Saved step11000.pt (resumable)
2026-07-06 14:44:12,654 INFO step 11020  loss 3.8106  lr 1.32e-05  0.15 s/step  free 55717 MB
2026-07-06 14:44:16,003 INFO step 11040  loss 3.9212  lr 1.30e-05  0.13 s/step  free 55717 MB
2026-07-06 14:44:19,264 INFO step 11060  loss 4.3798  lr 1.29e-05  0.15 s/step  free 55717 MB
2026-07-06 14:44:22,530 INFO step 11080  loss 4.2592  lr 1.28e-05  0.15 s/step  free 55717 MB
2026-07-06 14:44:25,754 INFO step 11100  loss 4.7101  lr 1.27e-05  0.14 s/step  free 55717 MB
2026-07-06 14:44:28,976 INFO step 11120  loss 3.7172  lr 1.26e-05  0.13 s/step  free 55717 MB
2026-07-06 14:44:32,219 INFO step 11140  loss 4.8973  lr 1.24e-05  0.16 s/step  free 55717 MB
2026-07-06 14:44:35,616 INFO step 11160  loss 4.2554  lr 1.23e-05  0.15 s/step  free 55717 MB
2026-07-06 14:44:38,838 INFO step 11180  loss 4.2514  lr 1.22e-05  0.15 s/step  free 55717 MB
2026-07-06 14:44:42,148 INFO step 11200  loss 4.5601  lr 1.21e-05  0.14 s/step  free 55717 MB
2026-07-06 14:44:45,496 INFO step 11220  loss 4.9334  lr 1.20e-05  0.15 s/step  free 55717 MB
2026-07-06 14:44:48,902 INFO step 11240  loss 4.3564  lr 1.19e-05  0.13 s/step  free 55717 MB
2026-07-06 14:44:52,231 INFO step 11260  loss 4.6753  lr 1.18e-05  0.14 s/step  free 55717 MB
2026-07-06 14:44:55,532 INFO step 11280  loss 3.9384  lr 1.17e-05  0.13 s/step  free 55717 MB
2026-07-06 14:44:58,842 INFO step 11300  loss 4.1910  lr 1.16e-05  0.14 s/step  free 55717 MB
2026-07-06 14:45:02,001 INFO step 11320  loss 4.3740  lr 1.15e-05  0.12 s/step  free 55717 MB
2026-07-06 14:45:05,352 INFO step 11340  loss 4.3667  lr 1.14e-05  0.13 s/step  free 55717 MB
2026-07-06 14:45:08,702 INFO step 11360  loss 3.9979  lr 1.14e-05  0.15 s/step  free 55717 MB
2026-07-06 14:45:11,975 INFO step 11380  loss 4.3575  lr 1.13e-05  0.13 s/step  free 55717 MB
2026-07-06 14:45:15,247 INFO step 11400  loss 4.3219  lr 1.12e-05  0.14 s/step  free 55717 MB
2026-07-06 14:45:18,644 INFO step 11420  loss 4.0290  lr 1.11e-05  0.14 s/step  free 55717 MB
2026-07-06 14:45:22,062 INFO step 11440  loss 4.5033  lr 1.10e-05  0.15 s/step  free 55717 MB
2026-07-06 14:45:25,590 INFO step 11460  loss 4.3594  lr 1.10e-05  0.15 s/step  free 55717 MB
2026-07-06 14:45:29,013 INFO step 11480  loss 3.0908  lr 1.09e-05  0.17 s/step  free 55717 MB
2026-07-06 14:45:32,268 INFO step 11500  loss 3.8628  lr 1.08e-05  0.16 s/step  free 55717 MB
2026-07-06 14:45:33,097 INFO Saved step11500.pt (resumable)
2026-07-06 14:45:36,441 INFO step 11520  loss 3.2907  lr 1.08e-05  0.14 s/step  free 55717 MB
2026-07-06 14:45:39,874 INFO step 11540  loss 4.3584  lr 1.07e-05  0.15 s/step  free 55717 MB
2026-07-06 14:45:43,163 INFO step 11560  loss 3.4966  lr 1.06e-05  0.13 s/step  free 55717 MB
2026-07-06 14:45:46,709 INFO step 11580  loss 3.2155  lr 1.06e-05  0.13 s/step  free 55717 MB
2026-07-06 14:45:50,088 INFO step 11600  loss 4.4554  lr 1.05e-05  0.15 s/step  free 55717 MB
2026-07-06 14:45:53,317 INFO step 11620  loss 4.4541  lr 1.05e-05  0.13 s/step  free 55717 MB
2026-07-06 14:45:56,684 INFO step 11640  loss 4.1804  lr 1.04e-05  0.14 s/step  free 55717 MB
2026-07-06 14:45:59,925 INFO step 11660  loss 3.4381  lr 1.04e-05  0.13 s/step  free 55717 MB
2026-07-06 14:46:03,214 INFO step 11680  loss 4.0610  lr 1.03e-05  0.15 s/step  free 55717 MB
2026-07-06 14:46:06,595 INFO step 11700  loss 3.9832  lr 1.03e-05  0.15 s/step  free 55717 MB
2026-07-06 14:46:09,859 INFO step 11720  loss 3.9965  lr 1.03e-05  0.13 s/step  free 55717 MB
2026-07-06 14:46:13,430 INFO step 11740  loss 4.2679  lr 1.02e-05  0.18 s/step  free 55717 MB
2026-07-06 14:46:16,772 INFO step 11760  loss 4.3888  lr 1.02e-05  0.15 s/step  free 55717 MB
2026-07-06 14:46:20,085 INFO step 11780  loss 3.6532  lr 1.02e-05  0.14 s/step  free 55717 MB
2026-07-06 14:46:23,303 INFO step 11800  loss 4.3233  lr 1.01e-05  0.13 s/step  free 55717 MB
2026-07-06 14:46:26,594 INFO step 11820  loss 4.1957  lr 1.01e-05  0.14 s/step  free 55717 MB
2026-07-06 14:46:29,836 INFO step 11840  loss 4.4964  lr 1.01e-05  0.13 s/step  free 55717 MB
2026-07-06 14:46:33,129 INFO step 11860  loss 5.0749  lr 1.01e-05  0.14 s/step  free 55717 MB
2026-07-06 14:46:36,455 INFO step 11880  loss 3.7305  lr 1.00e-05  0.14 s/step  free 55717 MB
2026-07-06 14:46:39,744 INFO step 11900  loss 4.5660  lr 1.00e-05  0.16 s/step  free 55717 MB
2026-07-06 14:46:43,067 INFO step 11920  loss 4.2219  lr 1.00e-05  0.15 s/step  free 55717 MB
2026-07-06 14:46:46,446 INFO step 11940  loss 4.2783  lr 1.00e-05  0.15 s/step  free 55717 MB
2026-07-06 14:46:49,704 INFO step 11960  loss 4.4039  lr 1.00e-05  0.15 s/step  free 55717 MB
2026-07-06 14:46:52,954 INFO step 11980  loss 3.4020  lr 1.00e-05  0.15 s/step  free 55717 MB
2026-07-06 14:46:56,103 INFO Wrote eval log to checkpoints/semantic_endpoint_v18_seed2_es/eval_log.json (best score 0.992)
2026-07-06 14:46:56,382 INFO Saved final checkpoints/semantic_endpoint_v18_seed2_es/step12000.pt
