2026-07-06 14:47:11,628 INFO Evaluating 7 checkpoints
The following generation flags are not valid and may be ignored: ['temperature']. Set `TRANSFORMERS_VERBOSITY=info` for more details.
2026-07-06 14:47:16,648 INFO Tokenizer extended: vocab=151707, eager=151705, end=151706 (new rows initialized)
2026-07-06 14:47:16,741 INFO LoRA rank inferred from checkpoint: 32
Setting `pad_token_id` to `eos_token_id`:151645 for open-end generation.
Setting `pad_token_id` to `eos_token_id`:151645 for open-end generation.
Setting `pad_token_id` to `eos_token_id`:151645 for open-end generation.
Setting `pad_token_id` to `eos_token_id`:151645 for open-end generation.
Setting `pad_token_id` to `eos_token_id`:151645 for open-end generation.
Setting `pad_token_id` to `eos_token_id`:151645 for open-end generation.
Setting `pad_token_id` to `eos_token_id`:151645 for open-end generation.
Setting `pad_token_id` to `eos_token_id`:151645 for open-end generation.
Setting `pad_token_id` to `eos_token_id`:151645 for open-end generation.
Setting `pad_token_id` to `eos_token_id`:151645 for open-end generation.
Setting `pad_token_id` to `eos_token_id`:151645 for open-end generation.
Setting `pad_token_id` to `eos_token_id`:151645 for open-end generation.
Setting `pad_token_id` to `eos_token_id`:151645 for open-end generation.
Setting `pad_token_id` to `eos_token_id`:151645 for open-end generation.
Setting `pad_token_id` to `eos_token_id`:151645 for open-end generation.
Setting `pad_token_id` to `eos_token_id`:151645 for open-end generation.
Setting `pad_token_id` to `eos_token_id`:151645 for open-end generation.
Setting `pad_token_id` to `eos_token_id`:151645 for open-end generation.
Setting `pad_token_id` to `eos_token_id`:151645 for open-end generation.
Setting `pad_token_id` to `eos_token_id`:151645 for open-end generation.
Setting `pad_token_id` to `eos_token_id`:151645 for open-end generation.
Setting `pad_token_id` to `eos_token_id`:151645 for open-end generation.
Setting `pad_token_id` to `eos_token_id`:151645 for open-end generation.
Setting `pad_token_id` to `eos_token_id`:151645 for open-end generation.
Setting `pad_token_id` to `eos_token_id`:151645 for open-end generation.
Setting `pad_token_id` to `eos_token_id`:151645 for open-end generation.
Setting `pad_token_id` to `eos_token_id`:151645 for open-end generation.
Setting `pad_token_id` to `eos_token_id`:151645 for open-end generation.
Setting `pad_token_id` to `eos_token_id`:151645 for open-end generation.
Setting `pad_token_id` to `eos_token_id`:151645 for open-end generation.
Setting `pad_token_id` to `eos_token_id`:151645 for open-end generation.
Setting `pad_token_id` to `eos_token_id`:151645 for open-end generation.
Setting `pad_token_id` to `eos_token_id`:151645 for open-end generation.
Setting `pad_token_id` to `eos_token_id`:151645 for open-end generation.
Setting `pad_token_id` to `eos_token_id`:151645 for open-end generation.
Setting `pad_token_id` to `eos_token_id`:151645 for open-end generation.
Setting `pad_token_id` to `eos_token_id`:151645 for open-end generation.
Setting `pad_token_id` to `eos_token_id`:151645 for open-end generation.
Setting `pad_token_id` to `eos_token_id`:151645 for open-end generation.
Setting `pad_token_id` to `eos_token_id`:151645 for open-end generation.
Setting `pad_token_id` to `eos_token_id`:151645 for open-end generation.
Setting `pad_token_id` to `eos_token_id`:151645 for open-end generation.
Setting `pad_token_id` to `eos_token_id`:151645 for open-end generation.
Setting `pad_token_id` to `eos_token_id`:151645 for open-end generation.
Setting `pad_token_id` to `eos_token_id`:151645 for open-end generation.
Setting `pad_token_id` to `eos_token_id`:151645 for open-end generation.
Setting `pad_token_id` to `eos_token_id`:151645 for open-end generation.
Setting `pad_token_id` to `eos_token_id`:151645 for open-end generation.
Setting `pad_token_id` to `eos_token_id`:151645 for open-end generation.
Setting `pad_token_id` to `eos_token_id`:151645 for open-end generation.
Setting `pad_token_id` to `eos_token_id`:151645 for open-end generation.
Setting `pad_token_id` to `eos_token_id`:151645 for open-end generation.
Setting `pad_token_id` to `eos_token_id`:151645 for open-end generation.
Setting `pad_token_id` to `eos_token_id`:151645 for open-end generation.
Setting `pad_token_id` to `eos_token_id`:151645 for open-end generation.
Setting `pad_token_id` to `eos_token_id`:151645 for open-end generation.
Setting `pad_token_id` to `eos_token_id`:151645 for open-end generation.
Setting `pad_token_id` to `eos_token_id`:151645 for open-end generation.
Setting `pad_token_id` to `eos_token_id`:151645 for open-end generation.
Setting `pad_token_id` to `eos_token_id`:151645 for open-end generation.
Setting `pad_token_id` to `eos_token_id`:151645 for open-end generation.
Setting `pad_token_id` to `eos_token_id`:151645 for open-end generation.
Setting `pad_token_id` to `eos_token_id`:151645 for open-end generation.
Setting `pad_token_id` to `eos_token_id`:151645 for open-end generation.
Setting `pad_token_id` to `eos_token_id`:151645 for open-end generation.
Setting `pad_token_id` to `eos_token_id`:151645 for open-end generation.
Setting `pad_token_id` to `eos_token_id`:151645 for open-end generation.
Setting `pad_token_id` to `eos_token_id`:151645 for open-end generation.
Setting `pad_token_id` to `eos_token_id`:151645 for open-end generation.
Setting `pad_token_id` to `eos_token_id`:151645 for open-end generation.
Setting `pad_token_id` to `eos_token_id`:151645 for open-end generation.
Setting `pad_token_id` to `eos_token_id`:151645 for open-end generation.
Setting `pad_token_id` to `eos_token_id`:151645 for open-end generation.
Setting `pad_token_id` to `eos_token_id`:151645 for open-end generation.
Setting `pad_token_id` to `eos_token_id`:151645 for open-end generation.
Setting `pad_token_id` to `eos_token_id`:151645 for open-end generation.
Setting `pad_token_id` to `eos_token_id`:151645 for open-end generation.
Setting `pad_token_id` to `eos_token_id`:151645 for open-end generation.
Setting `pad_token_id` to `eos_token_id`:151645 for open-end generation.
Setting `pad_token_id` to `eos_token_id`:151645 for open-end generation.
Setting `pad_token_id` to `eos_token_id`:151645 for open-end generation.
Setting `pad_token_id` to `eos_token_id`:151645 for open-end generation.
Setting `pad_token_id` to `eos_token_id`:151645 for open-end generation.
Setting `pad_token_id` to `eos_token_id`:151645 for open-end generation.
Setting `pad_token_id` to `eos_token_id`:151645 for open-end generation.
Setting `pad_token_id` to `eos_token_id`:151645 for open-end generation.
Setting `pad_token_id` to `eos_token_id`:151645 for open-end generation.
Setting `pad_token_id` to `eos_token_id`:151645 for open-end generation.
Setting `pad_token_id` to `eos_token_id`:151645 for open-end generation.
Setting `pad_token_id` to `eos_token_id`:151645 for open-end generation.
Setting `pad_token_id` to `eos_token_id`:151645 for open-end generation.
Setting `pad_token_id` to `eos_token_id`:151645 for open-end generation.
Setting `pad_token_id` to `eos_token_id`:151645 for open-end generation.
Setting `pad_token_id` to `eos_token_id`:151645 for open-end generation.
Setting `pad_token_id` to `eos_token_id`:151645 for open-end generation.
Setting `pad_token_id` to `eos_token_id`:151645 for open-end generation.
Setting `pad_token_id` to `eos_token_id`:151645 for open-end generation.
Setting `pad_token_id` to `eos_token_id`:151645 for open-end generation.
Setting `pad_token_id` to `eos_token_id`:151645 for open-end generation.
Setting `pad_token_id` to `eos_token_id`:151645 for open-end generation.
Setting `pad_token_id` to `eos_token_id`:151645 for open-end generation.
Setting `pad_token_id` to `eos_token_id`:151645 for open-end generation.
Setting `pad_token_id` to `eos_token_id`:151645 for open-end generation.
Setting `pad_token_id` to `eos_token_id`:151645 for open-end generation.
Setting `pad_token_id` to `eos_token_id`:151645 for open-end generation.
Setting `pad_token_id` to `eos_token_id`:151645 for open-end generation.
Setting `pad_token_id` to `eos_token_id`:151645 for open-end generation.
Setting `pad_token_id` to `eos_token_id`:151645 for open-end generation.
Setting `pad_token_id` to `eos_token_id`:151645 for open-end generation.
Setting `pad_token_id` to `eos_token_id`:151645 for open-end generation.
Setting `pad_token_id` to `eos_token_id`:151645 for open-end generation.
Setting `pad_token_id` to `eos_token_id`:151645 for open-end generation.
Setting `pad_token_id` to `eos_token_id`:151645 for open-end generation.
Setting `pad_token_id` to `eos_token_id`:151645 for open-end generation.
Setting `pad_token_id` to `eos_token_id`:151645 for open-end generation.
Setting `pad_token_id` to `eos_token_id`:151645 for open-end generation.
Setting `pad_token_id` to `eos_token_id`:151645 for open-end generation.
Setting `pad_token_id` to `eos_token_id`:151645 for open-end generation.
Setting `pad_token_id` to `eos_token_id`:151645 for open-end generation.
Setting `pad_token_id` to `eos_token_id`:151645 for open-end generation.
Setting `pad_token_id` to `eos_token_id`:151645 for open-end generation.
Setting `pad_token_id` to `eos_token_id`:151645 for open-end generation.
Setting `pad_token_id` to `eos_token_id`:151645 for open-end generation.
Setting `pad_token_id` to `eos_token_id`:151645 for open-end generation.
Setting `pad_token_id` to `eos_token_id`:151645 for open-end generation.
Setting `pad_token_id` to `eos_token_id`:151645 for open-end generation.
Setting `pad_token_id` to `eos_token_id`:151645 for open-end generation.
Setting `pad_token_id` to `eos_token_id`:151645 for open-end generation.
Setting `pad_token_id` to `eos_token_id`:151645 for open-end generation.
Setting `pad_token_id` to `eos_token_id`:151645 for open-end generation.
Setting `pad_token_id` to `eos_token_id`:151645 for open-end generation.
Setting `pad_token_id` to `eos_token_id`:151645 for open-end generation.
Setting `pad_token_id` to `eos_token_id`:151645 for open-end generation.
Setting `pad_token_id` to `eos_token_id`:151645 for open-end generation.
Setting `pad_token_id` to `eos_token_id`:151645 for open-end generation.
Setting `pad_token_id` to `eos_token_id`:151645 for open-end generation.
Setting `pad_token_id` to `eos_token_id`:151645 for open-end generation.
Setting `pad_token_id` to `eos_token_id`:151645 for open-end generation.
Setting `pad_token_id` to `eos_token_id`:151645 for open-end generation.
Setting `pad_token_id` to `eos_token_id`:151645 for open-end generation.
Setting `pad_token_id` to `eos_token_id`:151645 for open-end generation.
Setting `pad_token_id` to `eos_token_id`:151645 for open-end generation.
Setting `pad_token_id` to `eos_token_id`:151645 for open-end generation.
Setting `pad_token_id` to `eos_token_id`:151645 for open-end generation.
Setting `pad_token_id` to `eos_token_id`:151645 for open-end generation.
Setting `pad_token_id` to `eos_token_id`:151645 for open-end generation.
Setting `pad_token_id` to `eos_token_id`:151645 for open-end generation.
Setting `pad_token_id` to `eos_token_id`:151645 for open-end generation.
Setting `pad_token_id` to `eos_token_id`:151645 for open-end generation.
Setting `pad_token_id` to `eos_token_id`:151645 for open-end generation.
Setting `pad_token_id` to `eos_token_id`:151645 for open-end generation.
Setting `pad_token_id` to `eos_token_id`:151645 for open-end generation.
Setting `pad_token_id` to `eos_token_id`:151645 for open-end generation.
Setting `pad_token_id` to `eos_token_id`:151645 for open-end generation.
Setting `pad_token_id` to `eos_token_id`:151645 for open-end generation.
Setting `pad_token_id` to `eos_token_id`:151645 for open-end generation.
Setting `pad_token_id` to `eos_token_id`:151645 for open-end generation.
Setting `pad_token_id` to `eos_token_id`:151645 for open-end generation.
Setting `pad_token_id` to `eos_token_id`:151645 for open-end generation.
Setting `pad_token_id` to `eos_token_id`:151645 for open-end generation.
Setting `pad_token_id` to `eos_token_id`:151645 for open-end generation.
Setting `pad_token_id` to `eos_token_id`:151645 for open-end generation.
Setting `pad_token_id` to `eos_token_id`:151645 for open-end generation.
Setting `pad_token_id` to `eos_token_id`:151645 for open-end generation.
Setting `pad_token_id` to `eos_token_id`:151645 for open-end generation.
Setting `pad_token_id` to `eos_token_id`:151645 for open-end generation.
Setting `pad_token_id` to `eos_token_id`:151645 for open-end generation.
Setting `pad_token_id` to `eos_token_id`:151645 for open-end generation.
Setting `pad_token_id` to `eos_token_id`:151645 for open-end generation.
Setting `pad_token_id` to `eos_token_id`:151645 for open-end generation.
Setting `pad_token_id` to `eos_token_id`:151645 for open-end generation.
Setting `pad_token_id` to `eos_token_id`:151645 for open-end generation.
Setting `pad_token_id` to `eos_token_id`:151645 for open-end generation.
Setting `pad_token_id` to `eos_token_id`:151645 for open-end generation.
Setting `pad_token_id` to `eos_token_id`:151645 for open-end generation.
Setting `pad_token_id` to `eos_token_id`:151645 for open-end generation.
Setting `pad_token_id` to `eos_token_id`:151645 for open-end generation.
Setting `pad_token_id` to `eos_token_id`:151645 for open-end generation.
Setting `pad_token_id` to `eos_token_id`:151645 for open-end generation.
Setting `pad_token_id` to `eos_token_id`:151645 for open-end generation.
Setting `pad_token_id` to `eos_token_id`:151645 for open-end generation.
Setting `pad_token_id` to `eos_token_id`:151645 for open-end generation.
Setting `pad_token_id` to `eos_token_id`:151645 for open-end generation.
Setting `pad_token_id` to `eos_token_id`:151645 for open-end generation.
Setting `pad_token_id` to `eos_token_id`:151645 for open-end generation.
Setting `pad_token_id` to `eos_token_id`:151645 for open-end generation.
Setting `pad_token_id` to `eos_token_id`:151645 for open-end generation.
Setting `pad_token_id` to `eos_token_id`:151645 for open-end generation.
Setting `pad_token_id` to `eos_token_id`:151645 for open-end generation.
Setting `pad_token_id` to `eos_token_id`:151645 for open-end generation.
Setting `pad_token_id` to `eos_token_id`:151645 for open-end generation.
Setting `pad_token_id` to `eos_token_id`:151645 for open-end generation.
Setting `pad_token_id` to `eos_token_id`:151645 for open-end generation.
Setting `pad_token_id` to `eos_token_id`:151645 for open-end generation.
Setting `pad_token_id` to `eos_token_id`:151645 for open-end generation.
Setting `pad_token_id` to `eos_token_id`:151645 for open-end generation.
Setting `pad_token_id` to `eos_token_id`:151645 for open-end generation.
Setting `pad_token_id` to `eos_token_id`:151645 for open-end generation.
Setting `pad_token_id` to `eos_token_id`:151645 for open-end generation.
Setting `pad_token_id` to `eos_token_id`:151645 for open-end generation.
Setting `pad_token_id` to `eos_token_id`:151645 for open-end generation.
Setting `pad_token_id` to `eos_token_id`:151645 for open-end generation.
Setting `pad_token_id` to `eos_token_id`:151645 for open-end generation.
Setting `pad_token_id` to `eos_token_id`:151645 for open-end generation.
Setting `pad_token_id` to `eos_token_id`:151645 for open-end generation.
Setting `pad_token_id` to `eos_token_id`:151645 for open-end generation.
Setting `pad_token_id` to `eos_token_id`:151645 for open-end generation.
Setting `pad_token_id` to `eos_token_id`:151645 for open-end generation.
Setting `pad_token_id` to `eos_token_id`:151645 for open-end generation.
Setting `pad_token_id` to `eos_token_id`:151645 for open-end generation.
Setting `pad_token_id` to `eos_token_id`:151645 for open-end generation.
Setting `pad_token_id` to `eos_token_id`:151645 for open-end generation.
Setting `pad_token_id` to `eos_token_id`:151645 for open-end generation.
Setting `pad_token_id` to `eos_token_id`:151645 for open-end generation.
Setting `pad_token_id` to `eos_token_id`:151645 for open-end generation.
Setting `pad_token_id` to `eos_token_id`:151645 for open-end generation.
Setting `pad_token_id` to `eos_token_id`:151645 for open-end generation.
Setting `pad_token_id` to `eos_token_id`:151645 for open-end generation.
Setting `pad_token_id` to `eos_token_id`:151645 for open-end generation.
Setting `pad_token_id` to `eos_token_id`:151645 for open-end generation.
Setting `pad_token_id` to `eos_token_id`:151645 for open-end generation.
Setting `pad_token_id` to `eos_token_id`:151645 for open-end generation.
Setting `pad_token_id` to `eos_token_id`:151645 for open-end generation.
Setting `pad_token_id` to `eos_token_id`:151645 for open-end generation.
Setting `pad_token_id` to `eos_token_id`:151645 for open-end generation.
Setting `pad_token_id` to `eos_token_id`:151645 for open-end generation.
Setting `pad_token_id` to `eos_token_id`:151645 for open-end generation.
Setting `pad_token_id` to `eos_token_id`:151645 for open-end generation.
Setting `pad_token_id` to `eos_token_id`:151645 for open-end generation.
Setting `pad_token_id` to `eos_token_id`:151645 for open-end generation.
Setting `pad_token_id` to `eos_token_id`:151645 for open-end generation.
Setting `pad_token_id` to `eos_token_id`:151645 for open-end generation.
Setting `pad_token_id` to `eos_token_id`:151645 for open-end generation.
Setting `pad_token_id` to `eos_token_id`:151645 for open-end generation.
Setting `pad_token_id` to `eos_token_id`:151645 for open-end generation.
Setting `pad_token_id` to `eos_token_id`:151645 for open-end generation.
Setting `pad_token_id` to `eos_token_id`:151645 for open-end generation.
Setting `pad_token_id` to `eos_token_id`:151645 for open-end generation.
Setting `pad_token_id` to `eos_token_id`:151645 for open-end generation.
Setting `pad_token_id` to `eos_token_id`:151645 for open-end generation.
Setting `pad_token_id` to `eos_token_id`:151645 for open-end generation.
Setting `pad_token_id` to `eos_token_id`:151645 for open-end generation.
Setting `pad_token_id` to `eos_token_id`:151645 for open-end generation.
Setting `pad_token_id` to `eos_token_id`:151645 for open-end generation.
Setting `pad_token_id` to `eos_token_id`:151645 for open-end generation.
Setting `pad_token_id` to `eos_token_id`:151645 for open-end generation.
Setting `pad_token_id` to `eos_token_id`:151645 for open-end generation.
Setting `pad_token_id` to `eos_token_id`:151645 for open-end generation.
Setting `pad_token_id` to `eos_token_id`:151645 for open-end generation.
Setting `pad_token_id` to `eos_token_id`:151645 for open-end generation.
Setting `pad_token_id` to `eos_token_id`:151645 for open-end generation.
Setting `pad_token_id` to `eos_token_id`:151645 for open-end generation.
Setting `pad_token_id` to `eos_token_id`:151645 for open-end generation.
Setting `pad_token_id` to `eos_token_id`:151645 for open-end generation.
Setting `pad_token_id` to `eos_token_id`:151645 for open-end generation.
Setting `pad_token_id` to `eos_token_id`:151645 for open-end generation.
Setting `pad_token_id` to `eos_token_id`:151645 for open-end generation.
Setting `pad_token_id` to `eos_token_id`:151645 for open-end generation.
Setting `pad_token_id` to `eos_token_id`:151645 for open-end generation.
Setting `pad_token_id` to `eos_token_id`:151645 for open-end generation.
Setting `pad_token_id` to `eos_token_id`:151645 for open-end generation.
Setting `pad_token_id` to `eos_token_id`:151645 for open-end generation.
Setting `pad_token_id` to `eos_token_id`:151645 for open-end generation.
Setting `pad_token_id` to `eos_token_id`:151645 for open-end generation.
Setting `pad_token_id` to `eos_token_id`:151645 for open-end generation.
Setting `pad_token_id` to `eos_token_id`:151645 for open-end generation.
Setting `pad_token_id` to `eos_token_id`:151645 for open-end generation.
Setting `pad_token_id` to `eos_token_id`:151645 for open-end generation.
Setting `pad_token_id` to `eos_token_id`:151645 for open-end generation.
Setting `pad_token_id` to `eos_token_id`:151645 for open-end generation.
Setting `pad_token_id` to `eos_token_id`:151645 for open-end generation.
Setting `pad_token_id` to `eos_token_id`:151645 for open-end generation.
Setting `pad_token_id` to `eos_token_id`:151645 for open-end generation.
Setting `pad_token_id` to `eos_token_id`:151645 for open-end generation.
Setting `pad_token_id` to `eos_token_id`:151645 for open-end generation.
Setting `pad_token_id` to `eos_token_id`:151645 for open-end generation.
Setting `pad_token_id` to `eos_token_id`:151645 for open-end generation.
Setting `pad_token_id` to `eos_token_id`:151645 for open-end generation.
Setting `pad_token_id` to `eos_token_id`:151645 for open-end generation.
Setting `pad_token_id` to `eos_token_id`:151645 for open-end generation.
Setting `pad_token_id` to `eos_token_id`:151645 for open-end generation.
Setting `pad_token_id` to `eos_token_id`:151645 for open-end generation.
Setting `pad_token_id` to `eos_token_id`:151645 for open-end generation.
Setting `pad_token_id` to `eos_token_id`:151645 for open-end generation.
Setting `pad_token_id` to `eos_token_id`:151645 for open-end generation.
Setting `pad_token_id` to `eos_token_id`:151645 for open-end generation.
Setting `pad_token_id` to `eos_token_id`:151645 for open-end generation.
Setting `pad_token_id` to `eos_token_id`:151645 for open-end generation.
Setting `pad_token_id` to `eos_token_id`:151645 for open-end generation.
Setting `pad_token_id` to `eos_token_id`:151645 for open-end generation.
Setting `pad_token_id` to `eos_token_id`:151645 for open-end generation.
Setting `pad_token_id` to `eos_token_id`:151645 for open-end generation.
Setting `pad_token_id` to `eos_token_id`:151645 for open-end generation.
Setting `pad_token_id` to `eos_token_id`:151645 for open-end generation.
Setting `pad_token_id` to `eos_token_id`:151645 for open-end generation.
Setting `pad_token_id` to `eos_token_id`:151645 for open-end generation.
Setting `pad_token_id` to `eos_token_id`:151645 for open-end generation.
Setting `pad_token_id` to `eos_token_id`:151645 for open-end generation.
Setting `pad_token_id` to `eos_token_id`:151645 for open-end generation.
Setting `pad_token_id` to `eos_token_id`:151645 for open-end generation.
Setting `pad_token_id` to `eos_token_id`:151645 for open-end generation.
Setting `pad_token_id` to `eos_token_id`:151645 for open-end generation.
Setting `pad_token_id` to `eos_token_id`:151645 for open-end generation.
Setting `pad_token_id` to `eos_token_id`:151645 for open-end generation.
Setting `pad_token_id` to `eos_token_id`:151645 for open-end generation.
Setting `pad_token_id` to `eos_token_id`:151645 for open-end generation.
Setting `pad_token_id` to `eos_token_id`:151645 for open-end generation.
Setting `pad_token_id` to `eos_token_id`:151645 for open-end generation.
Setting `pad_token_id` to `eos_token_id`:151645 for open-end generation.
Setting `pad_token_id` to `eos_token_id`:151645 for open-end generation.
Setting `pad_token_id` to `eos_token_id`:151645 for open-end generation.
Setting `pad_token_id` to `eos_token_id`:151645 for open-end generation.
Setting `pad_token_id` to `eos_token_id`:151645 for open-end generation.
Setting `pad_token_id` to `eos_token_id`:151645 for open-end generation.
Setting `pad_token_id` to `eos_token_id`:151645 for open-end generation.
Setting `pad_token_id` to `eos_token_id`:151645 for open-end generation.
Setting `pad_token_id` to `eos_token_id`:151645 for open-end generation.
Setting `pad_token_id` to `eos_token_id`:151645 for open-end generation.
Setting `pad_token_id` to `eos_token_id`:151645 for open-end generation.
Setting `pad_token_id` to `eos_token_id`:151645 for open-end generation.
Setting `pad_token_id` to `eos_token_id`:151645 for open-end generation.
Setting `pad_token_id` to `eos_token_id`:151645 for open-end generation.
Setting `pad_token_id` to `eos_token_id`:151645 for open-end generation.
Setting `pad_token_id` to `eos_token_id`:151645 for open-end generation.
Setting `pad_token_id` to `eos_token_id`:151645 for open-end generation.
Setting `pad_token_id` to `eos_token_id`:151645 for open-end generation.
Setting `pad_token_id` to `eos_token_id`:151645 for open-end generation.
Setting `pad_token_id` to `eos_token_id`:151645 for open-end generation.
Setting `pad_token_id` to `eos_token_id`:151645 for open-end generation.
Setting `pad_token_id` to `eos_token_id`:151645 for open-end generation.
Setting `pad_token_id` to `eos_token_id`:151645 for open-end generation.
Setting `pad_token_id` to `eos_token_id`:151645 for open-end generation.
Setting `pad_token_id` to `eos_token_id`:151645 for open-end generation.
Setting `pad_token_id` to `eos_token_id`:151645 for open-end generation.
Setting `pad_token_id` to `eos_token_id`:151645 for open-end generation.
Setting `pad_token_id` to `eos_token_id`:151645 for open-end generation.
Setting `pad_token_id` to `eos_token_id`:151645 for open-end generation.
Setting `pad_token_id` to `eos_token_id`:151645 for open-end generation.
Setting `pad_token_id` to `eos_token_id`:151645 for open-end generation.
Setting `pad_token_id` to `eos_token_id`:151645 for open-end generation.
Setting `pad_token_id` to `eos_token_id`:151645 for open-end generation.
Setting `pad_token_id` to `eos_token_id`:151645 for open-end generation.
Setting `pad_token_id` to `eos_token_id`:151645 for open-end generation.
Setting `pad_token_id` to `eos_token_id`:151645 for open-end generation.
Setting `pad_token_id` to `eos_token_id`:151645 for open-end generation.
Setting `pad_token_id` to `eos_token_id`:151645 for open-end generation.
Setting `pad_token_id` to `eos_token_id`:151645 for open-end generation.
Setting `pad_token_id` to `eos_token_id`:151645 for open-end generation.
Setting `pad_token_id` to `eos_token_id`:151645 for open-end generation.
Setting `pad_token_id` to `eos_token_id`:151645 for open-end generation.
Setting `pad_token_id` to `eos_token_id`:151645 for open-end generation.
Setting `pad_token_id` to `eos_token_id`:151645 for open-end generation.
Setting `pad_token_id` to `eos_token_id`:151645 for open-end generation.
Setting `pad_token_id` to `eos_token_id`:151645 for open-end generation.
Setting `pad_token_id` to `eos_token_id`:151645 for open-end generation.
Setting `pad_token_id` to `eos_token_id`:151645 for open-end generation.
Setting `pad_token_id` to `eos_token_id`:151645 for open-end generation.
Setting `pad_token_id` to `eos_token_id`:151645 for open-end generation.
Setting `pad_token_id` to `eos_token_id`:151645 for open-end generation.
Setting `pad_token_id` to `eos_token_id`:151645 for open-end generation.
Setting `pad_token_id` to `eos_token_id`:151645 for open-end generation.
Setting `pad_token_id` to `eos_token_id`:151645 for open-end generation.
Setting `pad_token_id` to `eos_token_id`:151645 for open-end generation.
Setting `pad_token_id` to `eos_token_id`:151645 for open-end generation.
Setting `pad_token_id` to `eos_token_id`:151645 for open-end generation.
Setting `pad_token_id` to `eos_token_id`:151645 for open-end generation.
Setting `pad_token_id` to `eos_token_id`:151645 for open-end generation.
Setting `pad_token_id` to `eos_token_id`:151645 for open-end generation.
Setting `pad_token_id` to `eos_token_id`:151645 for open-end generation.
Setting `pad_token_id` to `eos_token_id`:151645 for open-end generation.
Setting `pad_token_id` to `eos_token_id`:151645 for open-end generation.
Setting `pad_token_id` to `eos_token_id`:151645 for open-end generation.
Setting `pad_token_id` to `eos_token_id`:151645 for open-end generation.
Setting `pad_token_id` to `eos_token_id`:151645 for open-end generation.
Setting `pad_token_id` to `eos_token_id`:151645 for open-end generation.
Setting `pad_token_id` to `eos_token_id`:151645 for open-end generation.
Setting `pad_token_id` to `eos_token_id`:151645 for open-end generation.
Setting `pad_token_id` to `eos_token_id`:151645 for open-end generation.
Setting `pad_token_id` to `eos_token_id`:151645 for open-end generation.
Setting `pad_token_id` to `eos_token_id`:151645 for open-end generation.
Setting `pad_token_id` to `eos_token_id`:151645 for open-end generation.
Setting `pad_token_id` to `eos_token_id`:151645 for open-end generation.
Setting `pad_token_id` to `eos_token_id`:151645 for open-end generation.
Setting `pad_token_id` to `eos_token_id`:151645 for open-end generation.
Setting `pad_token_id` to `eos_token_id`:151645 for open-end generation.
Setting `pad_token_id` to `eos_token_id`:151645 for open-end generation.
Setting `pad_token_id` to `eos_token_id`:151645 for open-end generation.
Setting `pad_token_id` to `eos_token_id`:151645 for open-end generation.
Setting `pad_token_id` to `eos_token_id`:151645 for open-end generation.
Setting `pad_token_id` to `eos_token_id`:151645 for open-end generation.
Setting `pad_token_id` to `eos_token_id`:151645 for open-end generation.
Setting `pad_token_id` to `eos_token_id`:151645 for open-end generation.
Setting `pad_token_id` to `eos_token_id`:151645 for open-end generation.
Setting `pad_token_id` to `eos_token_id`:151645 for open-end generation.
Setting `pad_token_id` to `eos_token_id`:151645 for open-end generation.
Setting `pad_token_id` to `eos_token_id`:151645 for open-end generation.
Setting `pad_token_id` to `eos_token_id`:151645 for open-end generation.
Setting `pad_token_id` to `eos_token_id`:151645 for open-end generation.
Setting `pad_token_id` to `eos_token_id`:151645 for open-end generation.
Setting `pad_token_id` to `eos_token_id`:151645 for open-end generation.
Setting `pad_token_id` to `eos_token_id`:151645 for open-end generation.
Setting `pad_token_id` to `eos_token_id`:151645 for open-end generation.
Setting `pad_token_id` to `eos_token_id`:151645 for open-end generation.
Setting `pad_token_id` to `eos_token_id`:151645 for open-end generation.
Setting `pad_token_id` to `eos_token_id`:151645 for open-end generation.
Setting `pad_token_id` to `eos_token_id`:151645 for open-end generation.
Setting `pad_token_id` to `eos_token_id`:151645 for open-end generation.
Setting `pad_token_id` to `eos_token_id`:151645 for open-end generation.
Setting `pad_token_id` to `eos_token_id`:151645 for open-end generation.
Setting `pad_token_id` to `eos_token_id`:151645 for open-end generation.
Setting `pad_token_id` to `eos_token_id`:151645 for open-end generation.
Setting `pad_token_id` to `eos_token_id`:151645 for open-end generation.
Setting `pad_token_id` to `eos_token_id`:151645 for open-end generation.
Setting `pad_token_id` to `eos_token_id`:151645 for open-end generation.
Setting `pad_token_id` to `eos_token_id`:151645 for open-end generation.
Setting `pad_token_id` to `eos_token_id`:151645 for open-end generation.
Setting `pad_token_id` to `eos_token_id`:151645 for open-end generation.
Setting `pad_token_id` to `eos_token_id`:151645 for open-end generation.
Setting `pad_token_id` to `eos_token_id`:151645 for open-end generation.
Setting `pad_token_id` to `eos_token_id`:151645 for open-end generation.
Setting `pad_token_id` to `eos_token_id`:151645 for open-end generation.
Setting `pad_token_id` to `eos_token_id`:151645 for open-end generation.
Setting `pad_token_id` to `eos_token_id`:151645 for open-end generation.
Setting `pad_token_id` to `eos_token_id`:151645 for open-end generation.
Setting `pad_token_id` to `eos_token_id`:151645 for open-end generation.
Setting `pad_token_id` to `eos_token_id`:151645 for open-end generation.
Setting `pad_token_id` to `eos_token_id`:151645 for open-end generation.
Setting `pad_token_id` to `eos_token_id`:151645 for open-end generation.
Setting `pad_token_id` to `eos_token_id`:151645 for open-end generation.
Setting `pad_token_id` to `eos_token_id`:151645 for open-end generation.
Setting `pad_token_id` to `eos_token_id`:151645 for open-end generation.
Setting `pad_token_id` to `eos_token_id`:151645 for open-end generation.
Setting `pad_token_id` to `eos_token_id`:151645 for open-end generation.
Setting `pad_token_id` to `eos_token_id`:151645 for open-end generation.
Setting `pad_token_id` to `eos_token_id`:151645 for open-end generation.
Setting `pad_token_id` to `eos_token_id`:151645 for open-end generation.
Setting `pad_token_id` to `eos_token_id`:151645 for open-end generation.
Setting `pad_token_id` to `eos_token_id`:151645 for open-end generation.
Setting `pad_token_id` to `eos_token_id`:151645 for open-end generation.
Setting `pad_token_id` to `eos_token_id`:151645 for open-end generation.
Setting `pad_token_id` to `eos_token_id`:151645 for open-end generation.
Setting `pad_token_id` to `eos_token_id`:151645 for open-end generation.
Setting `pad_token_id` to `eos_token_id`:151645 for open-end generation.
Setting `pad_token_id` to `eos_token_id`:151645 for open-end generation.
Setting `pad_token_id` to `eos_token_id`:151645 for open-end generation.
Setting `pad_token_id` to `eos_token_id`:151645 for open-end generation.
Setting `pad_token_id` to `eos_token_id`:151645 for open-end generation.
Setting `pad_token_id` to `eos_token_id`:151645 for open-end generation.
Setting `pad_token_id` to `eos_token_id`:151645 for open-end generation.
Setting `pad_token_id` to `eos_token_id`:151645 for open-end generation.
Setting `pad_token_id` to `eos_token_id`:151645 for open-end generation.
Setting `pad_token_id` to `eos_token_id`:151645 for open-end generation.
Setting `pad_token_id` to `eos_token_id`:151645 for open-end generation.
Setting `pad_token_id` to `eos_token_id`:151645 for open-end generation.
Setting `pad_token_id` to `eos_token_id`:151645 for open-end generation.
Setting `pad_token_id` to `eos_token_id`:151645 for open-end generation.
Setting `pad_token_id` to `eos_token_id`:151645 for open-end generation.
Setting `pad_token_id` to `eos_token_id`:151645 for open-end generation.
Setting `pad_token_id` to `eos_token_id`:151645 for open-end generation.
Setting `pad_token_id` to `eos_token_id`:151645 for open-end generation.
Setting `pad_token_id` to `eos_token_id`:151645 for open-end generation.
Setting `pad_token_id` to `eos_token_id`:151645 for open-end generation.
Setting `pad_token_id` to `eos_token_id`:151645 for open-end generation.
Setting `pad_token_id` to `eos_token_id`:151645 for open-end generation.
Setting `pad_token_id` to `eos_token_id`:151645 for open-end generation.
Setting `pad_token_id` to `eos_token_id`:151645 for open-end generation.
Setting `pad_token_id` to `eos_token_id`:151645 for open-end generation.
Setting `pad_token_id` to `eos_token_id`:151645 for open-end generation.
Setting `pad_token_id` to `eos_token_id`:151645 for open-end generation.
Setting `pad_token_id` to `eos_token_id`:151645 for open-end generation.
Setting `pad_token_id` to `eos_token_id`:151645 for open-end generation.
Setting `pad_token_id` to `eos_token_id`:151645 for open-end generation.
Setting `pad_token_id` to `eos_token_id`:151645 for open-end generation.
Setting `pad_token_id` to `eos_token_id`:151645 for open-end generation.
Setting `pad_token_id` to `eos_token_id`:151645 for open-end generation.
Setting `pad_token_id` to `eos_token_id`:151645 for open-end generation.
Setting `pad_token_id` to `eos_token_id`:151645 for open-end generation.
Setting `pad_token_id` to `eos_token_id`:151645 for open-end generation.
Setting `pad_token_id` to `eos_token_id`:151645 for open-end generation.
Setting `pad_token_id` to `eos_token_id`:151645 for open-end generation.
Setting `pad_token_id` to `eos_token_id`:151645 for open-end generation.
Setting `pad_token_id` to `eos_token_id`:151645 for open-end generation.
Setting `pad_token_id` to `eos_token_id`:151645 for open-end generation.
Setting `pad_token_id` to `eos_token_id`:151645 for open-end generation.
Setting `pad_token_id` to `eos_token_id`:151645 for open-end generation.
Setting `pad_token_id` to `eos_token_id`:151645 for open-end generation.
Setting `pad_token_id` to `eos_token_id`:151645 for open-end generation.
Setting `pad_token_id` to `eos_token_id`:151645 for open-end generation.
Setting `pad_token_id` to `eos_token_id`:151645 for open-end generation.
Setting `pad_token_id` to `eos_token_id`:151645 for open-end generation.
Setting `pad_token_id` to `eos_token_id`:151645 for open-end generation.
Setting `pad_token_id` to `eos_token_id`:151645 for open-end generation.
Setting `pad_token_id` to `eos_token_id`:151645 for open-end generation.
Setting `pad_token_id` to `eos_token_id`:151645 for open-end generation.
Setting `pad_token_id` to `eos_token_id`:151645 for open-end generation.
Setting `pad_token_id` to `eos_token_id`:151645 for open-end generation.
Setting `pad_token_id` to `eos_token_id`:151645 for open-end generation.
Setting `pad_token_id` to `eos_token_id`:151645 for open-end generation.
Setting `pad_token_id` to `eos_token_id`:151645 for open-end generation.
Setting `pad_token_id` to `eos_token_id`:151645 for open-end generation.
Setting `pad_token_id` to `eos_token_id`:151645 for open-end generation.
Setting `pad_token_id` to `eos_token_id`:151645 for open-end generation.
Setting `pad_token_id` to `eos_token_id`:151645 for open-end generation.
Setting `pad_token_id` to `eos_token_id`:151645 for open-end generation.
Setting `pad_token_id` to `eos_token_id`:151645 for open-end generation.
Setting `pad_token_id` to `eos_token_id`:151645 for open-end generation.
Setting `pad_token_id` to `eos_token_id`:151645 for open-end generation.
Setting `pad_token_id` to `eos_token_id`:151645 for open-end generation.
Setting `pad_token_id` to `eos_token_id`:151645 for open-end generation.
Setting `pad_token_id` to `eos_token_id`:151645 for open-end generation.
Setting `pad_token_id` to `eos_token_id`:151645 for open-end generation.
Setting `pad_token_id` to `eos_token_id`:151645 for open-end generation.
Setting `pad_token_id` to `eos_token_id`:151645 for open-end generation.
Setting `pad_token_id` to `eos_token_id`:151645 for open-end generation.
Setting `pad_token_id` to `eos_token_id`:151645 for open-end generation.
Setting `pad_token_id` to `eos_token_id`:151645 for open-end generation.
Setting `pad_token_id` to `eos_token_id`:151645 for open-end generation.
Setting `pad_token_id` to `eos_token_id`:151645 for open-end generation.
Setting `pad_token_id` to `eos_token_id`:151645 for open-end generation.
Setting `pad_token_id` to `eos_token_id`:151645 for open-end generation.
Setting `pad_token_id` to `eos_token_id`:151645 for open-end generation.
Setting `pad_token_id` to `eos_token_id`:151645 for open-end generation.
Setting `pad_token_id` to `eos_token_id`:151645 for open-end generation.
Setting `pad_token_id` to `eos_token_id`:151645 for open-end generation.
Setting `pad_token_id` to `eos_token_id`:151645 for open-end generation.
Setting `pad_token_id` to `eos_token_id`:151645 for open-end generation.
Setting `pad_token_id` to `eos_token_id`:151645 for open-end generation.
Setting `pad_token_id` to `eos_token_id`:151645 for open-end generation.
Setting `pad_token_id` to `eos_token_id`:151645 for open-end generation.
Setting `pad_token_id` to `eos_token_id`:151645 for open-end generation.
Setting `pad_token_id` to `eos_token_id`:151645 for open-end generation.
Setting `pad_token_id` to `eos_token_id`:151645 for open-end generation.
Setting `pad_token_id` to `eos_token_id`:151645 for open-end generation.
Setting `pad_token_id` to `eos_token_id`:151645 for open-end generation.
Setting `pad_token_id` to `eos_token_id`:151645 for open-end generation.
Setting `pad_token_id` to `eos_token_id`:151645 for open-end generation.
Setting `pad_token_id` to `eos_token_id`:151645 for open-end generation.
Setting `pad_token_id` to `eos_token_id`:151645 for open-end generation.
Setting `pad_token_id` to `eos_token_id`:151645 for open-end generation.
Setting `pad_token_id` to `eos_token_id`:151645 for open-end generation.
Setting `pad_token_id` to `eos_token_id`:151645 for open-end generation.
Setting `pad_token_id` to `eos_token_id`:151645 for open-end generation.
Setting `pad_token_id` to `eos_token_id`:151645 for open-end generation.
Setting `pad_token_id` to `eos_token_id`:151645 for open-end generation.
Setting `pad_token_id` to `eos_token_id`:151645 for open-end generation.
Setting `pad_token_id` to `eos_token_id`:151645 for open-end generation.
Setting `pad_token_id` to `eos_token_id`:151645 for open-end generation.
Setting `pad_token_id` to `eos_token_id`:151645 for open-end generation.
Setting `pad_token_id` to `eos_token_id`:151645 for open-end generation.
Setting `pad_token_id` to `eos_token_id`:151645 for open-end generation.
Setting `pad_token_id` to `eos_token_id`:151645 for open-end generation.
Setting `pad_token_id` to `eos_token_id`:151645 for open-end generation.
Setting `pad_token_id` to `eos_token_id`:151645 for open-end generation.
Setting `pad_token_id` to `eos_token_id`:151645 for open-end generation.
Setting `pad_token_id` to `eos_token_id`:151645 for open-end generation.
Setting `pad_token_id` to `eos_token_id`:151645 for open-end generation.
Setting `pad_token_id` to `eos_token_id`:151645 for open-end generation.
Setting `pad_token_id` to `eos_token_id`:151645 for open-end generation.
Setting `pad_token_id` to `eos_token_id`:151645 for open-end generation.
Setting `pad_token_id` to `eos_token_id`:151645 for open-end generation.
Setting `pad_token_id` to `eos_token_id`:151645 for open-end generation.
Setting `pad_token_id` to `eos_token_id`:151645 for open-end generation.
Setting `pad_token_id` to `eos_token_id`:151645 for open-end generation.
Setting `pad_token_id` to `eos_token_id`:151645 for open-end generation.
Setting `pad_token_id` to `eos_token_id`:151645 for open-end generation.
Setting `pad_token_id` to `eos_token_id`:151645 for open-end generation.
Setting `pad_token_id` to `eos_token_id`:151645 for open-end generation.
Setting `pad_token_id` to `eos_token_id`:151645 for open-end generation.
Setting `pad_token_id` to `eos_token_id`:151645 for open-end generation.
Setting `pad_token_id` to `eos_token_id`:151645 for open-end generation.
Setting `pad_token_id` to `eos_token_id`:151645 for open-end generation.
Setting `pad_token_id` to `eos_token_id`:151645 for open-end generation.
Setting `pad_token_id` to `eos_token_id`:151645 for open-end generation.
Setting `pad_token_id` to `eos_token_id`:151645 for open-end generation.
Setting `pad_token_id` to `eos_token_id`:151645 for open-end generation.
Setting `pad_token_id` to `eos_token_id`:151645 for open-end generation.
Setting `pad_token_id` to `eos_token_id`:151645 for open-end generation.
Setting `pad_token_id` to `eos_token_id`:151645 for open-end generation.
Setting `pad_token_id` to `eos_token_id`:151645 for open-end generation.
Setting `pad_token_id` to `eos_token_id`:151645 for open-end generation.
Setting `pad_token_id` to `eos_token_id`:151645 for open-end generation.
Setting `pad_token_id` to `eos_token_id`:151645 for open-end generation.
Setting `pad_token_id` to `eos_token_id`:151645 for open-end generation.
Setting `pad_token_id` to `eos_token_id`:151645 for open-end generation.
Setting `pad_token_id` to `eos_token_id`:151645 for open-end generation.
Setting `pad_token_id` to `eos_token_id`:151645 for open-end generation.
Setting `pad_token_id` to `eos_token_id`:151645 for open-end generation.
Setting `pad_token_id` to `eos_token_id`:151645 for open-end generation.
Setting `pad_token_id` to `eos_token_id`:151645 for open-end generation.
Setting `pad_token_id` to `eos_token_id`:151645 for open-end generation.
Setting `pad_token_id` to `eos_token_id`:151645 for open-end generation.
Setting `pad_token_id` to `eos_token_id`:151645 for open-end generation.
Setting `pad_token_id` to `eos_token_id`:151645 for open-end generation.
Setting `pad_token_id` to `eos_token_id`:151645 for open-end generation.
Setting `pad_token_id` to `eos_token_id`:151645 for open-end generation.
Setting `pad_token_id` to `eos_token_id`:151645 for open-end generation.
Setting `pad_token_id` to `eos_token_id`:151645 for open-end generation.
Setting `pad_token_id` to `eos_token_id`:151645 for open-end generation.
Setting `pad_token_id` to `eos_token_id`:151645 for open-end generation.
Setting `pad_token_id` to `eos_token_id`:151645 for open-end generation.
Setting `pad_token_id` to `eos_token_id`:151645 for open-end generation.
Setting `pad_token_id` to `eos_token_id`:151645 for open-end generation.
Setting `pad_token_id` to `eos_token_id`:151645 for open-end generation.
Setting `pad_token_id` to `eos_token_id`:151645 for open-end generation.
Setting `pad_token_id` to `eos_token_id`:151645 for open-end generation.
Setting `pad_token_id` to `eos_token_id`:151645 for open-end generation.
Setting `pad_token_id` to `eos_token_id`:151645 for open-end generation.
Setting `pad_token_id` to `eos_token_id`:151645 for open-end generation.
Setting `pad_token_id` to `eos_token_id`:151645 for open-end generation.
Setting `pad_token_id` to `eos_token_id`:151645 for open-end generation.
Setting `pad_token_id` to `eos_token_id`:151645 for open-end generation.
Setting `pad_token_id` to `eos_token_id`:151645 for open-end generation.
Setting `pad_token_id` to `eos_token_id`:151645 for open-end generation.
Setting `pad_token_id` to `eos_token_id`:151645 for open-end generation.
Setting `pad_token_id` to `eos_token_id`:151645 for open-end generation.
Setting `pad_token_id` to `eos_token_id`:151645 for open-end generation.
Setting `pad_token_id` to `eos_token_id`:151645 for open-end generation.
Setting `pad_token_id` to `eos_token_id`:151645 for open-end generation.
Setting `pad_token_id` to `eos_token_id`:151645 for open-end generation.
Setting `pad_token_id` to `eos_token_id`:151645 for open-end generation.
Setting `pad_token_id` to `eos_token_id`:151645 for open-end generation.
Setting `pad_token_id` to `eos_token_id`:151645 for open-end generation.
Setting `pad_token_id` to `eos_token_id`:151645 for open-end generation.
Setting `pad_token_id` to `eos_token_id`:151645 for open-end generation.
Setting `pad_token_id` to `eos_token_id`:151645 for open-end generation.
Setting `pad_token_id` to `eos_token_id`:151645 for open-end generation.
Setting `pad_token_id` to `eos_token_id`:151645 for open-end generation.
Setting `pad_token_id` to `eos_token_id`:151645 for open-end generation.
Setting `pad_token_id` to `eos_token_id`:151645 for open-end generation.
Setting `pad_token_id` to `eos_token_id`:151645 for open-end generation.
Setting `pad_token_id` to `eos_token_id`:151645 for open-end generation.
Setting `pad_token_id` to `eos_token_id`:151645 for open-end generation.
Setting `pad_token_id` to `eos_token_id`:151645 for open-end generation.
Setting `pad_token_id` to `eos_token_id`:151645 for open-end generation.
Setting `pad_token_id` to `eos_token_id`:151645 for open-end generation.
Setting `pad_token_id` to `eos_token_id`:151645 for open-end generation.
Setting `pad_token_id` to `eos_token_id`:151645 for open-end generation.
Setting `pad_token_id` to `eos_token_id`:151645 for open-end generation.
Setting `pad_token_id` to `eos_token_id`:151645 for open-end generation.
Setting `pad_token_id` to `eos_token_id`:151645 for open-end generation.
Setting `pad_token_id` to `eos_token_id`:151645 for open-end generation.
Setting `pad_token_id` to `eos_token_id`:151645 for open-end generation.
Setting `pad_token_id` to `eos_token_id`:151645 for open-end generation.
Setting `pad_token_id` to `eos_token_id`:151645 for open-end generation.
Setting `pad_token_id` to `eos_token_id`:151645 for open-end generation.
Setting `pad_token_id` to `eos_token_id`:151645 for open-end generation.
Setting `pad_token_id` to `eos_token_id`:151645 for open-end generation.
Setting `pad_token_id` to `eos_token_id`:151645 for open-end generation.
Setting `pad_token_id` to `eos_token_id`:151645 for open-end generation.
Setting `pad_token_id` to `eos_token_id`:151645 for open-end generation.
Setting `pad_token_id` to `eos_token_id`:151645 for open-end generation.
Setting `pad_token_id` to `eos_token_id`:151645 for open-end generation.
Setting `pad_token_id` to `eos_token_id`:151645 for open-end generation.
Setting `pad_token_id` to `eos_token_id`:151645 for open-end generation.
Setting `pad_token_id` to `eos_token_id`:151645 for open-end generation.
Setting `pad_token_id` to `eos_token_id`:151645 for open-end generation.
Setting `pad_token_id` to `eos_token_id`:151645 for open-end generation.
Setting `pad_token_id` to `eos_token_id`:151645 for open-end generation.
Setting `pad_token_id` to `eos_token_id`:151645 for open-end generation.
Setting `pad_token_id` to `eos_token_id`:151645 for open-end generation.
Setting `pad_token_id` to `eos_token_id`:151645 for open-end generation.
Setting `pad_token_id` to `eos_token_id`:151645 for open-end generation.
Setting `pad_token_id` to `eos_token_id`:151645 for open-end generation.
Setting `pad_token_id` to `eos_token_id`:151645 for open-end generation.
Setting `pad_token_id` to `eos_token_id`:151645 for open-end generation.
Setting `pad_token_id` to `eos_token_id`:151645 for open-end generation.
Setting `pad_token_id` to `eos_token_id`:151645 for open-end generation.
Setting `pad_token_id` to `eos_token_id`:151645 for open-end generation.
Setting `pad_token_id` to `eos_token_id`:151645 for open-end generation.
Setting `pad_token_id` to `eos_token_id`:151645 for open-end generation.
Setting `pad_token_id` to `eos_token_id`:151645 for open-end generation.
Setting `pad_token_id` to `eos_token_id`:151645 for open-end generation.
Setting `pad_token_id` to `eos_token_id`:151645 for open-end generation.
Setting `pad_token_id` to `eos_token_id`:151645 for open-end generation.
Setting `pad_token_id` to `eos_token_id`:151645 for open-end generation.
Setting `pad_token_id` to `eos_token_id`:151645 for open-end generation.
Setting `pad_token_id` to `eos_token_id`:151645 for open-end generation.
Setting `pad_token_id` to `eos_token_id`:151645 for open-end generation.
Setting `pad_token_id` to `eos_token_id`:151645 for open-end generation.
Setting `pad_token_id` to `eos_token_id`:151645 for open-end generation.
Setting `pad_token_id` to `eos_token_id`:151645 for open-end generation.
Setting `pad_token_id` to `eos_token_id`:151645 for open-end generation.
Setting `pad_token_id` to `eos_token_id`:151645 for open-end generation.
Setting `pad_token_id` to `eos_token_id`:151645 for open-end generation.
Setting `pad_token_id` to `eos_token_id`:151645 for open-end generation.
Setting `pad_token_id` to `eos_token_id`:151645 for open-end generation.
Setting `pad_token_id` to `eos_token_id`:151645 for open-end generation.
Setting `pad_token_id` to `eos_token_id`:151645 for open-end generation.
Setting `pad_token_id` to `eos_token_id`:151645 for open-end generation.
Setting `pad_token_id` to `eos_token_id`:151645 for open-end generation.
Setting `pad_token_id` to `eos_token_id`:151645 for open-end generation.
Setting `pad_token_id` to `eos_token_id`:151645 for open-end generation.
Setting `pad_token_id` to `eos_token_id`:151645 for open-end generation.
Setting `pad_token_id` to `eos_token_id`:151645 for open-end generation.
Setting `pad_token_id` to `eos_token_id`:151645 for open-end generation.
Setting `pad_token_id` to `eos_token_id`:151645 for open-end generation.
Setting `pad_token_id` to `eos_token_id`:151645 for open-end generation.
Setting `pad_token_id` to `eos_token_id`:151645 for open-end generation.
Setting `pad_token_id` to `eos_token_id`:151645 for open-end generation.
Setting `pad_token_id` to `eos_token_id`:151645 for open-end generation.
Setting `pad_token_id` to `eos_token_id`:151645 for open-end generation.
Setting `pad_token_id` to `eos_token_id`:151645 for open-end generation.
Setting `pad_token_id` to `eos_token_id`:151645 for open-end generation.
Setting `pad_token_id` to `eos_token_id`:151645 for open-end generation.
Setting `pad_token_id` to `eos_token_id`:151645 for open-end generation.
Setting `pad_token_id` to `eos_token_id`:151645 for open-end generation.
Setting `pad_token_id` to `eos_token_id`:151645 for open-end generation.
Setting `pad_token_id` to `eos_token_id`:151645 for open-end generation.
Setting `pad_token_id` to `eos_token_id`:151645 for open-end generation.
Setting `pad_token_id` to `eos_token_id`:151645 for open-end generation.
Setting `pad_token_id` to `eos_token_id`:151645 for open-end generation.
Setting `pad_token_id` to `eos_token_id`:151645 for open-end generation.
Setting `pad_token_id` to `eos_token_id`:151645 for open-end generation.
Setting `pad_token_id` to `eos_token_id`:151645 for open-end generation.
Setting `pad_token_id` to `eos_token_id`:151645 for open-end generation.
Setting `pad_token_id` to `eos_token_id`:151645 for open-end generation.
Setting `pad_token_id` to `eos_token_id`:151645 for open-end generation.
Setting `pad_token_id` to `eos_token_id`:151645 for open-end generation.
Setting `pad_token_id` to `eos_token_id`:151645 for open-end generation.
Setting `pad_token_id` to `eos_token_id`:151645 for open-end generation.
Setting `pad_token_id` to `eos_token_id`:151645 for open-end generation.
Setting `pad_token_id` to `eos_token_id`:151645 for open-end generation.
Setting `pad_token_id` to `eos_token_id`:151645 for open-end generation.
Setting `pad_token_id` to `eos_token_id`:151645 for open-end generation.
Setting `pad_token_id` to `eos_token_id`:151645 for open-end generation.
Setting `pad_token_id` to `eos_token_id`:151645 for open-end generation.
Setting `pad_token_id` to `eos_token_id`:151645 for open-end generation.
Setting `pad_token_id` to `eos_token_id`:151645 for open-end generation.
Setting `pad_token_id` to `eos_token_id`:151645 for open-end generation.
Setting `pad_token_id` to `eos_token_id`:151645 for open-end generation.
Setting `pad_token_id` to `eos_token_id`:151645 for open-end generation.
Setting `pad_token_id` to `eos_token_id`:151645 for open-end generation.
Setting `pad_token_id` to `eos_token_id`:151645 for open-end generation.
Setting `pad_token_id` to `eos_token_id`:151645 for open-end generation.
Setting `pad_token_id` to `eos_token_id`:151645 for open-end generation.
Setting `pad_token_id` to `eos_token_id`:151645 for open-end generation.
Setting `pad_token_id` to `eos_token_id`:151645 for open-end generation.
Setting `pad_token_id` to `eos_token_id`:151645 for open-end generation.
Setting `pad_token_id` to `eos_token_id`:151645 for open-end generation.
Setting `pad_token_id` to `eos_token_id`:151645 for open-end generation.
Setting `pad_token_id` to `eos_token_id`:151645 for open-end generation.
Setting `pad_token_id` to `eos_token_id`:151645 for open-end generation.
Setting `pad_token_id` to `eos_token_id`:151645 for open-end generation.
Setting `pad_token_id` to `eos_token_id`:151645 for open-end generation.
Setting `pad_token_id` to `eos_token_id`:151645 for open-end generation.
Setting `pad_token_id` to `eos_token_id`:151645 for open-end generation.
Setting `pad_token_id` to `eos_token_id`:151645 for open-end generation.
Setting `pad_token_id` to `eos_token_id`:151645 for open-end generation.
Setting `pad_token_id` to `eos_token_id`:151645 for open-end generation.
Setting `pad_token_id` to `eos_token_id`:151645 for open-end generation.
Setting `pad_token_id` to `eos_token_id`:151645 for open-end generation.
Setting `pad_token_id` to `eos_token_id`:151645 for open-end generation.
Setting `pad_token_id` to `eos_token_id`:151645 for open-end generation.
Setting `pad_token_id` to `eos_token_id`:151645 for open-end generation.
Setting `pad_token_id` to `eos_token_id`:151645 for open-end generation.
Setting `pad_token_id` to `eos_token_id`:151645 for open-end generation.
Setting `pad_token_id` to `eos_token_id`:151645 for open-end generation.
Setting `pad_token_id` to `eos_token_id`:151645 for open-end generation.
Setting `pad_token_id` to `eos_token_id`:151645 for open-end generation.
Setting `pad_token_id` to `eos_token_id`:151645 for open-end generation.
Setting `pad_token_id` to `eos_token_id`:151645 for open-end generation.
Setting `pad_token_id` to `eos_token_id`:151645 for open-end generation.
Setting `pad_token_id` to `eos_token_id`:151645 for open-end generation.
Setting `pad_token_id` to `eos_token_id`:151645 for open-end generation.
Setting `pad_token_id` to `eos_token_id`:151645 for open-end generation.
Setting `pad_token_id` to `eos_token_id`:151645 for open-end generation.
Setting `pad_token_id` to `eos_token_id`:151645 for open-end generation.
Setting `pad_token_id` to `eos_token_id`:151645 for open-end generation.
Setting `pad_token_id` to `eos_token_id`:151645 for open-end generation.
Setting `pad_token_id` to `eos_token_id`:151645 for open-end generation.
Setting `pad_token_id` to `eos_token_id`:151645 for open-end generation.
Setting `pad_token_id` to `eos_token_id`:151645 for open-end generation.
Setting `pad_token_id` to `eos_token_id`:151645 for open-end generation.
Setting `pad_token_id` to `eos_token_id`:151645 for open-end generation.
Setting `pad_token_id` to `eos_token_id`:151645 for open-end generation.
Setting `pad_token_id` to `eos_token_id`:151645 for open-end generation.
Setting `pad_token_id` to `eos_token_id`:151645 for open-end generation.
Setting `pad_token_id` to `eos_token_id`:151645 for open-end generation.
Setting `pad_token_id` to `eos_token_id`:151645 for open-end generation.
Setting `pad_token_id` to `eos_token_id`:151645 for open-end generation.
Setting `pad_token_id` to `eos_token_id`:151645 for open-end generation.
Setting `pad_token_id` to `eos_token_id`:151645 for open-end generation.
Setting `pad_token_id` to `eos_token_id`:151645 for open-end generation.
Setting `pad_token_id` to `eos_token_id`:151645 for open-end generation.
Setting `pad_token_id` to `eos_token_id`:151645 for open-end generation.
Setting `pad_token_id` to `eos_token_id`:151645 for open-end generation.
Setting `pad_token_id` to `eos_token_id`:151645 for open-end generation.
Setting `pad_token_id` to `eos_token_id`:151645 for open-end generation.
Setting `pad_token_id` to `eos_token_id`:151645 for open-end generation.
Setting `pad_token_id` to `eos_token_id`:151645 for open-end generation.
Setting `pad_token_id` to `eos_token_id`:151645 for open-end generation.
Setting `pad_token_id` to `eos_token_id`:151645 for open-end generation.
Setting `pad_token_id` to `eos_token_id`:151645 for open-end generation.
Setting `pad_token_id` to `eos_token_id`:151645 for open-end generation.
Setting `pad_token_id` to `eos_token_id`:151645 for open-end generation.
Setting `pad_token_id` to `eos_token_id`:151645 for open-end generation.
Setting `pad_token_id` to `eos_token_id`:151645 for open-end generation.
Setting `pad_token_id` to `eos_token_id`:151645 for open-end generation.
Setting `pad_token_id` to `eos_token_id`:151645 for open-end generation.
Setting `pad_token_id` to `eos_token_id`:151645 for open-end generation.
Setting `pad_token_id` to `eos_token_id`:151645 for open-end generation.
Setting `pad_token_id` to `eos_token_id`:151645 for open-end generation.
Setting `pad_token_id` to `eos_token_id`:151645 for open-end generation.
Setting `pad_token_id` to `eos_token_id`:151645 for open-end generation.
Setting `pad_token_id` to `eos_token_id`:151645 for open-end generation.
Setting `pad_token_id` to `eos_token_id`:151645 for open-end generation.
Setting `pad_token_id` to `eos_token_id`:151645 for open-end generation.
Setting `pad_token_id` to `eos_token_id`:151645 for open-end generation.
Setting `pad_token_id` to `eos_token_id`:151645 for open-end generation.
Setting `pad_token_id` to `eos_token_id`:151645 for open-end generation.
Setting `pad_token_id` to `eos_token_id`:151645 for open-end generation.
Setting `pad_token_id` to `eos_token_id`:151645 for open-end generation.
Setting `pad_token_id` to `eos_token_id`:151645 for open-end generation.
Setting `pad_token_id` to `eos_token_id`:151645 for open-end generation.
Setting `pad_token_id` to `eos_token_id`:151645 for open-end generation.
Setting `pad_token_id` to `eos_token_id`:151645 for open-end generation.
Setting `pad_token_id` to `eos_token_id`:151645 for open-end generation.
Setting `pad_token_id` to `eos_token_id`:151645 for open-end generation.
Setting `pad_token_id` to `eos_token_id`:151645 for open-end generation.
Setting `pad_token_id` to `eos_token_id`:151645 for open-end generation.
Setting `pad_token_id` to `eos_token_id`:151645 for open-end generation.
Setting `pad_token_id` to `eos_token_id`:151645 for open-end generation.
Setting `pad_token_id` to `eos_token_id`:151645 for open-end generation.
Setting `pad_token_id` to `eos_token_id`:151645 for open-end generation.
Setting `pad_token_id` to `eos_token_id`:151645 for open-end generation.
Setting `pad_token_id` to `eos_token_id`:151645 for open-end generation.
Setting `pad_token_id` to `eos_token_id`:151645 for open-end generation.
Setting `pad_token_id` to `eos_token_id`:151645 for open-end generation.
Setting `pad_token_id` to `eos_token_id`:151645 for open-end generation.
Setting `pad_token_id` to `eos_token_id`:151645 for open-end generation.
Setting `pad_token_id` to `eos_token_id`:151645 for open-end generation.
Setting `pad_token_id` to `eos_token_id`:151645 for open-end generation.
Setting `pad_token_id` to `eos_token_id`:151645 for open-end generation.
Setting `pad_token_id` to `eos_token_id`:151645 for open-end generation.
Setting `pad_token_id` to `eos_token_id`:151645 for open-end generation.
Setting `pad_token_id` to `eos_token_id`:151645 for open-end generation.
Setting `pad_token_id` to `eos_token_id`:151645 for open-end generation.
Setting `pad_token_id` to `eos_token_id`:151645 for open-end generation.
Setting `pad_token_id` to `eos_token_id`:151645 for open-end generation.
Setting `pad_token_id` to `eos_token_id`:151645 for open-end generation.
Setting `pad_token_id` to `eos_token_id`:151645 for open-end generation.
Setting `pad_token_id` to `eos_token_id`:151645 for open-end generation.
Setting `pad_token_id` to `eos_token_id`:151645 for open-end generation.
Setting `pad_token_id` to `eos_token_id`:151645 for open-end generation.
Setting `pad_token_id` to `eos_token_id`:151645 for open-end generation.
Setting `pad_token_id` to `eos_token_id`:151645 for open-end generation.
Setting `pad_token_id` to `eos_token_id`:151645 for open-end generation.
Setting `pad_token_id` to `eos_token_id`:151645 for open-end generation.
Setting `pad_token_id` to `eos_token_id`:151645 for open-end generation.
Setting `pad_token_id` to `eos_token_id`:151645 for open-end generation.
Setting `pad_token_id` to `eos_token_id`:151645 for open-end generation.
Setting `pad_token_id` to `eos_token_id`:151645 for open-end generation.
Setting `pad_token_id` to `eos_token_id`:151645 for open-end generation.
Setting `pad_token_id` to `eos_token_id`:151645 for open-end generation.
Setting `pad_token_id` to `eos_token_id`:151645 for open-end generation.
Setting `pad_token_id` to `eos_token_id`:151645 for open-end generation.
Setting `pad_token_id` to `eos_token_id`:151645 for open-end generation.
Setting `pad_token_id` to `eos_token_id`:151645 for open-end generation.
Setting `pad_token_id` to `eos_token_id`:151645 for open-end generation.
Setting `pad_token_id` to `eos_token_id`:151645 for open-end generation.
Setting `pad_token_id` to `eos_token_id`:151645 for open-end generation.
Setting `pad_token_id` to `eos_token_id`:151645 for open-end generation.
Setting `pad_token_id` to `eos_token_id`:151645 for open-end generation.
Setting `pad_token_id` to `eos_token_id`:151645 for open-end generation.
Setting `pad_token_id` to `eos_token_id`:151645 for open-end generation.
Setting `pad_token_id` to `eos_token_id`:151645 for open-end generation.
Setting `pad_token_id` to `eos_token_id`:151645 for open-end generation.
Setting `pad_token_id` to `eos_token_id`:151645 for open-end generation.
Setting `pad_token_id` to `eos_token_id`:151645 for open-end generation.
Setting `pad_token_id` to `eos_token_id`:151645 for open-end generation.
Setting `pad_token_id` to `eos_token_id`:151645 for open-end generation.
Setting `pad_token_id` to `eos_token_id`:151645 for open-end generation.
Setting `pad_token_id` to `eos_token_id`:151645 for open-end generation.
Setting `pad_token_id` to `eos_token_id`:151645 for open-end generation.
Setting `pad_token_id` to `eos_token_id`:151645 for open-end generation.
Setting `pad_token_id` to `eos_token_id`:151645 for open-end generation.
Setting `pad_token_id` to `eos_token_id`:151645 for open-end generation.
Setting `pad_token_id` to `eos_token_id`:151645 for open-end generation.
Setting `pad_token_id` to `eos_token_id`:151645 for open-end generation.
Setting `pad_token_id` to `eos_token_id`:151645 for open-end generation.
Setting `pad_token_id` to `eos_token_id`:151645 for open-end generation.
Setting `pad_token_id` to `eos_token_id`:151645 for open-end generation.
Setting `pad_token_id` to `eos_token_id`:151645 for open-end generation.
Setting `pad_token_id` to `eos_token_id`:151645 for open-end generation.
Setting `pad_token_id` to `eos_token_id`:151645 for open-end generation.
Setting `pad_token_id` to `eos_token_id`:151645 for open-end generation.
Setting `pad_token_id` to `eos_token_id`:151645 for open-end generation.
Setting `pad_token_id` to `eos_token_id`:151645 for open-end generation.
Setting `pad_token_id` to `eos_token_id`:151645 for open-end generation.
Setting `pad_token_id` to `eos_token_id`:151645 for open-end generation.
Setting `pad_token_id` to `eos_token_id`:151645 for open-end generation.
Setting `pad_token_id` to `eos_token_id`:151645 for open-end generation.
Setting `pad_token_id` to `eos_token_id`:151645 for open-end generation.
Setting `pad_token_id` to `eos_token_id`:151645 for open-end generation.
Setting `pad_token_id` to `eos_token_id`:151645 for open-end generation.
Setting `pad_token_id` to `eos_token_id`:151645 for open-end generation.
Setting `pad_token_id` to `eos_token_id`:151645 for open-end generation.
Setting `pad_token_id` to `eos_token_id`:151645 for open-end generation.
Setting `pad_token_id` to `eos_token_id`:151645 for open-end generation.
Setting `pad_token_id` to `eos_token_id`:151645 for open-end generation.
Setting `pad_token_id` to `eos_token_id`:151645 for open-end generation.
Setting `pad_token_id` to `eos_token_id`:151645 for open-end generation.
Setting `pad_token_id` to `eos_token_id`:151645 for open-end generation.
Setting `pad_token_id` to `eos_token_id`:151645 for open-end generation.
Setting `pad_token_id` to `eos_token_id`:151645 for open-end generation.
Setting `pad_token_id` to `eos_token_id`:151645 for open-end generation.
Setting `pad_token_id` to `eos_token_id`:151645 for open-end generation.
Setting `pad_token_id` to `eos_token_id`:151645 for open-end generation.
Setting `pad_token_id` to `eos_token_id`:151645 for open-end generation.
Setting `pad_token_id` to `eos_token_id`:151645 for open-end generation.
Setting `pad_token_id` to `eos_token_id`:151645 for open-end generation.
Setting `pad_token_id` to `eos_token_id`:151645 for open-end generation.
Setting `pad_token_id` to `eos_token_id`:151645 for open-end generation.
Setting `pad_token_id` to `eos_token_id`:151645 for open-end generation.
Setting `pad_token_id` to `eos_token_id`:151645 for open-end generation.
Setting `pad_token_id` to `eos_token_id`:151645 for open-end generation.
Setting `pad_token_id` to `eos_token_id`:151645 for open-end generation.
Setting `pad_token_id` to `eos_token_id`:151645 for open-end generation.
Setting `pad_token_id` to `eos_token_id`:151645 for open-end generation.
2026-07-06 14:48:46,338 INFO B[0/80] name hit none=1 profile=1 distractor=1
Setting `pad_token_id` to `eos_token_id`:151645 for open-end generation.
Setting `pad_token_id` to `eos_token_id`:151645 for open-end generation.
Setting `pad_token_id` to `eos_token_id`:151645 for open-end generation.
2026-07-06 14:48:47,423 INFO B[1/80] email hit none=1 profile=1 distractor=1
Setting `pad_token_id` to `eos_token_id`:151645 for open-end generation.
Setting `pad_token_id` to `eos_token_id`:151645 for open-end generation.
Setting `pad_token_id` to `eos_token_id`:151645 for open-end generation.
2026-07-06 14:48:49,125 INFO B[2/80] name hit none=1 profile=1 distractor=1
Setting `pad_token_id` to `eos_token_id`:151645 for open-end generation.
Setting `pad_token_id` to `eos_token_id`:151645 for open-end generation.
Setting `pad_token_id` to `eos_token_id`:151645 for open-end generation.
2026-07-06 14:48:50,258 INFO B[3/80] email hit none=0 profile=1 distractor=0
Setting `pad_token_id` to `eos_token_id`:151645 for open-end generation.
Setting `pad_token_id` to `eos_token_id`:151645 for open-end generation.
Setting `pad_token_id` to `eos_token_id`:151645 for open-end generation.
2026-07-06 14:48:51,711 INFO B[4/80] name hit none=1 profile=1 distractor=1
Setting `pad_token_id` to `eos_token_id`:151645 for open-end generation.
Setting `pad_token_id` to `eos_token_id`:151645 for open-end generation.
Setting `pad_token_id` to `eos_token_id`:151645 for open-end generation.
2026-07-06 14:48:52,730 INFO B[5/80] email hit none=0 profile=1 distractor=0
Setting `pad_token_id` to `eos_token_id`:151645 for open-end generation.
Setting `pad_token_id` to `eos_token_id`:151645 for open-end generation.
Setting `pad_token_id` to `eos_token_id`:151645 for open-end generation.
2026-07-06 14:48:54,360 INFO B[6/80] name hit none=1 profile=1 distractor=1
Setting `pad_token_id` to `eos_token_id`:151645 for open-end generation.
Setting `pad_token_id` to `eos_token_id`:151645 for open-end generation.
Setting `pad_token_id` to `eos_token_id`:151645 for open-end generation.
2026-07-06 14:48:55,519 INFO B[7/80] email hit none=0 profile=1 distractor=0
Setting `pad_token_id` to `eos_token_id`:151645 for open-end generation.
Setting `pad_token_id` to `eos_token_id`:151645 for open-end generation.
Setting `pad_token_id` to `eos_token_id`:151645 for open-end generation.
2026-07-06 14:48:57,159 INFO B[8/80] name hit none=1 profile=1 distractor=1
Setting `pad_token_id` to `eos_token_id`:151645 for open-end generation.
Setting `pad_token_id` to `eos_token_id`:151645 for open-end generation.
Setting `pad_token_id` to `eos_token_id`:151645 for open-end generation.
2026-07-06 14:48:58,201 INFO B[9/80] email hit none=0 profile=1 distractor=0
Setting `pad_token_id` to `eos_token_id`:151645 for open-end generation.
Setting `pad_token_id` to `eos_token_id`:151645 for open-end generation.
Setting `pad_token_id` to `eos_token_id`:151645 for open-end generation.
2026-07-06 14:48:59,943 INFO B[10/80] name hit none=1 profile=1 distractor=1
Setting `pad_token_id` to `eos_token_id`:151645 for open-end generation.
Setting `pad_token_id` to `eos_token_id`:151645 for open-end generation.
Setting `pad_token_id` to `eos_token_id`:151645 for open-end generation.
2026-07-06 14:49:00,845 INFO B[11/80] email hit none=0 profile=1 distractor=0
Setting `pad_token_id` to `eos_token_id`:151645 for open-end generation.
Setting `pad_token_id` to `eos_token_id`:151645 for open-end generation.
Setting `pad_token_id` to `eos_token_id`:151645 for open-end generation.
2026-07-06 14:49:02,859 INFO B[12/80] name hit none=1 profile=1 distractor=1
Setting `pad_token_id` to `eos_token_id`:151645 for open-end generation.
Setting `pad_token_id` to `eos_token_id`:151645 for open-end generation.
Setting `pad_token_id` to `eos_token_id`:151645 for open-end generation.
2026-07-06 14:49:03,859 INFO B[13/80] email hit none=0 profile=1 distractor=0
Setting `pad_token_id` to `eos_token_id`:151645 for open-end generation.
Setting `pad_token_id` to `eos_token_id`:151645 for open-end generation.
Setting `pad_token_id` to `eos_token_id`:151645 for open-end generation.
2026-07-06 14:49:05,454 INFO B[14/80] name hit none=1 profile=1 distractor=0
Setting `pad_token_id` to `eos_token_id`:151645 for open-end generation.
Setting `pad_token_id` to `eos_token_id`:151645 for open-end generation.
Setting `pad_token_id` to `eos_token_id`:151645 for open-end generation.
2026-07-06 14:49:06,457 INFO B[15/80] email hit none=0 profile=1 distractor=0
Setting `pad_token_id` to `eos_token_id`:151645 for open-end generation.
Setting `pad_token_id` to `eos_token_id`:151645 for open-end generation.
Setting `pad_token_id` to `eos_token_id`:151645 for open-end generation.
2026-07-06 14:49:08,452 INFO B[16/80] name hit none=1 profile=1 distractor=1
Setting `pad_token_id` to `eos_token_id`:151645 for open-end generation.
Setting `pad_token_id` to `eos_token_id`:151645 for open-end generation.
Setting `pad_token_id` to `eos_token_id`:151645 for open-end generation.
2026-07-06 14:49:09,494 INFO B[17/80] email hit none=1 profile=1 distractor=1
Setting `pad_token_id` to `eos_token_id`:151645 for open-end generation.
Setting `pad_token_id` to `eos_token_id`:151645 for open-end generation.
Setting `pad_token_id` to `eos_token_id`:151645 for open-end generation.
2026-07-06 14:49:11,182 INFO B[18/80] name hit none=1 profile=1 distractor=1
Setting `pad_token_id` to `eos_token_id`:151645 for open-end generation.
Setting `pad_token_id` to `eos_token_id`:151645 for open-end generation.
Setting `pad_token_id` to `eos_token_id`:151645 for open-end generation.
2026-07-06 14:49:12,211 INFO B[19/80] email hit none=0 profile=1 distractor=0
Setting `pad_token_id` to `eos_token_id`:151645 for open-end generation.
Setting `pad_token_id` to `eos_token_id`:151645 for open-end generation.
Setting `pad_token_id` to `eos_token_id`:151645 for open-end generation.
2026-07-06 14:49:13,906 INFO B[20/80] name hit none=1 profile=1 distractor=1
Setting `pad_token_id` to `eos_token_id`:151645 for open-end generation.
Setting `pad_token_id` to `eos_token_id`:151645 for open-end generation.
Setting `pad_token_id` to `eos_token_id`:151645 for open-end generation.
2026-07-06 14:49:14,865 INFO B[21/80] email hit none=1 profile=1 distractor=0
Setting `pad_token_id` to `eos_token_id`:151645 for open-end generation.
Setting `pad_token_id` to `eos_token_id`:151645 for open-end generation.
Setting `pad_token_id` to `eos_token_id`:151645 for open-end generation.
2026-07-06 14:49:16,547 INFO B[22/80] name hit none=1 profile=1 distractor=1
Setting `pad_token_id` to `eos_token_id`:151645 for open-end generation.
Setting `pad_token_id` to `eos_token_id`:151645 for open-end generation.
Setting `pad_token_id` to `eos_token_id`:151645 for open-end generation.
2026-07-06 14:49:17,578 INFO B[23/80] email hit none=0 profile=1 distractor=0
Setting `pad_token_id` to `eos_token_id`:151645 for open-end generation.
Setting `pad_token_id` to `eos_token_id`:151645 for open-end generation.
Setting `pad_token_id` to `eos_token_id`:151645 for open-end generation.
2026-07-06 14:49:19,932 INFO B[24/80] name hit none=1 profile=1 distractor=1
Setting `pad_token_id` to `eos_token_id`:151645 for open-end generation.
Setting `pad_token_id` to `eos_token_id`:151645 for open-end generation.
Setting `pad_token_id` to `eos_token_id`:151645 for open-end generation.
2026-07-06 14:49:20,955 INFO B[25/80] email hit none=0 profile=1 distractor=0
Setting `pad_token_id` to `eos_token_id`:151645 for open-end generation.
Setting `pad_token_id` to `eos_token_id`:151645 for open-end generation.
Setting `pad_token_id` to `eos_token_id`:151645 for open-end generation.
2026-07-06 14:49:22,598 INFO B[26/80] name hit none=1 profile=1 distractor=1
Setting `pad_token_id` to `eos_token_id`:151645 for open-end generation.
Setting `pad_token_id` to `eos_token_id`:151645 for open-end generation.
Setting `pad_token_id` to `eos_token_id`:151645 for open-end generation.
2026-07-06 14:49:23,586 INFO B[27/80] email hit none=0 profile=1 distractor=0
Setting `pad_token_id` to `eos_token_id`:151645 for open-end generation.
Setting `pad_token_id` to `eos_token_id`:151645 for open-end generation.
Setting `pad_token_id` to `eos_token_id`:151645 for open-end generation.
2026-07-06 14:49:25,244 INFO B[28/80] name hit none=1 profile=1 distractor=1
Setting `pad_token_id` to `eos_token_id`:151645 for open-end generation.
Setting `pad_token_id` to `eos_token_id`:151645 for open-end generation.
Setting `pad_token_id` to `eos_token_id`:151645 for open-end generation.
2026-07-06 14:49:26,297 INFO B[29/80] email hit none=0 profile=1 distractor=0
Setting `pad_token_id` to `eos_token_id`:151645 for open-end generation.
Setting `pad_token_id` to `eos_token_id`:151645 for open-end generation.
Setting `pad_token_id` to `eos_token_id`:151645 for open-end generation.
2026-07-06 14:49:28,140 INFO B[30/80] name hit none=1 profile=1 distractor=1
Setting `pad_token_id` to `eos_token_id`:151645 for open-end generation.
Setting `pad_token_id` to `eos_token_id`:151645 for open-end generation.
Setting `pad_token_id` to `eos_token_id`:151645 for open-end generation.
2026-07-06 14:49:29,213 INFO B[31/80] email hit none=0 profile=1 distractor=0
Setting `pad_token_id` to `eos_token_id`:151645 for open-end generation.
Setting `pad_token_id` to `eos_token_id`:151645 for open-end generation.
Setting `pad_token_id` to `eos_token_id`:151645 for open-end generation.
2026-07-06 14:49:30,859 INFO B[32/80] name hit none=1 profile=1 distractor=1
Setting `pad_token_id` to `eos_token_id`:151645 for open-end generation.
Setting `pad_token_id` to `eos_token_id`:151645 for open-end generation.
Setting `pad_token_id` to `eos_token_id`:151645 for open-end generation.
2026-07-06 14:49:31,935 INFO B[33/80] email hit none=0 profile=1 distractor=0
Setting `pad_token_id` to `eos_token_id`:151645 for open-end generation.
Setting `pad_token_id` to `eos_token_id`:151645 for open-end generation.
Setting `pad_token_id` to `eos_token_id`:151645 for open-end generation.
2026-07-06 14:49:33,621 INFO B[34/80] name hit none=1 profile=1 distractor=1
Setting `pad_token_id` to `eos_token_id`:151645 for open-end generation.
Setting `pad_token_id` to `eos_token_id`:151645 for open-end generation.
Setting `pad_token_id` to `eos_token_id`:151645 for open-end generation.
2026-07-06 14:49:34,573 INFO B[35/80] email hit none=0 profile=1 distractor=0
Setting `pad_token_id` to `eos_token_id`:151645 for open-end generation.
Setting `pad_token_id` to `eos_token_id`:151645 for open-end generation.
Setting `pad_token_id` to `eos_token_id`:151645 for open-end generation.
2026-07-06 14:49:36,259 INFO B[36/80] name hit none=1 profile=1 distractor=1
Setting `pad_token_id` to `eos_token_id`:151645 for open-end generation.
Setting `pad_token_id` to `eos_token_id`:151645 for open-end generation.
Setting `pad_token_id` to `eos_token_id`:151645 for open-end generation.
2026-07-06 14:49:37,110 INFO B[37/80] email hit none=0 profile=1 distractor=0
Setting `pad_token_id` to `eos_token_id`:151645 for open-end generation.
Setting `pad_token_id` to `eos_token_id`:151645 for open-end generation.
Setting `pad_token_id` to `eos_token_id`:151645 for open-end generation.
2026-07-06 14:49:38,686 INFO B[38/80] name hit none=1 profile=1 distractor=1
Setting `pad_token_id` to `eos_token_id`:151645 for open-end generation.
Setting `pad_token_id` to `eos_token_id`:151645 for open-end generation.
Setting `pad_token_id` to `eos_token_id`:151645 for open-end generation.
2026-07-06 14:49:39,600 INFO B[39/80] email hit none=1 profile=1 distractor=0
Setting `pad_token_id` to `eos_token_id`:151645 for open-end generation.
Setting `pad_token_id` to `eos_token_id`:151645 for open-end generation.
Setting `pad_token_id` to `eos_token_id`:151645 for open-end generation.
2026-07-06 14:49:41,152 INFO B[40/80] name hit none=1 profile=1 distractor=1
Setting `pad_token_id` to `eos_token_id`:151645 for open-end generation.
Setting `pad_token_id` to `eos_token_id`:151645 for open-end generation.
Setting `pad_token_id` to `eos_token_id`:151645 for open-end generation.
2026-07-06 14:49:42,190 INFO B[41/80] email hit none=0 profile=1 distractor=0
Setting `pad_token_id` to `eos_token_id`:151645 for open-end generation.
Setting `pad_token_id` to `eos_token_id`:151645 for open-end generation.
Setting `pad_token_id` to `eos_token_id`:151645 for open-end generation.
2026-07-06 14:49:43,549 INFO B[42/80] name hit none=1 profile=1 distractor=1
Setting `pad_token_id` to `eos_token_id`:151645 for open-end generation.
Setting `pad_token_id` to `eos_token_id`:151645 for open-end generation.
Setting `pad_token_id` to `eos_token_id`:151645 for open-end generation.
2026-07-06 14:49:44,606 INFO B[43/80] email hit none=0 profile=1 distractor=0
Setting `pad_token_id` to `eos_token_id`:151645 for open-end generation.
Setting `pad_token_id` to `eos_token_id`:151645 for open-end generation.
Setting `pad_token_id` to `eos_token_id`:151645 for open-end generation.
2026-07-06 14:49:46,391 INFO B[44/80] name hit none=1 profile=1 distractor=1
Setting `pad_token_id` to `eos_token_id`:151645 for open-end generation.
Setting `pad_token_id` to `eos_token_id`:151645 for open-end generation.
Setting `pad_token_id` to `eos_token_id`:151645 for open-end generation.
2026-07-06 14:49:47,329 INFO B[45/80] email hit none=0 profile=1 distractor=0
Setting `pad_token_id` to `eos_token_id`:151645 for open-end generation.
Setting `pad_token_id` to `eos_token_id`:151645 for open-end generation.
Setting `pad_token_id` to `eos_token_id`:151645 for open-end generation.
2026-07-06 14:49:49,435 INFO B[46/80] name hit none=1 profile=1 distractor=1
Setting `pad_token_id` to `eos_token_id`:151645 for open-end generation.
Setting `pad_token_id` to `eos_token_id`:151645 for open-end generation.
Setting `pad_token_id` to `eos_token_id`:151645 for open-end generation.
2026-07-06 14:49:50,491 INFO B[47/80] email hit none=0 profile=1 distractor=0
Setting `pad_token_id` to `eos_token_id`:151645 for open-end generation.
Setting `pad_token_id` to `eos_token_id`:151645 for open-end generation.
Setting `pad_token_id` to `eos_token_id`:151645 for open-end generation.
2026-07-06 14:49:52,282 INFO B[48/80] name hit none=1 profile=1 distractor=1
Setting `pad_token_id` to `eos_token_id`:151645 for open-end generation.
Setting `pad_token_id` to `eos_token_id`:151645 for open-end generation.
Setting `pad_token_id` to `eos_token_id`:151645 for open-end generation.
2026-07-06 14:49:53,195 INFO B[49/80] email hit none=1 profile=1 distractor=0
Setting `pad_token_id` to `eos_token_id`:151645 for open-end generation.
Setting `pad_token_id` to `eos_token_id`:151645 for open-end generation.
Setting `pad_token_id` to `eos_token_id`:151645 for open-end generation.
2026-07-06 14:49:54,731 INFO B[50/80] name hit none=1 profile=1 distractor=1
Setting `pad_token_id` to `eos_token_id`:151645 for open-end generation.
Setting `pad_token_id` to `eos_token_id`:151645 for open-end generation.
Setting `pad_token_id` to `eos_token_id`:151645 for open-end generation.
2026-07-06 14:49:55,678 INFO B[51/80] email hit none=0 profile=1 distractor=0
Setting `pad_token_id` to `eos_token_id`:151645 for open-end generation.
Setting `pad_token_id` to `eos_token_id`:151645 for open-end generation.
Setting `pad_token_id` to `eos_token_id`:151645 for open-end generation.
2026-07-06 14:49:57,614 INFO B[52/80] name hit none=1 profile=1 distractor=1
Setting `pad_token_id` to `eos_token_id`:151645 for open-end generation.
Setting `pad_token_id` to `eos_token_id`:151645 for open-end generation.
Setting `pad_token_id` to `eos_token_id`:151645 for open-end generation.
2026-07-06 14:49:59,254 INFO B[53/80] email hit none=0 profile=1 distractor=0
Setting `pad_token_id` to `eos_token_id`:151645 for open-end generation.
Setting `pad_token_id` to `eos_token_id`:151645 for open-end generation.
Setting `pad_token_id` to `eos_token_id`:151645 for open-end generation.
2026-07-06 14:50:01,055 INFO B[54/80] name hit none=1 profile=1 distractor=1
Setting `pad_token_id` to `eos_token_id`:151645 for open-end generation.
Setting `pad_token_id` to `eos_token_id`:151645 for open-end generation.
Setting `pad_token_id` to `eos_token_id`:151645 for open-end generation.
2026-07-06 14:50:02,093 INFO B[55/80] email hit none=0 profile=1 distractor=0
Setting `pad_token_id` to `eos_token_id`:151645 for open-end generation.
Setting `pad_token_id` to `eos_token_id`:151645 for open-end generation.
Setting `pad_token_id` to `eos_token_id`:151645 for open-end generation.
2026-07-06 14:50:03,882 INFO B[56/80] name hit none=1 profile=1 distractor=1
Setting `pad_token_id` to `eos_token_id`:151645 for open-end generation.
Setting `pad_token_id` to `eos_token_id`:151645 for open-end generation.
Setting `pad_token_id` to `eos_token_id`:151645 for open-end generation.
2026-07-06 14:50:04,808 INFO B[57/80] email hit none=1 profile=1 distractor=1
Setting `pad_token_id` to `eos_token_id`:151645 for open-end generation.
Setting `pad_token_id` to `eos_token_id`:151645 for open-end generation.
Setting `pad_token_id` to `eos_token_id`:151645 for open-end generation.
2026-07-06 14:50:06,236 INFO B[58/80] name hit none=1 profile=1 distractor=1
Setting `pad_token_id` to `eos_token_id`:151645 for open-end generation.
Setting `pad_token_id` to `eos_token_id`:151645 for open-end generation.
Setting `pad_token_id` to `eos_token_id`:151645 for open-end generation.
2026-07-06 14:50:07,325 INFO B[59/80] email hit none=0 profile=1 distractor=0
Setting `pad_token_id` to `eos_token_id`:151645 for open-end generation.
Setting `pad_token_id` to `eos_token_id`:151645 for open-end generation.
Setting `pad_token_id` to `eos_token_id`:151645 for open-end generation.
2026-07-06 14:50:09,250 INFO B[60/80] name hit none=1 profile=1 distractor=1
Setting `pad_token_id` to `eos_token_id`:151645 for open-end generation.
Setting `pad_token_id` to `eos_token_id`:151645 for open-end generation.
Setting `pad_token_id` to `eos_token_id`:151645 for open-end generation.
2026-07-06 14:50:10,317 INFO B[61/80] email hit none=0 profile=1 distractor=0
Setting `pad_token_id` to `eos_token_id`:151645 for open-end generation.
Setting `pad_token_id` to `eos_token_id`:151645 for open-end generation.
Setting `pad_token_id` to `eos_token_id`:151645 for open-end generation.
2026-07-06 14:50:12,050 INFO B[62/80] name hit none=1 profile=1 distractor=1
Setting `pad_token_id` to `eos_token_id`:151645 for open-end generation.
Setting `pad_token_id` to `eos_token_id`:151645 for open-end generation.
Setting `pad_token_id` to `eos_token_id`:151645 for open-end generation.
2026-07-06 14:50:12,935 INFO B[63/80] email hit none=0 profile=1 distractor=0
Setting `pad_token_id` to `eos_token_id`:151645 for open-end generation.
Setting `pad_token_id` to `eos_token_id`:151645 for open-end generation.
Setting `pad_token_id` to `eos_token_id`:151645 for open-end generation.
2026-07-06 14:50:14,568 INFO B[64/80] name hit none=1 profile=1 distractor=1
Setting `pad_token_id` to `eos_token_id`:151645 for open-end generation.
Setting `pad_token_id` to `eos_token_id`:151645 for open-end generation.
Setting `pad_token_id` to `eos_token_id`:151645 for open-end generation.
2026-07-06 14:50:15,624 INFO B[65/80] email hit none=1 profile=1 distractor=0
Setting `pad_token_id` to `eos_token_id`:151645 for open-end generation.
Setting `pad_token_id` to `eos_token_id`:151645 for open-end generation.
Setting `pad_token_id` to `eos_token_id`:151645 for open-end generation.
2026-07-06 14:50:16,976 INFO B[66/80] name hit none=1 profile=1 distractor=1
Setting `pad_token_id` to `eos_token_id`:151645 for open-end generation.
Setting `pad_token_id` to `eos_token_id`:151645 for open-end generation.
Setting `pad_token_id` to `eos_token_id`:151645 for open-end generation.
2026-07-06 14:50:17,991 INFO B[67/80] email hit none=0 profile=1 distractor=0
Setting `pad_token_id` to `eos_token_id`:151645 for open-end generation.
Setting `pad_token_id` to `eos_token_id`:151645 for open-end generation.
Setting `pad_token_id` to `eos_token_id`:151645 for open-end generation.
2026-07-06 14:50:19,795 INFO B[68/80] name hit none=1 profile=1 distractor=1
Setting `pad_token_id` to `eos_token_id`:151645 for open-end generation.
Setting `pad_token_id` to `eos_token_id`:151645 for open-end generation.
Setting `pad_token_id` to `eos_token_id`:151645 for open-end generation.
2026-07-06 14:50:20,818 INFO B[69/80] email hit none=0 profile=1 distractor=0
Setting `pad_token_id` to `eos_token_id`:151645 for open-end generation.
Setting `pad_token_id` to `eos_token_id`:151645 for open-end generation.
Setting `pad_token_id` to `eos_token_id`:151645 for open-end generation.
2026-07-06 14:50:22,671 INFO B[70/80] name hit none=1 profile=1 distractor=1
Setting `pad_token_id` to `eos_token_id`:151645 for open-end generation.
Setting `pad_token_id` to `eos_token_id`:151645 for open-end generation.
Setting `pad_token_id` to `eos_token_id`:151645 for open-end generation.
2026-07-06 14:50:23,498 INFO B[71/80] email hit none=0 profile=1 distractor=0
Setting `pad_token_id` to `eos_token_id`:151645 for open-end generation.
Setting `pad_token_id` to `eos_token_id`:151645 for open-end generation.
Setting `pad_token_id` to `eos_token_id`:151645 for open-end generation.
2026-07-06 14:50:24,903 INFO B[72/80] name hit none=1 profile=1 distractor=1
Setting `pad_token_id` to `eos_token_id`:151645 for open-end generation.
Setting `pad_token_id` to `eos_token_id`:151645 for open-end generation.
Setting `pad_token_id` to `eos_token_id`:151645 for open-end generation.
2026-07-06 14:50:25,795 INFO B[73/80] email hit none=1 profile=1 distractor=0
Setting `pad_token_id` to `eos_token_id`:151645 for open-end generation.
Setting `pad_token_id` to `eos_token_id`:151645 for open-end generation.
Setting `pad_token_id` to `eos_token_id`:151645 for open-end generation.
2026-07-06 14:50:27,253 INFO B[74/80] name hit none=1 profile=1 distractor=1
Setting `pad_token_id` to `eos_token_id`:151645 for open-end generation.
Setting `pad_token_id` to `eos_token_id`:151645 for open-end generation.
Setting `pad_token_id` to `eos_token_id`:151645 for open-end generation.
2026-07-06 14:50:28,312 INFO B[75/80] email hit none=0 profile=1 distractor=0
Setting `pad_token_id` to `eos_token_id`:151645 for open-end generation.
Setting `pad_token_id` to `eos_token_id`:151645 for open-end generation.
Setting `pad_token_id` to `eos_token_id`:151645 for open-end generation.
2026-07-06 14:50:29,995 INFO B[76/80] name hit none=1 profile=1 distractor=1
Setting `pad_token_id` to `eos_token_id`:151645 for open-end generation.
Setting `pad_token_id` to `eos_token_id`:151645 for open-end generation.
Setting `pad_token_id` to `eos_token_id`:151645 for open-end generation.
2026-07-06 14:50:31,191 INFO B[77/80] email hit none=1 profile=1 distractor=1
Setting `pad_token_id` to `eos_token_id`:151645 for open-end generation.
Setting `pad_token_id` to `eos_token_id`:151645 for open-end generation.
Setting `pad_token_id` to `eos_token_id`:151645 for open-end generation.
2026-07-06 14:50:33,094 INFO B[78/80] name hit none=1 profile=1 distractor=1
Setting `pad_token_id` to `eos_token_id`:151645 for open-end generation.
Setting `pad_token_id` to `eos_token_id`:151645 for open-end generation.
Setting `pad_token_id` to `eos_token_id`:151645 for open-end generation.
2026-07-06 14:50:34,069 INFO B[79/80] email hit none=0 profile=1 distractor=0
2026-07-06 14:50:34,069 INFO step  1500  prem=0.04 rec=0.66 | name+=1.00 email+=1.00 | intrusion=0.025
Setting `pad_token_id` to `eos_token_id`:151645 for open-end generation.
Setting `pad_token_id` to `eos_token_id`:151645 for open-end generation.
Setting `pad_token_id` to `eos_token_id`:151645 for open-end generation.
Setting `pad_token_id` to `eos_token_id`:151645 for open-end generation.
Setting `pad_token_id` to `eos_token_id`:151645 for open-end generation.
Setting `pad_token_id` to `eos_token_id`:151645 for open-end generation.
Setting `pad_token_id` to `eos_token_id`:151645 for open-end generation.
Setting `pad_token_id` to `eos_token_id`:151645 for open-end generation.
Setting `pad_token_id` to `eos_token_id`:151645 for open-end generation.
Setting `pad_token_id` to `eos_token_id`:151645 for open-end generation.
Setting `pad_token_id` to `eos_token_id`:151645 for open-end generation.
Setting `pad_token_id` to `eos_token_id`:151645 for open-end generation.
Setting `pad_token_id` to `eos_token_id`:151645 for open-end generation.
Setting `pad_token_id` to `eos_token_id`:151645 for open-end generation.
Setting `pad_token_id` to `eos_token_id`:151645 for open-end generation.
Setting `pad_token_id` to `eos_token_id`:151645 for open-end generation.
Setting `pad_token_id` to `eos_token_id`:151645 for open-end generation.
Setting `pad_token_id` to `eos_token_id`:151645 for open-end generation.
Setting `pad_token_id` to `eos_token_id`:151645 for open-end generation.
Setting `pad_token_id` to `eos_token_id`:151645 for open-end generation.
Setting `pad_token_id` to `eos_token_id`:151645 for open-end generation.
Setting `pad_token_id` to `eos_token_id`:151645 for open-end generation.
Setting `pad_token_id` to `eos_token_id`:151645 for open-end generation.
Setting `pad_token_id` to `eos_token_id`:151645 for open-end generation.
Setting `pad_token_id` to `eos_token_id`:151645 for open-end generation.
Setting `pad_token_id` to `eos_token_id`:151645 for open-end generation.
Setting `pad_token_id` to `eos_token_id`:151645 for open-end generation.
Setting `pad_token_id` to `eos_token_id`:151645 for open-end generation.
Setting `pad_token_id` to `eos_token_id`:151645 for open-end generation.
Setting `pad_token_id` to `eos_token_id`:151645 for open-end generation.
Setting `pad_token_id` to `eos_token_id`:151645 for open-end generation.
Setting `pad_token_id` to `eos_token_id`:151645 for open-end generation.
Setting `pad_token_id` to `eos_token_id`:151645 for open-end generation.
Setting `pad_token_id` to `eos_token_id`:151645 for open-end generation.
Setting `pad_token_id` to `eos_token_id`:151645 for open-end generation.
Setting `pad_token_id` to `eos_token_id`:151645 for open-end generation.
Setting `pad_token_id` to `eos_token_id`:151645 for open-end generation.
Setting `pad_token_id` to `eos_token_id`:151645 for open-end generation.
Setting `pad_token_id` to `eos_token_id`:151645 for open-end generation.
Setting `pad_token_id` to `eos_token_id`:151645 for open-end generation.
Setting `pad_token_id` to `eos_token_id`:151645 for open-end generation.
Setting `pad_token_id` to `eos_token_id`:151645 for open-end generation.
Setting `pad_token_id` to `eos_token_id`:151645 for open-end generation.
Setting `pad_token_id` to `eos_token_id`:151645 for open-end generation.
Setting `pad_token_id` to `eos_token_id`:151645 for open-end generation.
Setting `pad_token_id` to `eos_token_id`:151645 for open-end generation.
Setting `pad_token_id` to `eos_token_id`:151645 for open-end generation.
Setting `pad_token_id` to `eos_token_id`:151645 for open-end generation.
Setting `pad_token_id` to `eos_token_id`:151645 for open-end generation.
Setting `pad_token_id` to `eos_token_id`:151645 for open-end generation.
Setting `pad_token_id` to `eos_token_id`:151645 for open-end generation.
Setting `pad_token_id` to `eos_token_id`:151645 for open-end generation.
Setting `pad_token_id` to `eos_token_id`:151645 for open-end generation.
Setting `pad_token_id` to `eos_token_id`:151645 for open-end generation.
Setting `pad_token_id` to `eos_token_id`:151645 for open-end generation.
Setting `pad_token_id` to `eos_token_id`:151645 for open-end generation.
Setting `pad_token_id` to `eos_token_id`:151645 for open-end generation.
Setting `pad_token_id` to `eos_token_id`:151645 for open-end generation.
Setting `pad_token_id` to `eos_token_id`:151645 for open-end generation.
Setting `pad_token_id` to `eos_token_id`:151645 for open-end generation.
Setting `pad_token_id` to `eos_token_id`:151645 for open-end generation.
Setting `pad_token_id` to `eos_token_id`:151645 for open-end generation.
Setting `pad_token_id` to `eos_token_id`:151645 for open-end generation.
Setting `pad_token_id` to `eos_token_id`:151645 for open-end generation.
Setting `pad_token_id` to `eos_token_id`:151645 for open-end generation.
Setting `pad_token_id` to `eos_token_id`:151645 for open-end generation.
Setting `pad_token_id` to `eos_token_id`:151645 for open-end generation.
Setting `pad_token_id` to `eos_token_id`:151645 for open-end generation.
Setting `pad_token_id` to `eos_token_id`:151645 for open-end generation.
Setting `pad_token_id` to `eos_token_id`:151645 for open-end generation.
Setting `pad_token_id` to `eos_token_id`:151645 for open-end generation.
Setting `pad_token_id` to `eos_token_id`:151645 for open-end generation.
Setting `pad_token_id` to `eos_token_id`:151645 for open-end generation.
Setting `pad_token_id` to `eos_token_id`:151645 for open-end generation.
Setting `pad_token_id` to `eos_token_id`:151645 for open-end generation.
Setting `pad_token_id` to `eos_token_id`:151645 for open-end generation.
Setting `pad_token_id` to `eos_token_id`:151645 for open-end generation.
Setting `pad_token_id` to `eos_token_id`:151645 for open-end generation.
Setting `pad_token_id` to `eos_token_id`:151645 for open-end generation.
Setting `pad_token_id` to `eos_token_id`:151645 for open-end generation.
Setting `pad_token_id` to `eos_token_id`:151645 for open-end generation.
Setting `pad_token_id` to `eos_token_id`:151645 for open-end generation.
Setting `pad_token_id` to `eos_token_id`:151645 for open-end generation.
Setting `pad_token_id` to `eos_token_id`:151645 for open-end generation.
Setting `pad_token_id` to `eos_token_id`:151645 for open-end generation.
Setting `pad_token_id` to `eos_token_id`:151645 for open-end generation.
Setting `pad_token_id` to `eos_token_id`:151645 for open-end generation.
Setting `pad_token_id` to `eos_token_id`:151645 for open-end generation.
Setting `pad_token_id` to `eos_token_id`:151645 for open-end generation.
Setting `pad_token_id` to `eos_token_id`:151645 for open-end generation.
Setting `pad_token_id` to `eos_token_id`:151645 for open-end generation.
Setting `pad_token_id` to `eos_token_id`:151645 for open-end generation.
Setting `pad_token_id` to `eos_token_id`:151645 for open-end generation.
Setting `pad_token_id` to `eos_token_id`:151645 for open-end generation.
Setting `pad_token_id` to `eos_token_id`:151645 for open-end generation.
Setting `pad_token_id` to `eos_token_id`:151645 for open-end generation.
Setting `pad_token_id` to `eos_token_id`:151645 for open-end generation.
Setting `pad_token_id` to `eos_token_id`:151645 for open-end generation.
Setting `pad_token_id` to `eos_token_id`:151645 for open-end generation.
Setting `pad_token_id` to `eos_token_id`:151645 for open-end generation.
Setting `pad_token_id` to `eos_token_id`:151645 for open-end generation.
Setting `pad_token_id` to `eos_token_id`:151645 for open-end generation.
Setting `pad_token_id` to `eos_token_id`:151645 for open-end generation.
Setting `pad_token_id` to `eos_token_id`:151645 for open-end generation.
Setting `pad_token_id` to `eos_token_id`:151645 for open-end generation.
Setting `pad_token_id` to `eos_token_id`:151645 for open-end generation.
Setting `pad_token_id` to `eos_token_id`:151645 for open-end generation.
Setting `pad_token_id` to `eos_token_id`:151645 for open-end generation.
Setting `pad_token_id` to `eos_token_id`:151645 for open-end generation.
Setting `pad_token_id` to `eos_token_id`:151645 for open-end generation.
Setting `pad_token_id` to `eos_token_id`:151645 for open-end generation.
Setting `pad_token_id` to `eos_token_id`:151645 for open-end generation.
Setting `pad_token_id` to `eos_token_id`:151645 for open-end generation.
Setting `pad_token_id` to `eos_token_id`:151645 for open-end generation.
Setting `pad_token_id` to `eos_token_id`:151645 for open-end generation.
Setting `pad_token_id` to `eos_token_id`:151645 for open-end generation.
Setting `pad_token_id` to `eos_token_id`:151645 for open-end generation.
Setting `pad_token_id` to `eos_token_id`:151645 for open-end generation.
Setting `pad_token_id` to `eos_token_id`:151645 for open-end generation.
Setting `pad_token_id` to `eos_token_id`:151645 for open-end generation.
Setting `pad_token_id` to `eos_token_id`:151645 for open-end generation.
Setting `pad_token_id` to `eos_token_id`:151645 for open-end generation.
Setting `pad_token_id` to `eos_token_id`:151645 for open-end generation.
Setting `pad_token_id` to `eos_token_id`:151645 for open-end generation.
Setting `pad_token_id` to `eos_token_id`:151645 for open-end generation.
Setting `pad_token_id` to `eos_token_id`:151645 for open-end generation.
Setting `pad_token_id` to `eos_token_id`:151645 for open-end generation.
Setting `pad_token_id` to `eos_token_id`:151645 for open-end generation.
Setting `pad_token_id` to `eos_token_id`:151645 for open-end generation.
Setting `pad_token_id` to `eos_token_id`:151645 for open-end generation.
Setting `pad_token_id` to `eos_token_id`:151645 for open-end generation.
Setting `pad_token_id` to `eos_token_id`:151645 for open-end generation.
Setting `pad_token_id` to `eos_token_id`:151645 for open-end generation.
Setting `pad_token_id` to `eos_token_id`:151645 for open-end generation.
Setting `pad_token_id` to `eos_token_id`:151645 for open-end generation.
Setting `pad_token_id` to `eos_token_id`:151645 for open-end generation.
Setting `pad_token_id` to `eos_token_id`:151645 for open-end generation.
Setting `pad_token_id` to `eos_token_id`:151645 for open-end generation.
Setting `pad_token_id` to `eos_token_id`:151645 for open-end generation.
Setting `pad_token_id` to `eos_token_id`:151645 for open-end generation.
Setting `pad_token_id` to `eos_token_id`:151645 for open-end generation.
Setting `pad_token_id` to `eos_token_id`:151645 for open-end generation.
Setting `pad_token_id` to `eos_token_id`:151645 for open-end generation.
Setting `pad_token_id` to `eos_token_id`:151645 for open-end generation.
Setting `pad_token_id` to `eos_token_id`:151645 for open-end generation.
Setting `pad_token_id` to `eos_token_id`:151645 for open-end generation.
Setting `pad_token_id` to `eos_token_id`:151645 for open-end generation.
Setting `pad_token_id` to `eos_token_id`:151645 for open-end generation.
Setting `pad_token_id` to `eos_token_id`:151645 for open-end generation.
Setting `pad_token_id` to `eos_token_id`:151645 for open-end generation.
Setting `pad_token_id` to `eos_token_id`:151645 for open-end generation.
Setting `pad_token_id` to `eos_token_id`:151645 for open-end generation.
Setting `pad_token_id` to `eos_token_id`:151645 for open-end generation.
Setting `pad_token_id` to `eos_token_id`:151645 for open-end generation.
Setting `pad_token_id` to `eos_token_id`:151645 for open-end generation.
Setting `pad_token_id` to `eos_token_id`:151645 for open-end generation.
Setting `pad_token_id` to `eos_token_id`:151645 for open-end generation.
Setting `pad_token_id` to `eos_token_id`:151645 for open-end generation.
Setting `pad_token_id` to `eos_token_id`:151645 for open-end generation.
Setting `pad_token_id` to `eos_token_id`:151645 for open-end generation.
Setting `pad_token_id` to `eos_token_id`:151645 for open-end generation.
Setting `pad_token_id` to `eos_token_id`:151645 for open-end generation.
Setting `pad_token_id` to `eos_token_id`:151645 for open-end generation.
Setting `pad_token_id` to `eos_token_id`:151645 for open-end generation.
Setting `pad_token_id` to `eos_token_id`:151645 for open-end generation.
Setting `pad_token_id` to `eos_token_id`:151645 for open-end generation.
Setting `pad_token_id` to `eos_token_id`:151645 for open-end generation.
Setting `pad_token_id` to `eos_token_id`:151645 for open-end generation.
Setting `pad_token_id` to `eos_token_id`:151645 for open-end generation.
Setting `pad_token_id` to `eos_token_id`:151645 for open-end generation.
Setting `pad_token_id` to `eos_token_id`:151645 for open-end generation.
Setting `pad_token_id` to `eos_token_id`:151645 for open-end generation.
Setting `pad_token_id` to `eos_token_id`:151645 for open-end generation.
Setting `pad_token_id` to `eos_token_id`:151645 for open-end generation.
Setting `pad_token_id` to `eos_token_id`:151645 for open-end generation.
Setting `pad_token_id` to `eos_token_id`:151645 for open-end generation.
Setting `pad_token_id` to `eos_token_id`:151645 for open-end generation.
Setting `pad_token_id` to `eos_token_id`:151645 for open-end generation.
Setting `pad_token_id` to `eos_token_id`:151645 for open-end generation.
Setting `pad_token_id` to `eos_token_id`:151645 for open-end generation.
Setting `pad_token_id` to `eos_token_id`:151645 for open-end generation.
Setting `pad_token_id` to `eos_token_id`:151645 for open-end generation.
Setting `pad_token_id` to `eos_token_id`:151645 for open-end generation.
Setting `pad_token_id` to `eos_token_id`:151645 for open-end generation.
Setting `pad_token_id` to `eos_token_id`:151645 for open-end generation.
Setting `pad_token_id` to `eos_token_id`:151645 for open-end generation.
Setting `pad_token_id` to `eos_token_id`:151645 for open-end generation.
Setting `pad_token_id` to `eos_token_id`:151645 for open-end generation.
Setting `pad_token_id` to `eos_token_id`:151645 for open-end generation.
Setting `pad_token_id` to `eos_token_id`:151645 for open-end generation.
Setting `pad_token_id` to `eos_token_id`:151645 for open-end generation.
Setting `pad_token_id` to `eos_token_id`:151645 for open-end generation.
Setting `pad_token_id` to `eos_token_id`:151645 for open-end generation.
Setting `pad_token_id` to `eos_token_id`:151645 for open-end generation.
Setting `pad_token_id` to `eos_token_id`:151645 for open-end generation.
Setting `pad_token_id` to `eos_token_id`:151645 for open-end generation.
Setting `pad_token_id` to `eos_token_id`:151645 for open-end generation.
Setting `pad_token_id` to `eos_token_id`:151645 for open-end generation.
Setting `pad_token_id` to `eos_token_id`:151645 for open-end generation.
Setting `pad_token_id` to `eos_token_id`:151645 for open-end generation.
Setting `pad_token_id` to `eos_token_id`:151645 for open-end generation.
Setting `pad_token_id` to `eos_token_id`:151645 for open-end generation.
Setting `pad_token_id` to `eos_token_id`:151645 for open-end generation.
Setting `pad_token_id` to `eos_token_id`:151645 for open-end generation.
Setting `pad_token_id` to `eos_token_id`:151645 for open-end generation.
Setting `pad_token_id` to `eos_token_id`:151645 for open-end generation.
Setting `pad_token_id` to `eos_token_id`:151645 for open-end generation.
Setting `pad_token_id` to `eos_token_id`:151645 for open-end generation.
Setting `pad_token_id` to `eos_token_id`:151645 for open-end generation.
Setting `pad_token_id` to `eos_token_id`:151645 for open-end generation.
Setting `pad_token_id` to `eos_token_id`:151645 for open-end generation.
Setting `pad_token_id` to `eos_token_id`:151645 for open-end generation.
Setting `pad_token_id` to `eos_token_id`:151645 for open-end generation.
Setting `pad_token_id` to `eos_token_id`:151645 for open-end generation.
Setting `pad_token_id` to `eos_token_id`:151645 for open-end generation.
Setting `pad_token_id` to `eos_token_id`:151645 for open-end generation.
Setting `pad_token_id` to `eos_token_id`:151645 for open-end generation.
Setting `pad_token_id` to `eos_token_id`:151645 for open-end generation.
Setting `pad_token_id` to `eos_token_id`:151645 for open-end generation.
Setting `pad_token_id` to `eos_token_id`:151645 for open-end generation.
Setting `pad_token_id` to `eos_token_id`:151645 for open-end generation.
Setting `pad_token_id` to `eos_token_id`:151645 for open-end generation.
Setting `pad_token_id` to `eos_token_id`:151645 for open-end generation.
Setting `pad_token_id` to `eos_token_id`:151645 for open-end generation.
Setting `pad_token_id` to `eos_token_id`:151645 for open-end generation.
Setting `pad_token_id` to `eos_token_id`:151645 for open-end generation.
Setting `pad_token_id` to `eos_token_id`:151645 for open-end generation.
Setting `pad_token_id` to `eos_token_id`:151645 for open-end generation.
Setting `pad_token_id` to `eos_token_id`:151645 for open-end generation.
Setting `pad_token_id` to `eos_token_id`:151645 for open-end generation.
Setting `pad_token_id` to `eos_token_id`:151645 for open-end generation.
Setting `pad_token_id` to `eos_token_id`:151645 for open-end generation.
Setting `pad_token_id` to `eos_token_id`:151645 for open-end generation.
Setting `pad_token_id` to `eos_token_id`:151645 for open-end generation.
Setting `pad_token_id` to `eos_token_id`:151645 for open-end generation.
Setting `pad_token_id` to `eos_token_id`:151645 for open-end generation.
Setting `pad_token_id` to `eos_token_id`:151645 for open-end generation.
Setting `pad_token_id` to `eos_token_id`:151645 for open-end generation.
Setting `pad_token_id` to `eos_token_id`:151645 for open-end generation.
Setting `pad_token_id` to `eos_token_id`:151645 for open-end generation.
Setting `pad_token_id` to `eos_token_id`:151645 for open-end generation.
Setting `pad_token_id` to `eos_token_id`:151645 for open-end generation.
Setting `pad_token_id` to `eos_token_id`:151645 for open-end generation.
Setting `pad_token_id` to `eos_token_id`:151645 for open-end generation.
Setting `pad_token_id` to `eos_token_id`:151645 for open-end generation.
Setting `pad_token_id` to `eos_token_id`:151645 for open-end generation.
Setting `pad_token_id` to `eos_token_id`:151645 for open-end generation.
Setting `pad_token_id` to `eos_token_id`:151645 for open-end generation.
Setting `pad_token_id` to `eos_token_id`:151645 for open-end generation.
Setting `pad_token_id` to `eos_token_id`:151645 for open-end generation.
Setting `pad_token_id` to `eos_token_id`:151645 for open-end generation.
Setting `pad_token_id` to `eos_token_id`:151645 for open-end generation.
Setting `pad_token_id` to `eos_token_id`:151645 for open-end generation.
Setting `pad_token_id` to `eos_token_id`:151645 for open-end generation.
Setting `pad_token_id` to `eos_token_id`:151645 for open-end generation.
Setting `pad_token_id` to `eos_token_id`:151645 for open-end generation.
Setting `pad_token_id` to `eos_token_id`:151645 for open-end generation.
Setting `pad_token_id` to `eos_token_id`:151645 for open-end generation.
Setting `pad_token_id` to `eos_token_id`:151645 for open-end generation.
Setting `pad_token_id` to `eos_token_id`:151645 for open-end generation.
Setting `pad_token_id` to `eos_token_id`:151645 for open-end generation.
Setting `pad_token_id` to `eos_token_id`:151645 for open-end generation.
Setting `pad_token_id` to `eos_token_id`:151645 for open-end generation.
Setting `pad_token_id` to `eos_token_id`:151645 for open-end generation.
Setting `pad_token_id` to `eos_token_id`:151645 for open-end generation.
Setting `pad_token_id` to `eos_token_id`:151645 for open-end generation.
Setting `pad_token_id` to `eos_token_id`:151645 for open-end generation.
Setting `pad_token_id` to `eos_token_id`:151645 for open-end generation.
Setting `pad_token_id` to `eos_token_id`:151645 for open-end generation.
Setting `pad_token_id` to `eos_token_id`:151645 for open-end generation.
Setting `pad_token_id` to `eos_token_id`:151645 for open-end generation.
Setting `pad_token_id` to `eos_token_id`:151645 for open-end generation.
Setting `pad_token_id` to `eos_token_id`:151645 for open-end generation.
Setting `pad_token_id` to `eos_token_id`:151645 for open-end generation.
Setting `pad_token_id` to `eos_token_id`:151645 for open-end generation.
Setting `pad_token_id` to `eos_token_id`:151645 for open-end generation.
Setting `pad_token_id` to `eos_token_id`:151645 for open-end generation.
Setting `pad_token_id` to `eos_token_id`:151645 for open-end generation.
Setting `pad_token_id` to `eos_token_id`:151645 for open-end generation.
Setting `pad_token_id` to `eos_token_id`:151645 for open-end generation.
Setting `pad_token_id` to `eos_token_id`:151645 for open-end generation.
Setting `pad_token_id` to `eos_token_id`:151645 for open-end generation.
Setting `pad_token_id` to `eos_token_id`:151645 for open-end generation.
Setting `pad_token_id` to `eos_token_id`:151645 for open-end generation.
Setting `pad_token_id` to `eos_token_id`:151645 for open-end generation.
Setting `pad_token_id` to `eos_token_id`:151645 for open-end generation.
Setting `pad_token_id` to `eos_token_id`:151645 for open-end generation.
Setting `pad_token_id` to `eos_token_id`:151645 for open-end generation.
Setting `pad_token_id` to `eos_token_id`:151645 for open-end generation.
Setting `pad_token_id` to `eos_token_id`:151645 for open-end generation.
Setting `pad_token_id` to `eos_token_id`:151645 for open-end generation.
Setting `pad_token_id` to `eos_token_id`:151645 for open-end generation.
Setting `pad_token_id` to `eos_token_id`:151645 for open-end generation.
Setting `pad_token_id` to `eos_token_id`:151645 for open-end generation.
Setting `pad_token_id` to `eos_token_id`:151645 for open-end generation.
Setting `pad_token_id` to `eos_token_id`:151645 for open-end generation.
Setting `pad_token_id` to `eos_token_id`:151645 for open-end generation.
Setting `pad_token_id` to `eos_token_id`:151645 for open-end generation.
Setting `pad_token_id` to `eos_token_id`:151645 for open-end generation.
Setting `pad_token_id` to `eos_token_id`:151645 for open-end generation.
Setting `pad_token_id` to `eos_token_id`:151645 for open-end generation.
Setting `pad_token_id` to `eos_token_id`:151645 for open-end generation.
Setting `pad_token_id` to `eos_token_id`:151645 for open-end generation.
Setting `pad_token_id` to `eos_token_id`:151645 for open-end generation.
Setting `pad_token_id` to `eos_token_id`:151645 for open-end generation.
Setting `pad_token_id` to `eos_token_id`:151645 for open-end generation.
Setting `pad_token_id` to `eos_token_id`:151645 for open-end generation.
Setting `pad_token_id` to `eos_token_id`:151645 for open-end generation.
Setting `pad_token_id` to `eos_token_id`:151645 for open-end generation.
Setting `pad_token_id` to `eos_token_id`:151645 for open-end generation.
Setting `pad_token_id` to `eos_token_id`:151645 for open-end generation.
Setting `pad_token_id` to `eos_token_id`:151645 for open-end generation.
Setting `pad_token_id` to `eos_token_id`:151645 for open-end generation.
Setting `pad_token_id` to `eos_token_id`:151645 for open-end generation.
Setting `pad_token_id` to `eos_token_id`:151645 for open-end generation.
Setting `pad_token_id` to `eos_token_id`:151645 for open-end generation.
Setting `pad_token_id` to `eos_token_id`:151645 for open-end generation.
Setting `pad_token_id` to `eos_token_id`:151645 for open-end generation.
Setting `pad_token_id` to `eos_token_id`:151645 for open-end generation.
Setting `pad_token_id` to `eos_token_id`:151645 for open-end generation.
Setting `pad_token_id` to `eos_token_id`:151645 for open-end generation.
Setting `pad_token_id` to `eos_token_id`:151645 for open-end generation.
Setting `pad_token_id` to `eos_token_id`:151645 for open-end generation.
Setting `pad_token_id` to `eos_token_id`:151645 for open-end generation.
Setting `pad_token_id` to `eos_token_id`:151645 for open-end generation.
Setting `pad_token_id` to `eos_token_id`:151645 for open-end generation.
Setting `pad_token_id` to `eos_token_id`:151645 for open-end generation.
Setting `pad_token_id` to `eos_token_id`:151645 for open-end generation.
Setting `pad_token_id` to `eos_token_id`:151645 for open-end generation.
Setting `pad_token_id` to `eos_token_id`:151645 for open-end generation.
Setting `pad_token_id` to `eos_token_id`:151645 for open-end generation.
Setting `pad_token_id` to `eos_token_id`:151645 for open-end generation.
Setting `pad_token_id` to `eos_token_id`:151645 for open-end generation.
Setting `pad_token_id` to `eos_token_id`:151645 for open-end generation.
Setting `pad_token_id` to `eos_token_id`:151645 for open-end generation.
Setting `pad_token_id` to `eos_token_id`:151645 for open-end generation.
Setting `pad_token_id` to `eos_token_id`:151645 for open-end generation.
Setting `pad_token_id` to `eos_token_id`:151645 for open-end generation.
Setting `pad_token_id` to `eos_token_id`:151645 for open-end generation.
Setting `pad_token_id` to `eos_token_id`:151645 for open-end generation.
Setting `pad_token_id` to `eos_token_id`:151645 for open-end generation.
Setting `pad_token_id` to `eos_token_id`:151645 for open-end generation.
Setting `pad_token_id` to `eos_token_id`:151645 for open-end generation.
Setting `pad_token_id` to `eos_token_id`:151645 for open-end generation.
Setting `pad_token_id` to `eos_token_id`:151645 for open-end generation.
Setting `pad_token_id` to `eos_token_id`:151645 for open-end generation.
Setting `pad_token_id` to `eos_token_id`:151645 for open-end generation.
Setting `pad_token_id` to `eos_token_id`:151645 for open-end generation.
Setting `pad_token_id` to `eos_token_id`:151645 for open-end generation.
Setting `pad_token_id` to `eos_token_id`:151645 for open-end generation.
Setting `pad_token_id` to `eos_token_id`:151645 for open-end generation.
Setting `pad_token_id` to `eos_token_id`:151645 for open-end generation.
Setting `pad_token_id` to `eos_token_id`:151645 for open-end generation.
Setting `pad_token_id` to `eos_token_id`:151645 for open-end generation.
Setting `pad_token_id` to `eos_token_id`:151645 for open-end generation.
Setting `pad_token_id` to `eos_token_id`:151645 for open-end generation.
Setting `pad_token_id` to `eos_token_id`:151645 for open-end generation.
Setting `pad_token_id` to `eos_token_id`:151645 for open-end generation.
Setting `pad_token_id` to `eos_token_id`:151645 for open-end generation.
Setting `pad_token_id` to `eos_token_id`:151645 for open-end generation.
Setting `pad_token_id` to `eos_token_id`:151645 for open-end generation.
Setting `pad_token_id` to `eos_token_id`:151645 for open-end generation.
Setting `pad_token_id` to `eos_token_id`:151645 for open-end generation.
Setting `pad_token_id` to `eos_token_id`:151645 for open-end generation.
Setting `pad_token_id` to `eos_token_id`:151645 for open-end generation.
Setting `pad_token_id` to `eos_token_id`:151645 for open-end generation.
Setting `pad_token_id` to `eos_token_id`:151645 for open-end generation.
Setting `pad_token_id` to `eos_token_id`:151645 for open-end generation.
Setting `pad_token_id` to `eos_token_id`:151645 for open-end generation.
Setting `pad_token_id` to `eos_token_id`:151645 for open-end generation.
Setting `pad_token_id` to `eos_token_id`:151645 for open-end generation.
Setting `pad_token_id` to `eos_token_id`:151645 for open-end generation.
Setting `pad_token_id` to `eos_token_id`:151645 for open-end generation.
Setting `pad_token_id` to `eos_token_id`:151645 for open-end generation.
Setting `pad_token_id` to `eos_token_id`:151645 for open-end generation.
Setting `pad_token_id` to `eos_token_id`:151645 for open-end generation.
Setting `pad_token_id` to `eos_token_id`:151645 for open-end generation.
Setting `pad_token_id` to `eos_token_id`:151645 for open-end generation.
Setting `pad_token_id` to `eos_token_id`:151645 for open-end generation.
Setting `pad_token_id` to `eos_token_id`:151645 for open-end generation.
Setting `pad_token_id` to `eos_token_id`:151645 for open-end generation.
Setting `pad_token_id` to `eos_token_id`:151645 for open-end generation.
Setting `pad_token_id` to `eos_token_id`:151645 for open-end generation.
Setting `pad_token_id` to `eos_token_id`:151645 for open-end generation.
Setting `pad_token_id` to `eos_token_id`:151645 for open-end generation.
Setting `pad_token_id` to `eos_token_id`:151645 for open-end generation.
Setting `pad_token_id` to `eos_token_id`:151645 for open-end generation.
Setting `pad_token_id` to `eos_token_id`:151645 for open-end generation.
Setting `pad_token_id` to `eos_token_id`:151645 for open-end generation.
Setting `pad_token_id` to `eos_token_id`:151645 for open-end generation.
Setting `pad_token_id` to `eos_token_id`:151645 for open-end generation.
Setting `pad_token_id` to `eos_token_id`:151645 for open-end generation.
Setting `pad_token_id` to `eos_token_id`:151645 for open-end generation.
Setting `pad_token_id` to `eos_token_id`:151645 for open-end generation.
Setting `pad_token_id` to `eos_token_id`:151645 for open-end generation.
Setting `pad_token_id` to `eos_token_id`:151645 for open-end generation.
Setting `pad_token_id` to `eos_token_id`:151645 for open-end generation.
Setting `pad_token_id` to `eos_token_id`:151645 for open-end generation.
Setting `pad_token_id` to `eos_token_id`:151645 for open-end generation.
Setting `pad_token_id` to `eos_token_id`:151645 for open-end generation.
Setting `pad_token_id` to `eos_token_id`:151645 for open-end generation.
Setting `pad_token_id` to `eos_token_id`:151645 for open-end generation.
Setting `pad_token_id` to `eos_token_id`:151645 for open-end generation.
Setting `pad_token_id` to `eos_token_id`:151645 for open-end generation.
Setting `pad_token_id` to `eos_token_id`:151645 for open-end generation.
Setting `pad_token_id` to `eos_token_id`:151645 for open-end generation.
Setting `pad_token_id` to `eos_token_id`:151645 for open-end generation.
Setting `pad_token_id` to `eos_token_id`:151645 for open-end generation.
Setting `pad_token_id` to `eos_token_id`:151645 for open-end generation.
Setting `pad_token_id` to `eos_token_id`:151645 for open-end generation.
Setting `pad_token_id` to `eos_token_id`:151645 for open-end generation.
Setting `pad_token_id` to `eos_token_id`:151645 for open-end generation.
Setting `pad_token_id` to `eos_token_id`:151645 for open-end generation.
Setting `pad_token_id` to `eos_token_id`:151645 for open-end generation.
Setting `pad_token_id` to `eos_token_id`:151645 for open-end generation.
Setting `pad_token_id` to `eos_token_id`:151645 for open-end generation.
Setting `pad_token_id` to `eos_token_id`:151645 for open-end generation.
Setting `pad_token_id` to `eos_token_id`:151645 for open-end generation.
Setting `pad_token_id` to `eos_token_id`:151645 for open-end generation.
Setting `pad_token_id` to `eos_token_id`:151645 for open-end generation.
Setting `pad_token_id` to `eos_token_id`:151645 for open-end generation.
Setting `pad_token_id` to `eos_token_id`:151645 for open-end generation.
Setting `pad_token_id` to `eos_token_id`:151645 for open-end generation.
Setting `pad_token_id` to `eos_token_id`:151645 for open-end generation.
Setting `pad_token_id` to `eos_token_id`:151645 for open-end generation.
Setting `pad_token_id` to `eos_token_id`:151645 for open-end generation.
Setting `pad_token_id` to `eos_token_id`:151645 for open-end generation.
Setting `pad_token_id` to `eos_token_id`:151645 for open-end generation.
Setting `pad_token_id` to `eos_token_id`:151645 for open-end generation.
Setting `pad_token_id` to `eos_token_id`:151645 for open-end generation.
Setting `pad_token_id` to `eos_token_id`:151645 for open-end generation.
Setting `pad_token_id` to `eos_token_id`:151645 for open-end generation.
Setting `pad_token_id` to `eos_token_id`:151645 for open-end generation.
Setting `pad_token_id` to `eos_token_id`:151645 for open-end generation.
Setting `pad_token_id` to `eos_token_id`:151645 for open-end generation.
Setting `pad_token_id` to `eos_token_id`:151645 for open-end generation.
Setting `pad_token_id` to `eos_token_id`:151645 for open-end generation.
Setting `pad_token_id` to `eos_token_id`:151645 for open-end generation.
Setting `pad_token_id` to `eos_token_id`:151645 for open-end generation.
Setting `pad_token_id` to `eos_token_id`:151645 for open-end generation.
Setting `pad_token_id` to `eos_token_id`:151645 for open-end generation.
Setting `pad_token_id` to `eos_token_id`:151645 for open-end generation.
Setting `pad_token_id` to `eos_token_id`:151645 for open-end generation.
Setting `pad_token_id` to `eos_token_id`:151645 for open-end generation.
Setting `pad_token_id` to `eos_token_id`:151645 for open-end generation.
Setting `pad_token_id` to `eos_token_id`:151645 for open-end generation.
Setting `pad_token_id` to `eos_token_id`:151645 for open-end generation.
Setting `pad_token_id` to `eos_token_id`:151645 for open-end generation.
Setting `pad_token_id` to `eos_token_id`:151645 for open-end generation.
Setting `pad_token_id` to `eos_token_id`:151645 for open-end generation.
Setting `pad_token_id` to `eos_token_id`:151645 for open-end generation.
Setting `pad_token_id` to `eos_token_id`:151645 for open-end generation.
Setting `pad_token_id` to `eos_token_id`:151645 for open-end generation.
Setting `pad_token_id` to `eos_token_id`:151645 for open-end generation.
Setting `pad_token_id` to `eos_token_id`:151645 for open-end generation.
Setting `pad_token_id` to `eos_token_id`:151645 for open-end generation.
Setting `pad_token_id` to `eos_token_id`:151645 for open-end generation.
Setting `pad_token_id` to `eos_token_id`:151645 for open-end generation.
Setting `pad_token_id` to `eos_token_id`:151645 for open-end generation.
Setting `pad_token_id` to `eos_token_id`:151645 for open-end generation.
Setting `pad_token_id` to `eos_token_id`:151645 for open-end generation.
Setting `pad_token_id` to `eos_token_id`:151645 for open-end generation.
Setting `pad_token_id` to `eos_token_id`:151645 for open-end generation.
Setting `pad_token_id` to `eos_token_id`:151645 for open-end generation.
Setting `pad_token_id` to `eos_token_id`:151645 for open-end generation.
Setting `pad_token_id` to `eos_token_id`:151645 for open-end generation.
Setting `pad_token_id` to `eos_token_id`:151645 for open-end generation.
Setting `pad_token_id` to `eos_token_id`:151645 for open-end generation.
Setting `pad_token_id` to `eos_token_id`:151645 for open-end generation.
Setting `pad_token_id` to `eos_token_id`:151645 for open-end generation.
Setting `pad_token_id` to `eos_token_id`:151645 for open-end generation.
Setting `pad_token_id` to `eos_token_id`:151645 for open-end generation.
Setting `pad_token_id` to `eos_token_id`:151645 for open-end generation.
Setting `pad_token_id` to `eos_token_id`:151645 for open-end generation.
Setting `pad_token_id` to `eos_token_id`:151645 for open-end generation.
Setting `pad_token_id` to `eos_token_id`:151645 for open-end generation.
Setting `pad_token_id` to `eos_token_id`:151645 for open-end generation.
Setting `pad_token_id` to `eos_token_id`:151645 for open-end generation.
Setting `pad_token_id` to `eos_token_id`:151645 for open-end generation.
Setting `pad_token_id` to `eos_token_id`:151645 for open-end generation.
Setting `pad_token_id` to `eos_token_id`:151645 for open-end generation.
Setting `pad_token_id` to `eos_token_id`:151645 for open-end generation.
Setting `pad_token_id` to `eos_token_id`:151645 for open-end generation.
Setting `pad_token_id` to `eos_token_id`:151645 for open-end generation.
Setting `pad_token_id` to `eos_token_id`:151645 for open-end generation.
Setting `pad_token_id` to `eos_token_id`:151645 for open-end generation.
Setting `pad_token_id` to `eos_token_id`:151645 for open-end generation.
Setting `pad_token_id` to `eos_token_id`:151645 for open-end generation.
Setting `pad_token_id` to `eos_token_id`:151645 for open-end generation.
Setting `pad_token_id` to `eos_token_id`:151645 for open-end generation.
Setting `pad_token_id` to `eos_token_id`:151645 for open-end generation.
Setting `pad_token_id` to `eos_token_id`:151645 for open-end generation.
Setting `pad_token_id` to `eos_token_id`:151645 for open-end generation.
Setting `pad_token_id` to `eos_token_id`:151645 for open-end generation.
Setting `pad_token_id` to `eos_token_id`:151645 for open-end generation.
Setting `pad_token_id` to `eos_token_id`:151645 for open-end generation.
Setting `pad_token_id` to `eos_token_id`:151645 for open-end generation.
Setting `pad_token_id` to `eos_token_id`:151645 for open-end generation.
Setting `pad_token_id` to `eos_token_id`:151645 for open-end generation.
Setting `pad_token_id` to `eos_token_id`:151645 for open-end generation.
Setting `pad_token_id` to `eos_token_id`:151645 for open-end generation.
Setting `pad_token_id` to `eos_token_id`:151645 for open-end generation.
Setting `pad_token_id` to `eos_token_id`:151645 for open-end generation.
Setting `pad_token_id` to `eos_token_id`:151645 for open-end generation.
Setting `pad_token_id` to `eos_token_id`:151645 for open-end generation.
Setting `pad_token_id` to `eos_token_id`:151645 for open-end generation.
Setting `pad_token_id` to `eos_token_id`:151645 for open-end generation.
Setting `pad_token_id` to `eos_token_id`:151645 for open-end generation.
Setting `pad_token_id` to `eos_token_id`:151645 for open-end generation.
Setting `pad_token_id` to `eos_token_id`:151645 for open-end generation.
Setting `pad_token_id` to `eos_token_id`:151645 for open-end generation.
Setting `pad_token_id` to `eos_token_id`:151645 for open-end generation.
Setting `pad_token_id` to `eos_token_id`:151645 for open-end generation.
Setting `pad_token_id` to `eos_token_id`:151645 for open-end generation.
Setting `pad_token_id` to `eos_token_id`:151645 for open-end generation.
Setting `pad_token_id` to `eos_token_id`:151645 for open-end generation.
Setting `pad_token_id` to `eos_token_id`:151645 for open-end generation.
Setting `pad_token_id` to `eos_token_id`:151645 for open-end generation.
Setting `pad_token_id` to `eos_token_id`:151645 for open-end generation.
Setting `pad_token_id` to `eos_token_id`:151645 for open-end generation.
Setting `pad_token_id` to `eos_token_id`:151645 for open-end generation.
Setting `pad_token_id` to `eos_token_id`:151645 for open-end generation.
Setting `pad_token_id` to `eos_token_id`:151645 for open-end generation.
Setting `pad_token_id` to `eos_token_id`:151645 for open-end generation.
Setting `pad_token_id` to `eos_token_id`:151645 for open-end generation.
Setting `pad_token_id` to `eos_token_id`:151645 for open-end generation.
Setting `pad_token_id` to `eos_token_id`:151645 for open-end generation.
Setting `pad_token_id` to `eos_token_id`:151645 for open-end generation.
Setting `pad_token_id` to `eos_token_id`:151645 for open-end generation.
Setting `pad_token_id` to `eos_token_id`:151645 for open-end generation.
Setting `pad_token_id` to `eos_token_id`:151645 for open-end generation.
Setting `pad_token_id` to `eos_token_id`:151645 for open-end generation.
Setting `pad_token_id` to `eos_token_id`:151645 for open-end generation.
Setting `pad_token_id` to `eos_token_id`:151645 for open-end generation.
Setting `pad_token_id` to `eos_token_id`:151645 for open-end generation.
Setting `pad_token_id` to `eos_token_id`:151645 for open-end generation.
Setting `pad_token_id` to `eos_token_id`:151645 for open-end generation.
Setting `pad_token_id` to `eos_token_id`:151645 for open-end generation.
Setting `pad_token_id` to `eos_token_id`:151645 for open-end generation.
Setting `pad_token_id` to `eos_token_id`:151645 for open-end generation.
Setting `pad_token_id` to `eos_token_id`:151645 for open-end generation.
Setting `pad_token_id` to `eos_token_id`:151645 for open-end generation.
Setting `pad_token_id` to `eos_token_id`:151645 for open-end generation.
Setting `pad_token_id` to `eos_token_id`:151645 for open-end generation.
Setting `pad_token_id` to `eos_token_id`:151645 for open-end generation.
Setting `pad_token_id` to `eos_token_id`:151645 for open-end generation.
Setting `pad_token_id` to `eos_token_id`:151645 for open-end generation.
Setting `pad_token_id` to `eos_token_id`:151645 for open-end generation.
Setting `pad_token_id` to `eos_token_id`:151645 for open-end generation.
Setting `pad_token_id` to `eos_token_id`:151645 for open-end generation.
Setting `pad_token_id` to `eos_token_id`:151645 for open-end generation.
Setting `pad_token_id` to `eos_token_id`:151645 for open-end generation.
Setting `pad_token_id` to `eos_token_id`:151645 for open-end generation.
Setting `pad_token_id` to `eos_token_id`:151645 for open-end generation.
Setting `pad_token_id` to `eos_token_id`:151645 for open-end generation.
Setting `pad_token_id` to `eos_token_id`:151645 for open-end generation.
Setting `pad_token_id` to `eos_token_id`:151645 for open-end generation.
Setting `pad_token_id` to `eos_token_id`:151645 for open-end generation.
Setting `pad_token_id` to `eos_token_id`:151645 for open-end generation.
Setting `pad_token_id` to `eos_token_id`:151645 for open-end generation.
Setting `pad_token_id` to `eos_token_id`:151645 for open-end generation.
Setting `pad_token_id` to `eos_token_id`:151645 for open-end generation.
Setting `pad_token_id` to `eos_token_id`:151645 for open-end generation.
Setting `pad_token_id` to `eos_token_id`:151645 for open-end generation.
Setting `pad_token_id` to `eos_token_id`:151645 for open-end generation.
Setting `pad_token_id` to `eos_token_id`:151645 for open-end generation.
Setting `pad_token_id` to `eos_token_id`:151645 for open-end generation.
Setting `pad_token_id` to `eos_token_id`:151645 for open-end generation.
Setting `pad_token_id` to `eos_token_id`:151645 for open-end generation.
Setting `pad_token_id` to `eos_token_id`:151645 for open-end generation.
Setting `pad_token_id` to `eos_token_id`:151645 for open-end generation.
Setting `pad_token_id` to `eos_token_id`:151645 for open-end generation.
Setting `pad_token_id` to `eos_token_id`:151645 for open-end generation.
Setting `pad_token_id` to `eos_token_id`:151645 for open-end generation.
Setting `pad_token_id` to `eos_token_id`:151645 for open-end generation.
Setting `pad_token_id` to `eos_token_id`:151645 for open-end generation.
Setting `pad_token_id` to `eos_token_id`:151645 for open-end generation.
Setting `pad_token_id` to `eos_token_id`:151645 for open-end generation.
Setting `pad_token_id` to `eos_token_id`:151645 for open-end generation.
Setting `pad_token_id` to `eos_token_id`:151645 for open-end generation.
Setting `pad_token_id` to `eos_token_id`:151645 for open-end generation.
Setting `pad_token_id` to `eos_token_id`:151645 for open-end generation.
Setting `pad_token_id` to `eos_token_id`:151645 for open-end generation.
Setting `pad_token_id` to `eos_token_id`:151645 for open-end generation.
Setting `pad_token_id` to `eos_token_id`:151645 for open-end generation.
Setting `pad_token_id` to `eos_token_id`:151645 for open-end generation.
Setting `pad_token_id` to `eos_token_id`:151645 for open-end generation.
Setting `pad_token_id` to `eos_token_id`:151645 for open-end generation.
Setting `pad_token_id` to `eos_token_id`:151645 for open-end generation.
Setting `pad_token_id` to `eos_token_id`:151645 for open-end generation.
Setting `pad_token_id` to `eos_token_id`:151645 for open-end generation.
Setting `pad_token_id` to `eos_token_id`:151645 for open-end generation.
Setting `pad_token_id` to `eos_token_id`:151645 for open-end generation.
Setting `pad_token_id` to `eos_token_id`:151645 for open-end generation.
Setting `pad_token_id` to `eos_token_id`:151645 for open-end generation.
Setting `pad_token_id` to `eos_token_id`:151645 for open-end generation.
Setting `pad_token_id` to `eos_token_id`:151645 for open-end generation.
Setting `pad_token_id` to `eos_token_id`:151645 for open-end generation.
Setting `pad_token_id` to `eos_token_id`:151645 for open-end generation.
Setting `pad_token_id` to `eos_token_id`:151645 for open-end generation.
Setting `pad_token_id` to `eos_token_id`:151645 for open-end generation.
Setting `pad_token_id` to `eos_token_id`:151645 for open-end generation.
Setting `pad_token_id` to `eos_token_id`:151645 for open-end generation.
Setting `pad_token_id` to `eos_token_id`:151645 for open-end generation.
Setting `pad_token_id` to `eos_token_id`:151645 for open-end generation.
Setting `pad_token_id` to `eos_token_id`:151645 for open-end generation.
Setting `pad_token_id` to `eos_token_id`:151645 for open-end generation.
Setting `pad_token_id` to `eos_token_id`:151645 for open-end generation.
Setting `pad_token_id` to `eos_token_id`:151645 for open-end generation.
Setting `pad_token_id` to `eos_token_id`:151645 for open-end generation.
Setting `pad_token_id` to `eos_token_id`:151645 for open-end generation.
Setting `pad_token_id` to `eos_token_id`:151645 for open-end generation.
Setting `pad_token_id` to `eos_token_id`:151645 for open-end generation.
Setting `pad_token_id` to `eos_token_id`:151645 for open-end generation.
Setting `pad_token_id` to `eos_token_id`:151645 for open-end generation.
Setting `pad_token_id` to `eos_token_id`:151645 for open-end generation.
Setting `pad_token_id` to `eos_token_id`:151645 for open-end generation.
Setting `pad_token_id` to `eos_token_id`:151645 for open-end generation.
Setting `pad_token_id` to `eos_token_id`:151645 for open-end generation.
Setting `pad_token_id` to `eos_token_id`:151645 for open-end generation.
Setting `pad_token_id` to `eos_token_id`:151645 for open-end generation.
Setting `pad_token_id` to `eos_token_id`:151645 for open-end generation.
Setting `pad_token_id` to `eos_token_id`:151645 for open-end generation.
Setting `pad_token_id` to `eos_token_id`:151645 for open-end generation.
Setting `pad_token_id` to `eos_token_id`:151645 for open-end generation.
Setting `pad_token_id` to `eos_token_id`:151645 for open-end generation.
Setting `pad_token_id` to `eos_token_id`:151645 for open-end generation.
Setting `pad_token_id` to `eos_token_id`:151645 for open-end generation.
Setting `pad_token_id` to `eos_token_id`:151645 for open-end generation.
Setting `pad_token_id` to `eos_token_id`:151645 for open-end generation.
Setting `pad_token_id` to `eos_token_id`:151645 for open-end generation.
Setting `pad_token_id` to `eos_token_id`:151645 for open-end generation.
Setting `pad_token_id` to `eos_token_id`:151645 for open-end generation.
Setting `pad_token_id` to `eos_token_id`:151645 for open-end generation.
Setting `pad_token_id` to `eos_token_id`:151645 for open-end generation.
Setting `pad_token_id` to `eos_token_id`:151645 for open-end generation.
Setting `pad_token_id` to `eos_token_id`:151645 for open-end generation.
Setting `pad_token_id` to `eos_token_id`:151645 for open-end generation.
Setting `pad_token_id` to `eos_token_id`:151645 for open-end generation.
Setting `pad_token_id` to `eos_token_id`:151645 for open-end generation.
Setting `pad_token_id` to `eos_token_id`:151645 for open-end generation.
Setting `pad_token_id` to `eos_token_id`:151645 for open-end generation.
Setting `pad_token_id` to `eos_token_id`:151645 for open-end generation.
Setting `pad_token_id` to `eos_token_id`:151645 for open-end generation.
Setting `pad_token_id` to `eos_token_id`:151645 for open-end generation.
Setting `pad_token_id` to `eos_token_id`:151645 for open-end generation.
Setting `pad_token_id` to `eos_token_id`:151645 for open-end generation.
Setting `pad_token_id` to `eos_token_id`:151645 for open-end generation.
Setting `pad_token_id` to `eos_token_id`:151645 for open-end generation.
Setting `pad_token_id` to `eos_token_id`:151645 for open-end generation.
Setting `pad_token_id` to `eos_token_id`:151645 for open-end generation.
Setting `pad_token_id` to `eos_token_id`:151645 for open-end generation.
Setting `pad_token_id` to `eos_token_id`:151645 for open-end generation.
Setting `pad_token_id` to `eos_token_id`:151645 for open-end generation.
Setting `pad_token_id` to `eos_token_id`:151645 for open-end generation.
Setting `pad_token_id` to `eos_token_id`:151645 for open-end generation.
Setting `pad_token_id` to `eos_token_id`:151645 for open-end generation.
Setting `pad_token_id` to `eos_token_id`:151645 for open-end generation.
Setting `pad_token_id` to `eos_token_id`:151645 for open-end generation.
Setting `pad_token_id` to `eos_token_id`:151645 for open-end generation.
Setting `pad_token_id` to `eos_token_id`:151645 for open-end generation.
Setting `pad_token_id` to `eos_token_id`:151645 for open-end generation.
Setting `pad_token_id` to `eos_token_id`:151645 for open-end generation.
Setting `pad_token_id` to `eos_token_id`:151645 for open-end generation.
Setting `pad_token_id` to `eos_token_id`:151645 for open-end generation.
Setting `pad_token_id` to `eos_token_id`:151645 for open-end generation.
Setting `pad_token_id` to `eos_token_id`:151645 for open-end generation.
Setting `pad_token_id` to `eos_token_id`:151645 for open-end generation.
Setting `pad_token_id` to `eos_token_id`:151645 for open-end generation.
Setting `pad_token_id` to `eos_token_id`:151645 for open-end generation.
Setting `pad_token_id` to `eos_token_id`:151645 for open-end generation.
Setting `pad_token_id` to `eos_token_id`:151645 for open-end generation.
Setting `pad_token_id` to `eos_token_id`:151645 for open-end generation.
Setting `pad_token_id` to `eos_token_id`:151645 for open-end generation.
Setting `pad_token_id` to `eos_token_id`:151645 for open-end generation.
Setting `pad_token_id` to `eos_token_id`:151645 for open-end generation.
Setting `pad_token_id` to `eos_token_id`:151645 for open-end generation.
Setting `pad_token_id` to `eos_token_id`:151645 for open-end generation.
Setting `pad_token_id` to `eos_token_id`:151645 for open-end generation.
Setting `pad_token_id` to `eos_token_id`:151645 for open-end generation.
Setting `pad_token_id` to `eos_token_id`:151645 for open-end generation.
Setting `pad_token_id` to `eos_token_id`:151645 for open-end generation.
Setting `pad_token_id` to `eos_token_id`:151645 for open-end generation.
Setting `pad_token_id` to `eos_token_id`:151645 for open-end generation.
Setting `pad_token_id` to `eos_token_id`:151645 for open-end generation.
Setting `pad_token_id` to `eos_token_id`:151645 for open-end generation.
Setting `pad_token_id` to `eos_token_id`:151645 for open-end generation.
Setting `pad_token_id` to `eos_token_id`:151645 for open-end generation.
Setting `pad_token_id` to `eos_token_id`:151645 for open-end generation.
Setting `pad_token_id` to `eos_token_id`:151645 for open-end generation.
Setting `pad_token_id` to `eos_token_id`:151645 for open-end generation.
Setting `pad_token_id` to `eos_token_id`:151645 for open-end generation.
Setting `pad_token_id` to `eos_token_id`:151645 for open-end generation.
Setting `pad_token_id` to `eos_token_id`:151645 for open-end generation.
Setting `pad_token_id` to `eos_token_id`:151645 for open-end generation.
Setting `pad_token_id` to `eos_token_id`:151645 for open-end generation.
Setting `pad_token_id` to `eos_token_id`:151645 for open-end generation.
Setting `pad_token_id` to `eos_token_id`:151645 for open-end generation.
Setting `pad_token_id` to `eos_token_id`:151645 for open-end generation.
Setting `pad_token_id` to `eos_token_id`:151645 for open-end generation.
Setting `pad_token_id` to `eos_token_id`:151645 for open-end generation.
Setting `pad_token_id` to `eos_token_id`:151645 for open-end generation.
Setting `pad_token_id` to `eos_token_id`:151645 for open-end generation.
Setting `pad_token_id` to `eos_token_id`:151645 for open-end generation.
Setting `pad_token_id` to `eos_token_id`:151645 for open-end generation.
Setting `pad_token_id` to `eos_token_id`:151645 for open-end generation.
Setting `pad_token_id` to `eos_token_id`:151645 for open-end generation.
Setting `pad_token_id` to `eos_token_id`:151645 for open-end generation.
Setting `pad_token_id` to `eos_token_id`:151645 for open-end generation.
Setting `pad_token_id` to `eos_token_id`:151645 for open-end generation.
Setting `pad_token_id` to `eos_token_id`:151645 for open-end generation.
Setting `pad_token_id` to `eos_token_id`:151645 for open-end generation.
Setting `pad_token_id` to `eos_token_id`:151645 for open-end generation.
Setting `pad_token_id` to `eos_token_id`:151645 for open-end generation.
Setting `pad_token_id` to `eos_token_id`:151645 for open-end generation.
Setting `pad_token_id` to `eos_token_id`:151645 for open-end generation.
Setting `pad_token_id` to `eos_token_id`:151645 for open-end generation.
Setting `pad_token_id` to `eos_token_id`:151645 for open-end generation.
Setting `pad_token_id` to `eos_token_id`:151645 for open-end generation.
Setting `pad_token_id` to `eos_token_id`:151645 for open-end generation.
Setting `pad_token_id` to `eos_token_id`:151645 for open-end generation.
Setting `pad_token_id` to `eos_token_id`:151645 for open-end generation.
Setting `pad_token_id` to `eos_token_id`:151645 for open-end generation.
Setting `pad_token_id` to `eos_token_id`:151645 for open-end generation.
Setting `pad_token_id` to `eos_token_id`:151645 for open-end generation.
Setting `pad_token_id` to `eos_token_id`:151645 for open-end generation.
Setting `pad_token_id` to `eos_token_id`:151645 for open-end generation.
Setting `pad_token_id` to `eos_token_id`:151645 for open-end generation.
Setting `pad_token_id` to `eos_token_id`:151645 for open-end generation.
Setting `pad_token_id` to `eos_token_id`:151645 for open-end generation.
Setting `pad_token_id` to `eos_token_id`:151645 for open-end generation.
Setting `pad_token_id` to `eos_token_id`:151645 for open-end generation.
Setting `pad_token_id` to `eos_token_id`:151645 for open-end generation.
Setting `pad_token_id` to `eos_token_id`:151645 for open-end generation.
Setting `pad_token_id` to `eos_token_id`:151645 for open-end generation.
Setting `pad_token_id` to `eos_token_id`:151645 for open-end generation.
Setting `pad_token_id` to `eos_token_id`:151645 for open-end generation.
Setting `pad_token_id` to `eos_token_id`:151645 for open-end generation.
Setting `pad_token_id` to `eos_token_id`:151645 for open-end generation.
Setting `pad_token_id` to `eos_token_id`:151645 for open-end generation.
Setting `pad_token_id` to `eos_token_id`:151645 for open-end generation.
Setting `pad_token_id` to `eos_token_id`:151645 for open-end generation.
Setting `pad_token_id` to `eos_token_id`:151645 for open-end generation.
Setting `pad_token_id` to `eos_token_id`:151645 for open-end generation.
Setting `pad_token_id` to `eos_token_id`:151645 for open-end generation.
Setting `pad_token_id` to `eos_token_id`:151645 for open-end generation.
Setting `pad_token_id` to `eos_token_id`:151645 for open-end generation.
Setting `pad_token_id` to `eos_token_id`:151645 for open-end generation.
Setting `pad_token_id` to `eos_token_id`:151645 for open-end generation.
Setting `pad_token_id` to `eos_token_id`:151645 for open-end generation.
Setting `pad_token_id` to `eos_token_id`:151645 for open-end generation.
Setting `pad_token_id` to `eos_token_id`:151645 for open-end generation.
Setting `pad_token_id` to `eos_token_id`:151645 for open-end generation.
Setting `pad_token_id` to `eos_token_id`:151645 for open-end generation.
Setting `pad_token_id` to `eos_token_id`:151645 for open-end generation.
Setting `pad_token_id` to `eos_token_id`:151645 for open-end generation.
Setting `pad_token_id` to `eos_token_id`:151645 for open-end generation.
Setting `pad_token_id` to `eos_token_id`:151645 for open-end generation.
Setting `pad_token_id` to `eos_token_id`:151645 for open-end generation.
Setting `pad_token_id` to `eos_token_id`:151645 for open-end generation.
Setting `pad_token_id` to `eos_token_id`:151645 for open-end generation.
Setting `pad_token_id` to `eos_token_id`:151645 for open-end generation.
Setting `pad_token_id` to `eos_token_id`:151645 for open-end generation.
Setting `pad_token_id` to `eos_token_id`:151645 for open-end generation.
Setting `pad_token_id` to `eos_token_id`:151645 for open-end generation.
Setting `pad_token_id` to `eos_token_id`:151645 for open-end generation.
Setting `pad_token_id` to `eos_token_id`:151645 for open-end generation.
Setting `pad_token_id` to `eos_token_id`:151645 for open-end generation.
Setting `pad_token_id` to `eos_token_id`:151645 for open-end generation.
Setting `pad_token_id` to `eos_token_id`:151645 for open-end generation.
Setting `pad_token_id` to `eos_token_id`:151645 for open-end generation.
Setting `pad_token_id` to `eos_token_id`:151645 for open-end generation.
Setting `pad_token_id` to `eos_token_id`:151645 for open-end generation.
Setting `pad_token_id` to `eos_token_id`:151645 for open-end generation.
Setting `pad_token_id` to `eos_token_id`:151645 for open-end generation.
Setting `pad_token_id` to `eos_token_id`:151645 for open-end generation.
Setting `pad_token_id` to `eos_token_id`:151645 for open-end generation.
Setting `pad_token_id` to `eos_token_id`:151645 for open-end generation.
Setting `pad_token_id` to `eos_token_id`:151645 for open-end generation.
Setting `pad_token_id` to `eos_token_id`:151645 for open-end generation.
Setting `pad_token_id` to `eos_token_id`:151645 for open-end generation.
Setting `pad_token_id` to `eos_token_id`:151645 for open-end generation.
Setting `pad_token_id` to `eos_token_id`:151645 for open-end generation.
Setting `pad_token_id` to `eos_token_id`:151645 for open-end generation.
Setting `pad_token_id` to `eos_token_id`:151645 for open-end generation.
Setting `pad_token_id` to `eos_token_id`:151645 for open-end generation.
Setting `pad_token_id` to `eos_token_id`:151645 for open-end generation.
Setting `pad_token_id` to `eos_token_id`:151645 for open-end generation.
Setting `pad_token_id` to `eos_token_id`:151645 for open-end generation.
Setting `pad_token_id` to `eos_token_id`:151645 for open-end generation.
Setting `pad_token_id` to `eos_token_id`:151645 for open-end generation.
Setting `pad_token_id` to `eos_token_id`:151645 for open-end generation.
Setting `pad_token_id` to `eos_token_id`:151645 for open-end generation.
Setting `pad_token_id` to `eos_token_id`:151645 for open-end generation.
Setting `pad_token_id` to `eos_token_id`:151645 for open-end generation.
Setting `pad_token_id` to `eos_token_id`:151645 for open-end generation.
Setting `pad_token_id` to `eos_token_id`:151645 for open-end generation.
Setting `pad_token_id` to `eos_token_id`:151645 for open-end generation.
Setting `pad_token_id` to `eos_token_id`:151645 for open-end generation.
Setting `pad_token_id` to `eos_token_id`:151645 for open-end generation.
Setting `pad_token_id` to `eos_token_id`:151645 for open-end generation.
Setting `pad_token_id` to `eos_token_id`:151645 for open-end generation.
Setting `pad_token_id` to `eos_token_id`:151645 for open-end generation.
Setting `pad_token_id` to `eos_token_id`:151645 for open-end generation.
Setting `pad_token_id` to `eos_token_id`:151645 for open-end generation.
Setting `pad_token_id` to `eos_token_id`:151645 for open-end generation.
Setting `pad_token_id` to `eos_token_id`:151645 for open-end generation.
Setting `pad_token_id` to `eos_token_id`:151645 for open-end generation.
Setting `pad_token_id` to `eos_token_id`:151645 for open-end generation.
Setting `pad_token_id` to `eos_token_id`:151645 for open-end generation.
Setting `pad_token_id` to `eos_token_id`:151645 for open-end generation.
Setting `pad_token_id` to `eos_token_id`:151645 for open-end generation.
Setting `pad_token_id` to `eos_token_id`:151645 for open-end generation.
Setting `pad_token_id` to `eos_token_id`:151645 for open-end generation.
Setting `pad_token_id` to `eos_token_id`:151645 for open-end generation.
Setting `pad_token_id` to `eos_token_id`:151645 for open-end generation.
Setting `pad_token_id` to `eos_token_id`:151645 for open-end generation.
Setting `pad_token_id` to `eos_token_id`:151645 for open-end generation.
Setting `pad_token_id` to `eos_token_id`:151645 for open-end generation.
Setting `pad_token_id` to `eos_token_id`:151645 for open-end generation.
Setting `pad_token_id` to `eos_token_id`:151645 for open-end generation.
Setting `pad_token_id` to `eos_token_id`:151645 for open-end generation.
Setting `pad_token_id` to `eos_token_id`:151645 for open-end generation.
Setting `pad_token_id` to `eos_token_id`:151645 for open-end generation.
Setting `pad_token_id` to `eos_token_id`:151645 for open-end generation.
Setting `pad_token_id` to `eos_token_id`:151645 for open-end generation.
Setting `pad_token_id` to `eos_token_id`:151645 for open-end generation.
Setting `pad_token_id` to `eos_token_id`:151645 for open-end generation.
Setting `pad_token_id` to `eos_token_id`:151645 for open-end generation.
Setting `pad_token_id` to `eos_token_id`:151645 for open-end generation.
Setting `pad_token_id` to `eos_token_id`:151645 for open-end generation.
Setting `pad_token_id` to `eos_token_id`:151645 for open-end generation.
Setting `pad_token_id` to `eos_token_id`:151645 for open-end generation.
Setting `pad_token_id` to `eos_token_id`:151645 for open-end generation.
Setting `pad_token_id` to `eos_token_id`:151645 for open-end generation.
Setting `pad_token_id` to `eos_token_id`:151645 for open-end generation.
Setting `pad_token_id` to `eos_token_id`:151645 for open-end generation.
Setting `pad_token_id` to `eos_token_id`:151645 for open-end generation.
Setting `pad_token_id` to `eos_token_id`:151645 for open-end generation.
Setting `pad_token_id` to `eos_token_id`:151645 for open-end generation.
Setting `pad_token_id` to `eos_token_id`:151645 for open-end generation.
Setting `pad_token_id` to `eos_token_id`:151645 for open-end generation.
Setting `pad_token_id` to `eos_token_id`:151645 for open-end generation.
Setting `pad_token_id` to `eos_token_id`:151645 for open-end generation.
Setting `pad_token_id` to `eos_token_id`:151645 for open-end generation.
Setting `pad_token_id` to `eos_token_id`:151645 for open-end generation.
2026-07-06 14:51:51,602 INFO B[0/80] name hit none=1 profile=1 distractor=1
Setting `pad_token_id` to `eos_token_id`:151645 for open-end generation.
Setting `pad_token_id` to `eos_token_id`:151645 for open-end generation.
Setting `pad_token_id` to `eos_token_id`:151645 for open-end generation.
2026-07-06 14:51:52,640 INFO B[1/80] email hit none=1 profile=1 distractor=1
Setting `pad_token_id` to `eos_token_id`:151645 for open-end generation.
Setting `pad_token_id` to `eos_token_id`:151645 for open-end generation.
Setting `pad_token_id` to `eos_token_id`:151645 for open-end generation.
2026-07-06 14:51:54,299 INFO B[2/80] name hit none=1 profile=1 distractor=1
Setting `pad_token_id` to `eos_token_id`:151645 for open-end generation.
Setting `pad_token_id` to `eos_token_id`:151645 for open-end generation.
Setting `pad_token_id` to `eos_token_id`:151645 for open-end generation.
2026-07-06 14:51:55,380 INFO B[3/80] email hit none=0 profile=1 distractor=0
Setting `pad_token_id` to `eos_token_id`:151645 for open-end generation.
Setting `pad_token_id` to `eos_token_id`:151645 for open-end generation.
Setting `pad_token_id` to `eos_token_id`:151645 for open-end generation.
2026-07-06 14:51:56,704 INFO B[4/80] name hit none=1 profile=1 distractor=1
Setting `pad_token_id` to `eos_token_id`:151645 for open-end generation.
Setting `pad_token_id` to `eos_token_id`:151645 for open-end generation.
Setting `pad_token_id` to `eos_token_id`:151645 for open-end generation.
2026-07-06 14:51:57,656 INFO B[5/80] email hit none=0 profile=1 distractor=0
Setting `pad_token_id` to `eos_token_id`:151645 for open-end generation.
Setting `pad_token_id` to `eos_token_id`:151645 for open-end generation.
Setting `pad_token_id` to `eos_token_id`:151645 for open-end generation.
2026-07-06 14:51:59,255 INFO B[6/80] name hit none=1 profile=1 distractor=1
Setting `pad_token_id` to `eos_token_id`:151645 for open-end generation.
Setting `pad_token_id` to `eos_token_id`:151645 for open-end generation.
Setting `pad_token_id` to `eos_token_id`:151645 for open-end generation.
2026-07-06 14:52:00,302 INFO B[7/80] email hit none=0 profile=1 distractor=0
Setting `pad_token_id` to `eos_token_id`:151645 for open-end generation.
Setting `pad_token_id` to `eos_token_id`:151645 for open-end generation.
Setting `pad_token_id` to `eos_token_id`:151645 for open-end generation.
2026-07-06 14:52:01,937 INFO B[8/80] name hit none=1 profile=1 distractor=1
Setting `pad_token_id` to `eos_token_id`:151645 for open-end generation.
Setting `pad_token_id` to `eos_token_id`:151645 for open-end generation.
Setting `pad_token_id` to `eos_token_id`:151645 for open-end generation.
2026-07-06 14:52:03,002 INFO B[9/80] email hit none=0 profile=1 distractor=0
Setting `pad_token_id` to `eos_token_id`:151645 for open-end generation.
Setting `pad_token_id` to `eos_token_id`:151645 for open-end generation.
Setting `pad_token_id` to `eos_token_id`:151645 for open-end generation.
2026-07-06 14:52:04,790 INFO B[10/80] name hit none=1 profile=1 distractor=1
Setting `pad_token_id` to `eos_token_id`:151645 for open-end generation.
Setting `pad_token_id` to `eos_token_id`:151645 for open-end generation.
Setting `pad_token_id` to `eos_token_id`:151645 for open-end generation.
2026-07-06 14:52:05,734 INFO B[11/80] email hit none=1 profile=1 distractor=0
Setting `pad_token_id` to `eos_token_id`:151645 for open-end generation.
Setting `pad_token_id` to `eos_token_id`:151645 for open-end generation.
Setting `pad_token_id` to `eos_token_id`:151645 for open-end generation.
2026-07-06 14:52:07,786 INFO B[12/80] name hit none=1 profile=1 distractor=1
Setting `pad_token_id` to `eos_token_id`:151645 for open-end generation.
Setting `pad_token_id` to `eos_token_id`:151645 for open-end generation.
Setting `pad_token_id` to `eos_token_id`:151645 for open-end generation.
2026-07-06 14:52:08,794 INFO B[13/80] email hit none=0 profile=1 distractor=0
Setting `pad_token_id` to `eos_token_id`:151645 for open-end generation.
Setting `pad_token_id` to `eos_token_id`:151645 for open-end generation.
Setting `pad_token_id` to `eos_token_id`:151645 for open-end generation.
2026-07-06 14:52:10,490 INFO B[14/80] name hit none=1 profile=1 distractor=1
Setting `pad_token_id` to `eos_token_id`:151645 for open-end generation.
Setting `pad_token_id` to `eos_token_id`:151645 for open-end generation.
Setting `pad_token_id` to `eos_token_id`:151645 for open-end generation.
2026-07-06 14:52:11,492 INFO B[15/80] email hit none=0 profile=1 distractor=0
Setting `pad_token_id` to `eos_token_id`:151645 for open-end generation.
Setting `pad_token_id` to `eos_token_id`:151645 for open-end generation.
Setting `pad_token_id` to `eos_token_id`:151645 for open-end generation.
2026-07-06 14:52:13,541 INFO B[16/80] name hit none=1 profile=1 distractor=1
Setting `pad_token_id` to `eos_token_id`:151645 for open-end generation.
Setting `pad_token_id` to `eos_token_id`:151645 for open-end generation.
Setting `pad_token_id` to `eos_token_id`:151645 for open-end generation.
2026-07-06 14:52:14,578 INFO B[17/80] email hit none=0 profile=1 distractor=0
Setting `pad_token_id` to `eos_token_id`:151645 for open-end generation.
Setting `pad_token_id` to `eos_token_id`:151645 for open-end generation.
Setting `pad_token_id` to `eos_token_id`:151645 for open-end generation.
2026-07-06 14:52:16,335 INFO B[18/80] name hit none=1 profile=1 distractor=1
Setting `pad_token_id` to `eos_token_id`:151645 for open-end generation.
Setting `pad_token_id` to `eos_token_id`:151645 for open-end generation.
Setting `pad_token_id` to `eos_token_id`:151645 for open-end generation.
2026-07-06 14:52:17,396 INFO B[19/80] email hit none=0 profile=0 distractor=0
Setting `pad_token_id` to `eos_token_id`:151645 for open-end generation.
Setting `pad_token_id` to `eos_token_id`:151645 for open-end generation.
Setting `pad_token_id` to `eos_token_id`:151645 for open-end generation.
2026-07-06 14:52:19,120 INFO B[20/80] name hit none=1 profile=1 distractor=1
Setting `pad_token_id` to `eos_token_id`:151645 for open-end generation.
Setting `pad_token_id` to `eos_token_id`:151645 for open-end generation.
Setting `pad_token_id` to `eos_token_id`:151645 for open-end generation.
2026-07-06 14:52:20,075 INFO B[21/80] email hit none=0 profile=1 distractor=0
Setting `pad_token_id` to `eos_token_id`:151645 for open-end generation.
Setting `pad_token_id` to `eos_token_id`:151645 for open-end generation.
Setting `pad_token_id` to `eos_token_id`:151645 for open-end generation.
2026-07-06 14:52:21,819 INFO B[22/80] name hit none=1 profile=1 distractor=1
Setting `pad_token_id` to `eos_token_id`:151645 for open-end generation.
Setting `pad_token_id` to `eos_token_id`:151645 for open-end generation.
Setting `pad_token_id` to `eos_token_id`:151645 for open-end generation.
2026-07-06 14:52:22,862 INFO B[23/80] email hit none=0 profile=1 distractor=0
Setting `pad_token_id` to `eos_token_id`:151645 for open-end generation.
Setting `pad_token_id` to `eos_token_id`:151645 for open-end generation.
Setting `pad_token_id` to `eos_token_id`:151645 for open-end generation.
2026-07-06 14:52:25,306 INFO B[24/80] name hit none=1 profile=1 distractor=1
Setting `pad_token_id` to `eos_token_id`:151645 for open-end generation.
Setting `pad_token_id` to `eos_token_id`:151645 for open-end generation.
Setting `pad_token_id` to `eos_token_id`:151645 for open-end generation.
2026-07-06 14:52:26,301 INFO B[25/80] email hit none=0 profile=0 distractor=0
Setting `pad_token_id` to `eos_token_id`:151645 for open-end generation.
Setting `pad_token_id` to `eos_token_id`:151645 for open-end generation.
Setting `pad_token_id` to `eos_token_id`:151645 for open-end generation.
2026-07-06 14:52:27,967 INFO B[26/80] name hit none=1 profile=1 distractor=1
Setting `pad_token_id` to `eos_token_id`:151645 for open-end generation.
Setting `pad_token_id` to `eos_token_id`:151645 for open-end generation.
Setting `pad_token_id` to `eos_token_id`:151645 for open-end generation.
2026-07-06 14:52:28,966 INFO B[27/80] email hit none=0 profile=1 distractor=0
Setting `pad_token_id` to `eos_token_id`:151645 for open-end generation.
Setting `pad_token_id` to `eos_token_id`:151645 for open-end generation.
Setting `pad_token_id` to `eos_token_id`:151645 for open-end generation.
2026-07-06 14:52:30,721 INFO B[28/80] name hit none=1 profile=1 distractor=1
Setting `pad_token_id` to `eos_token_id`:151645 for open-end generation.
Setting `pad_token_id` to `eos_token_id`:151645 for open-end generation.
Setting `pad_token_id` to `eos_token_id`:151645 for open-end generation.
2026-07-06 14:52:31,736 INFO B[29/80] email hit none=0 profile=0 distractor=0
Setting `pad_token_id` to `eos_token_id`:151645 for open-end generation.
Setting `pad_token_id` to `eos_token_id`:151645 for open-end generation.
Setting `pad_token_id` to `eos_token_id`:151645 for open-end generation.
2026-07-06 14:52:33,610 INFO B[30/80] name hit none=1 profile=1 distractor=1
Setting `pad_token_id` to `eos_token_id`:151645 for open-end generation.
Setting `pad_token_id` to `eos_token_id`:151645 for open-end generation.
Setting `pad_token_id` to `eos_token_id`:151645 for open-end generation.
2026-07-06 14:52:34,698 INFO B[31/80] email hit none=0 profile=1 distractor=0
Setting `pad_token_id` to `eos_token_id`:151645 for open-end generation.
Setting `pad_token_id` to `eos_token_id`:151645 for open-end generation.
Setting `pad_token_id` to `eos_token_id`:151645 for open-end generation.
2026-07-06 14:52:36,308 INFO B[32/80] name hit none=1 profile=1 distractor=1
Setting `pad_token_id` to `eos_token_id`:151645 for open-end generation.
Setting `pad_token_id` to `eos_token_id`:151645 for open-end generation.
Setting `pad_token_id` to `eos_token_id`:151645 for open-end generation.
2026-07-06 14:52:37,343 INFO B[33/80] email hit none=0 profile=0 distractor=0
Setting `pad_token_id` to `eos_token_id`:151645 for open-end generation.
Setting `pad_token_id` to `eos_token_id`:151645 for open-end generation.
Setting `pad_token_id` to `eos_token_id`:151645 for open-end generation.
2026-07-06 14:52:39,035 INFO B[34/80] name hit none=1 profile=1 distractor=1
Setting `pad_token_id` to `eos_token_id`:151645 for open-end generation.
Setting `pad_token_id` to `eos_token_id`:151645 for open-end generation.
Setting `pad_token_id` to `eos_token_id`:151645 for open-end generation.
2026-07-06 14:52:39,976 INFO B[35/80] email hit none=0 profile=0 distractor=0
Setting `pad_token_id` to `eos_token_id`:151645 for open-end generation.
Setting `pad_token_id` to `eos_token_id`:151645 for open-end generation.
Setting `pad_token_id` to `eos_token_id`:151645 for open-end generation.
2026-07-06 14:52:41,625 INFO B[36/80] name hit none=1 profile=1 distractor=1
Setting `pad_token_id` to `eos_token_id`:151645 for open-end generation.
Setting `pad_token_id` to `eos_token_id`:151645 for open-end generation.
Setting `pad_token_id` to `eos_token_id`:151645 for open-end generation.
2026-07-06 14:52:42,558 INFO B[37/80] email hit none=0 profile=0 distractor=0
Setting `pad_token_id` to `eos_token_id`:151645 for open-end generation.
Setting `pad_token_id` to `eos_token_id`:151645 for open-end generation.
Setting `pad_token_id` to `eos_token_id`:151645 for open-end generation.
2026-07-06 14:52:44,164 INFO B[38/80] name hit none=1 profile=1 distractor=1
Setting `pad_token_id` to `eos_token_id`:151645 for open-end generation.
Setting `pad_token_id` to `eos_token_id`:151645 for open-end generation.
Setting `pad_token_id` to `eos_token_id`:151645 for open-end generation.
2026-07-06 14:52:45,079 INFO B[39/80] email hit none=0 profile=1 distractor=0
Setting `pad_token_id` to `eos_token_id`:151645 for open-end generation.
Setting `pad_token_id` to `eos_token_id`:151645 for open-end generation.
Setting `pad_token_id` to `eos_token_id`:151645 for open-end generation.
2026-07-06 14:52:46,699 INFO B[40/80] name hit none=1 profile=1 distractor=1
Setting `pad_token_id` to `eos_token_id`:151645 for open-end generation.
Setting `pad_token_id` to `eos_token_id`:151645 for open-end generation.
Setting `pad_token_id` to `eos_token_id`:151645 for open-end generation.
2026-07-06 14:52:47,687 INFO B[41/80] email hit none=0 profile=1 distractor=0
Setting `pad_token_id` to `eos_token_id`:151645 for open-end generation.
Setting `pad_token_id` to `eos_token_id`:151645 for open-end generation.
Setting `pad_token_id` to `eos_token_id`:151645 for open-end generation.
2026-07-06 14:52:49,065 INFO B[42/80] name hit none=1 profile=1 distractor=1
Setting `pad_token_id` to `eos_token_id`:151645 for open-end generation.
Setting `pad_token_id` to `eos_token_id`:151645 for open-end generation.
Setting `pad_token_id` to `eos_token_id`:151645 for open-end generation.
2026-07-06 14:52:50,097 INFO B[43/80] email hit none=0 profile=1 distractor=0
Setting `pad_token_id` to `eos_token_id`:151645 for open-end generation.
Setting `pad_token_id` to `eos_token_id`:151645 for open-end generation.
Setting `pad_token_id` to `eos_token_id`:151645 for open-end generation.
2026-07-06 14:52:51,924 INFO B[44/80] name hit none=1 profile=1 distractor=1
Setting `pad_token_id` to `eos_token_id`:151645 for open-end generation.
Setting `pad_token_id` to `eos_token_id`:151645 for open-end generation.
Setting `pad_token_id` to `eos_token_id`:151645 for open-end generation.
2026-07-06 14:52:52,903 INFO B[45/80] email hit none=0 profile=1 distractor=0
Setting `pad_token_id` to `eos_token_id`:151645 for open-end generation.
Setting `pad_token_id` to `eos_token_id`:151645 for open-end generation.
Setting `pad_token_id` to `eos_token_id`:151645 for open-end generation.
2026-07-06 14:52:55,029 INFO B[46/80] name hit none=1 profile=1 distractor=1
Setting `pad_token_id` to `eos_token_id`:151645 for open-end generation.
Setting `pad_token_id` to `eos_token_id`:151645 for open-end generation.
Setting `pad_token_id` to `eos_token_id`:151645 for open-end generation.
2026-07-06 14:52:56,112 INFO B[47/80] email hit none=0 profile=1 distractor=0
Setting `pad_token_id` to `eos_token_id`:151645 for open-end generation.
Setting `pad_token_id` to `eos_token_id`:151645 for open-end generation.
Setting `pad_token_id` to `eos_token_id`:151645 for open-end generation.
2026-07-06 14:52:57,909 INFO B[48/80] name hit none=1 profile=1 distractor=1
Setting `pad_token_id` to `eos_token_id`:151645 for open-end generation.
Setting `pad_token_id` to `eos_token_id`:151645 for open-end generation.
Setting `pad_token_id` to `eos_token_id`:151645 for open-end generation.
2026-07-06 14:52:58,799 INFO B[49/80] email hit none=1 profile=1 distractor=1
Setting `pad_token_id` to `eos_token_id`:151645 for open-end generation.
Setting `pad_token_id` to `eos_token_id`:151645 for open-end generation.
Setting `pad_token_id` to `eos_token_id`:151645 for open-end generation.
2026-07-06 14:53:00,308 INFO B[50/80] name hit none=1 profile=1 distractor=1
Setting `pad_token_id` to `eos_token_id`:151645 for open-end generation.
Setting `pad_token_id` to `eos_token_id`:151645 for open-end generation.
Setting `pad_token_id` to `eos_token_id`:151645 for open-end generation.
2026-07-06 14:53:01,240 INFO B[51/80] email hit none=0 profile=1 distractor=0
Setting `pad_token_id` to `eos_token_id`:151645 for open-end generation.
Setting `pad_token_id` to `eos_token_id`:151645 for open-end generation.
Setting `pad_token_id` to `eos_token_id`:151645 for open-end generation.
2026-07-06 14:53:03,256 INFO B[52/80] name hit none=1 profile=1 distractor=1
Setting `pad_token_id` to `eos_token_id`:151645 for open-end generation.
Setting `pad_token_id` to `eos_token_id`:151645 for open-end generation.
Setting `pad_token_id` to `eos_token_id`:151645 for open-end generation.
2026-07-06 14:53:04,455 INFO B[53/80] email hit none=0 profile=0 distractor=0
Setting `pad_token_id` to `eos_token_id`:151645 for open-end generation.
Setting `pad_token_id` to `eos_token_id`:151645 for open-end generation.
Setting `pad_token_id` to `eos_token_id`:151645 for open-end generation.
2026-07-06 14:53:06,365 INFO B[54/80] name hit none=1 profile=1 distractor=1
Setting `pad_token_id` to `eos_token_id`:151645 for open-end generation.
Setting `pad_token_id` to `eos_token_id`:151645 for open-end generation.
Setting `pad_token_id` to `eos_token_id`:151645 for open-end generation.
2026-07-06 14:53:07,515 INFO B[55/80] email hit none=0 profile=1 distractor=0
Setting `pad_token_id` to `eos_token_id`:151645 for open-end generation.
Setting `pad_token_id` to `eos_token_id`:151645 for open-end generation.
Setting `pad_token_id` to `eos_token_id`:151645 for open-end generation.
2026-07-06 14:53:09,442 INFO B[56/80] name hit none=1 profile=1 distractor=1
Setting `pad_token_id` to `eos_token_id`:151645 for open-end generation.
Setting `pad_token_id` to `eos_token_id`:151645 for open-end generation.
Setting `pad_token_id` to `eos_token_id`:151645 for open-end generation.
2026-07-06 14:53:10,487 INFO B[57/80] email hit none=0 profile=1 distractor=0
Setting `pad_token_id` to `eos_token_id`:151645 for open-end generation.
Setting `pad_token_id` to `eos_token_id`:151645 for open-end generation.
Setting `pad_token_id` to `eos_token_id`:151645 for open-end generation.
2026-07-06 14:53:11,990 INFO B[58/80] name hit none=1 profile=1 distractor=1
Setting `pad_token_id` to `eos_token_id`:151645 for open-end generation.
Setting `pad_token_id` to `eos_token_id`:151645 for open-end generation.
Setting `pad_token_id` to `eos_token_id`:151645 for open-end generation.
2026-07-06 14:53:13,135 INFO B[59/80] email hit none=0 profile=1 distractor=0
Setting `pad_token_id` to `eos_token_id`:151645 for open-end generation.
Setting `pad_token_id` to `eos_token_id`:151645 for open-end generation.
Setting `pad_token_id` to `eos_token_id`:151645 for open-end generation.
2026-07-06 14:53:15,088 INFO B[60/80] name hit none=1 profile=1 distractor=1
Setting `pad_token_id` to `eos_token_id`:151645 for open-end generation.
Setting `pad_token_id` to `eos_token_id`:151645 for open-end generation.
Setting `pad_token_id` to `eos_token_id`:151645 for open-end generation.
2026-07-06 14:53:16,017 INFO B[61/80] email hit none=0 profile=1 distractor=0
Setting `pad_token_id` to `eos_token_id`:151645 for open-end generation.
Setting `pad_token_id` to `eos_token_id`:151645 for open-end generation.
Setting `pad_token_id` to `eos_token_id`:151645 for open-end generation.
2026-07-06 14:53:17,747 INFO B[62/80] name hit none=1 profile=1 distractor=1
Setting `pad_token_id` to `eos_token_id`:151645 for open-end generation.
Setting `pad_token_id` to `eos_token_id`:151645 for open-end generation.
Setting `pad_token_id` to `eos_token_id`:151645 for open-end generation.
2026-07-06 14:53:18,737 INFO B[63/80] email hit none=0 profile=1 distractor=0
Setting `pad_token_id` to `eos_token_id`:151645 for open-end generation.
Setting `pad_token_id` to `eos_token_id`:151645 for open-end generation.
Setting `pad_token_id` to `eos_token_id`:151645 for open-end generation.
2026-07-06 14:53:20,474 INFO B[64/80] name hit none=1 profile=1 distractor=1
Setting `pad_token_id` to `eos_token_id`:151645 for open-end generation.
Setting `pad_token_id` to `eos_token_id`:151645 for open-end generation.
Setting `pad_token_id` to `eos_token_id`:151645 for open-end generation.
2026-07-06 14:53:21,560 INFO B[65/80] email hit none=0 profile=1 distractor=1
Setting `pad_token_id` to `eos_token_id`:151645 for open-end generation.
Setting `pad_token_id` to `eos_token_id`:151645 for open-end generation.
Setting `pad_token_id` to `eos_token_id`:151645 for open-end generation.
2026-07-06 14:53:22,958 INFO B[66/80] name hit none=1 profile=1 distractor=1
Setting `pad_token_id` to `eos_token_id`:151645 for open-end generation.
Setting `pad_token_id` to `eos_token_id`:151645 for open-end generation.
Setting `pad_token_id` to `eos_token_id`:151645 for open-end generation.
2026-07-06 14:53:24,006 INFO B[67/80] email hit none=0 profile=1 distractor=0
Setting `pad_token_id` to `eos_token_id`:151645 for open-end generation.
Setting `pad_token_id` to `eos_token_id`:151645 for open-end generation.
Setting `pad_token_id` to `eos_token_id`:151645 for open-end generation.
2026-07-06 14:53:25,819 INFO B[68/80] name hit none=1 profile=1 distractor=1
Setting `pad_token_id` to `eos_token_id`:151645 for open-end generation.
Setting `pad_token_id` to `eos_token_id`:151645 for open-end generation.
Setting `pad_token_id` to `eos_token_id`:151645 for open-end generation.
2026-07-06 14:53:26,831 INFO B[69/80] email hit none=0 profile=1 distractor=0
Setting `pad_token_id` to `eos_token_id`:151645 for open-end generation.
Setting `pad_token_id` to `eos_token_id`:151645 for open-end generation.
Setting `pad_token_id` to `eos_token_id`:151645 for open-end generation.
2026-07-06 14:53:28,675 INFO B[70/80] name hit none=1 profile=1 distractor=1
Setting `pad_token_id` to `eos_token_id`:151645 for open-end generation.
Setting `pad_token_id` to `eos_token_id`:151645 for open-end generation.
Setting `pad_token_id` to `eos_token_id`:151645 for open-end generation.
2026-07-06 14:53:29,517 INFO B[71/80] email hit none=0 profile=1 distractor=0
Setting `pad_token_id` to `eos_token_id`:151645 for open-end generation.
Setting `pad_token_id` to `eos_token_id`:151645 for open-end generation.
Setting `pad_token_id` to `eos_token_id`:151645 for open-end generation.
2026-07-06 14:53:30,929 INFO B[72/80] name hit none=1 profile=1 distractor=1
Setting `pad_token_id` to `eos_token_id`:151645 for open-end generation.
Setting `pad_token_id` to `eos_token_id`:151645 for open-end generation.
Setting `pad_token_id` to `eos_token_id`:151645 for open-end generation.
2026-07-06 14:53:32,227 INFO B[73/80] email hit none=0 profile=1 distractor=0
Setting `pad_token_id` to `eos_token_id`:151645 for open-end generation.
Setting `pad_token_id` to `eos_token_id`:151645 for open-end generation.
Setting `pad_token_id` to `eos_token_id`:151645 for open-end generation.
2026-07-06 14:53:33,693 INFO B[74/80] name hit none=1 profile=1 distractor=1
Setting `pad_token_id` to `eos_token_id`:151645 for open-end generation.
Setting `pad_token_id` to `eos_token_id`:151645 for open-end generation.
Setting `pad_token_id` to `eos_token_id`:151645 for open-end generation.
2026-07-06 14:53:34,782 INFO B[75/80] email hit none=0 profile=1 distractor=0
Setting `pad_token_id` to `eos_token_id`:151645 for open-end generation.
Setting `pad_token_id` to `eos_token_id`:151645 for open-end generation.
Setting `pad_token_id` to `eos_token_id`:151645 for open-end generation.
2026-07-06 14:53:36,467 INFO B[76/80] name hit none=1 profile=1 distractor=1
Setting `pad_token_id` to `eos_token_id`:151645 for open-end generation.
Setting `pad_token_id` to `eos_token_id`:151645 for open-end generation.
Setting `pad_token_id` to `eos_token_id`:151645 for open-end generation.
2026-07-06 14:53:37,480 INFO B[77/80] email hit none=0 profile=0 distractor=0
Setting `pad_token_id` to `eos_token_id`:151645 for open-end generation.
Setting `pad_token_id` to `eos_token_id`:151645 for open-end generation.
Setting `pad_token_id` to `eos_token_id`:151645 for open-end generation.
2026-07-06 14:53:39,430 INFO B[78/80] name hit none=1 profile=1 distractor=1
Setting `pad_token_id` to `eos_token_id`:151645 for open-end generation.
Setting `pad_token_id` to `eos_token_id`:151645 for open-end generation.
Setting `pad_token_id` to `eos_token_id`:151645 for open-end generation.
2026-07-06 14:53:40,415 INFO B[79/80] email hit none=0 profile=1 distractor=0
2026-07-06 14:53:40,415 INFO step  3000  prem=0.36 rec=0.70 | name+=1.00 email+=0.80 | intrusion=0.000
Setting `pad_token_id` to `eos_token_id`:151645 for open-end generation.
Setting `pad_token_id` to `eos_token_id`:151645 for open-end generation.
Setting `pad_token_id` to `eos_token_id`:151645 for open-end generation.
Setting `pad_token_id` to `eos_token_id`:151645 for open-end generation.
Setting `pad_token_id` to `eos_token_id`:151645 for open-end generation.
Setting `pad_token_id` to `eos_token_id`:151645 for open-end generation.
Setting `pad_token_id` to `eos_token_id`:151645 for open-end generation.
Setting `pad_token_id` to `eos_token_id`:151645 for open-end generation.
Setting `pad_token_id` to `eos_token_id`:151645 for open-end generation.
Setting `pad_token_id` to `eos_token_id`:151645 for open-end generation.
Setting `pad_token_id` to `eos_token_id`:151645 for open-end generation.
Setting `pad_token_id` to `eos_token_id`:151645 for open-end generation.
Setting `pad_token_id` to `eos_token_id`:151645 for open-end generation.
Setting `pad_token_id` to `eos_token_id`:151645 for open-end generation.
Setting `pad_token_id` to `eos_token_id`:151645 for open-end generation.
Setting `pad_token_id` to `eos_token_id`:151645 for open-end generation.
Setting `pad_token_id` to `eos_token_id`:151645 for open-end generation.
Setting `pad_token_id` to `eos_token_id`:151645 for open-end generation.
Setting `pad_token_id` to `eos_token_id`:151645 for open-end generation.
Setting `pad_token_id` to `eos_token_id`:151645 for open-end generation.
Setting `pad_token_id` to `eos_token_id`:151645 for open-end generation.
Setting `pad_token_id` to `eos_token_id`:151645 for open-end generation.
Setting `pad_token_id` to `eos_token_id`:151645 for open-end generation.
Setting `pad_token_id` to `eos_token_id`:151645 for open-end generation.
Setting `pad_token_id` to `eos_token_id`:151645 for open-end generation.
Setting `pad_token_id` to `eos_token_id`:151645 for open-end generation.
Setting `pad_token_id` to `eos_token_id`:151645 for open-end generation.
Setting `pad_token_id` to `eos_token_id`:151645 for open-end generation.
Setting `pad_token_id` to `eos_token_id`:151645 for open-end generation.
Setting `pad_token_id` to `eos_token_id`:151645 for open-end generation.
Setting `pad_token_id` to `eos_token_id`:151645 for open-end generation.
Setting `pad_token_id` to `eos_token_id`:151645 for open-end generation.
Setting `pad_token_id` to `eos_token_id`:151645 for open-end generation.
Setting `pad_token_id` to `eos_token_id`:151645 for open-end generation.
Setting `pad_token_id` to `eos_token_id`:151645 for open-end generation.
Setting `pad_token_id` to `eos_token_id`:151645 for open-end generation.
Setting `pad_token_id` to `eos_token_id`:151645 for open-end generation.
Setting `pad_token_id` to `eos_token_id`:151645 for open-end generation.
Setting `pad_token_id` to `eos_token_id`:151645 for open-end generation.
Setting `pad_token_id` to `eos_token_id`:151645 for open-end generation.
Setting `pad_token_id` to `eos_token_id`:151645 for open-end generation.
Setting `pad_token_id` to `eos_token_id`:151645 for open-end generation.
Setting `pad_token_id` to `eos_token_id`:151645 for open-end generation.
Setting `pad_token_id` to `eos_token_id`:151645 for open-end generation.
Setting `pad_token_id` to `eos_token_id`:151645 for open-end generation.
Setting `pad_token_id` to `eos_token_id`:151645 for open-end generation.
Setting `pad_token_id` to `eos_token_id`:151645 for open-end generation.
Setting `pad_token_id` to `eos_token_id`:151645 for open-end generation.
Setting `pad_token_id` to `eos_token_id`:151645 for open-end generation.
Setting `pad_token_id` to `eos_token_id`:151645 for open-end generation.
Setting `pad_token_id` to `eos_token_id`:151645 for open-end generation.
Setting `pad_token_id` to `eos_token_id`:151645 for open-end generation.
Setting `pad_token_id` to `eos_token_id`:151645 for open-end generation.
Setting `pad_token_id` to `eos_token_id`:151645 for open-end generation.
Setting `pad_token_id` to `eos_token_id`:151645 for open-end generation.
Setting `pad_token_id` to `eos_token_id`:151645 for open-end generation.
Setting `pad_token_id` to `eos_token_id`:151645 for open-end generation.
Setting `pad_token_id` to `eos_token_id`:151645 for open-end generation.
Setting `pad_token_id` to `eos_token_id`:151645 for open-end generation.
Setting `pad_token_id` to `eos_token_id`:151645 for open-end generation.
Setting `pad_token_id` to `eos_token_id`:151645 for open-end generation.
Setting `pad_token_id` to `eos_token_id`:151645 for open-end generation.
Setting `pad_token_id` to `eos_token_id`:151645 for open-end generation.
Setting `pad_token_id` to `eos_token_id`:151645 for open-end generation.
Setting `pad_token_id` to `eos_token_id`:151645 for open-end generation.
Setting `pad_token_id` to `eos_token_id`:151645 for open-end generation.
Setting `pad_token_id` to `eos_token_id`:151645 for open-end generation.
Setting `pad_token_id` to `eos_token_id`:151645 for open-end generation.
Setting `pad_token_id` to `eos_token_id`:151645 for open-end generation.
Setting `pad_token_id` to `eos_token_id`:151645 for open-end generation.
Setting `pad_token_id` to `eos_token_id`:151645 for open-end generation.
Setting `pad_token_id` to `eos_token_id`:151645 for open-end generation.
Setting `pad_token_id` to `eos_token_id`:151645 for open-end generation.
Setting `pad_token_id` to `eos_token_id`:151645 for open-end generation.
Setting `pad_token_id` to `eos_token_id`:151645 for open-end generation.
Setting `pad_token_id` to `eos_token_id`:151645 for open-end generation.
Setting `pad_token_id` to `eos_token_id`:151645 for open-end generation.
Setting `pad_token_id` to `eos_token_id`:151645 for open-end generation.
Setting `pad_token_id` to `eos_token_id`:151645 for open-end generation.
Setting `pad_token_id` to `eos_token_id`:151645 for open-end generation.
Setting `pad_token_id` to `eos_token_id`:151645 for open-end generation.
Setting `pad_token_id` to `eos_token_id`:151645 for open-end generation.
Setting `pad_token_id` to `eos_token_id`:151645 for open-end generation.
Setting `pad_token_id` to `eos_token_id`:151645 for open-end generation.
Setting `pad_token_id` to `eos_token_id`:151645 for open-end generation.
Setting `pad_token_id` to `eos_token_id`:151645 for open-end generation.
Setting `pad_token_id` to `eos_token_id`:151645 for open-end generation.
Setting `pad_token_id` to `eos_token_id`:151645 for open-end generation.
Setting `pad_token_id` to `eos_token_id`:151645 for open-end generation.
Setting `pad_token_id` to `eos_token_id`:151645 for open-end generation.
Setting `pad_token_id` to `eos_token_id`:151645 for open-end generation.
Setting `pad_token_id` to `eos_token_id`:151645 for open-end generation.
Setting `pad_token_id` to `eos_token_id`:151645 for open-end generation.
Setting `pad_token_id` to `eos_token_id`:151645 for open-end generation.
Setting `pad_token_id` to `eos_token_id`:151645 for open-end generation.
Setting `pad_token_id` to `eos_token_id`:151645 for open-end generation.
Setting `pad_token_id` to `eos_token_id`:151645 for open-end generation.
Setting `pad_token_id` to `eos_token_id`:151645 for open-end generation.
Setting `pad_token_id` to `eos_token_id`:151645 for open-end generation.
Setting `pad_token_id` to `eos_token_id`:151645 for open-end generation.
Setting `pad_token_id` to `eos_token_id`:151645 for open-end generation.
Setting `pad_token_id` to `eos_token_id`:151645 for open-end generation.
Setting `pad_token_id` to `eos_token_id`:151645 for open-end generation.
Setting `pad_token_id` to `eos_token_id`:151645 for open-end generation.
Setting `pad_token_id` to `eos_token_id`:151645 for open-end generation.
Setting `pad_token_id` to `eos_token_id`:151645 for open-end generation.
Setting `pad_token_id` to `eos_token_id`:151645 for open-end generation.
Setting `pad_token_id` to `eos_token_id`:151645 for open-end generation.
Setting `pad_token_id` to `eos_token_id`:151645 for open-end generation.
Setting `pad_token_id` to `eos_token_id`:151645 for open-end generation.
Setting `pad_token_id` to `eos_token_id`:151645 for open-end generation.
Setting `pad_token_id` to `eos_token_id`:151645 for open-end generation.
Setting `pad_token_id` to `eos_token_id`:151645 for open-end generation.
Setting `pad_token_id` to `eos_token_id`:151645 for open-end generation.
Setting `pad_token_id` to `eos_token_id`:151645 for open-end generation.
Setting `pad_token_id` to `eos_token_id`:151645 for open-end generation.
Setting `pad_token_id` to `eos_token_id`:151645 for open-end generation.
Setting `pad_token_id` to `eos_token_id`:151645 for open-end generation.
Setting `pad_token_id` to `eos_token_id`:151645 for open-end generation.
Setting `pad_token_id` to `eos_token_id`:151645 for open-end generation.
Setting `pad_token_id` to `eos_token_id`:151645 for open-end generation.
Setting `pad_token_id` to `eos_token_id`:151645 for open-end generation.
Setting `pad_token_id` to `eos_token_id`:151645 for open-end generation.
Setting `pad_token_id` to `eos_token_id`:151645 for open-end generation.
Setting `pad_token_id` to `eos_token_id`:151645 for open-end generation.
Setting `pad_token_id` to `eos_token_id`:151645 for open-end generation.
Setting `pad_token_id` to `eos_token_id`:151645 for open-end generation.
Setting `pad_token_id` to `eos_token_id`:151645 for open-end generation.
Setting `pad_token_id` to `eos_token_id`:151645 for open-end generation.
Setting `pad_token_id` to `eos_token_id`:151645 for open-end generation.
Setting `pad_token_id` to `eos_token_id`:151645 for open-end generation.
Setting `pad_token_id` to `eos_token_id`:151645 for open-end generation.
Setting `pad_token_id` to `eos_token_id`:151645 for open-end generation.
Setting `pad_token_id` to `eos_token_id`:151645 for open-end generation.
Setting `pad_token_id` to `eos_token_id`:151645 for open-end generation.
Setting `pad_token_id` to `eos_token_id`:151645 for open-end generation.
Setting `pad_token_id` to `eos_token_id`:151645 for open-end generation.
Setting `pad_token_id` to `eos_token_id`:151645 for open-end generation.
Setting `pad_token_id` to `eos_token_id`:151645 for open-end generation.
Setting `pad_token_id` to `eos_token_id`:151645 for open-end generation.
Setting `pad_token_id` to `eos_token_id`:151645 for open-end generation.
Setting `pad_token_id` to `eos_token_id`:151645 for open-end generation.
Setting `pad_token_id` to `eos_token_id`:151645 for open-end generation.
Setting `pad_token_id` to `eos_token_id`:151645 for open-end generation.
Setting `pad_token_id` to `eos_token_id`:151645 for open-end generation.
Setting `pad_token_id` to `eos_token_id`:151645 for open-end generation.
Setting `pad_token_id` to `eos_token_id`:151645 for open-end generation.
Setting `pad_token_id` to `eos_token_id`:151645 for open-end generation.
Setting `pad_token_id` to `eos_token_id`:151645 for open-end generation.
Setting `pad_token_id` to `eos_token_id`:151645 for open-end generation.
Setting `pad_token_id` to `eos_token_id`:151645 for open-end generation.
Setting `pad_token_id` to `eos_token_id`:151645 for open-end generation.
Setting `pad_token_id` to `eos_token_id`:151645 for open-end generation.
Setting `pad_token_id` to `eos_token_id`:151645 for open-end generation.
Setting `pad_token_id` to `eos_token_id`:151645 for open-end generation.
Setting `pad_token_id` to `eos_token_id`:151645 for open-end generation.
Setting `pad_token_id` to `eos_token_id`:151645 for open-end generation.
Setting `pad_token_id` to `eos_token_id`:151645 for open-end generation.
Setting `pad_token_id` to `eos_token_id`:151645 for open-end generation.
Setting `pad_token_id` to `eos_token_id`:151645 for open-end generation.
Setting `pad_token_id` to `eos_token_id`:151645 for open-end generation.
Setting `pad_token_id` to `eos_token_id`:151645 for open-end generation.
Setting `pad_token_id` to `eos_token_id`:151645 for open-end generation.
Setting `pad_token_id` to `eos_token_id`:151645 for open-end generation.
Setting `pad_token_id` to `eos_token_id`:151645 for open-end generation.
Setting `pad_token_id` to `eos_token_id`:151645 for open-end generation.
Setting `pad_token_id` to `eos_token_id`:151645 for open-end generation.
Setting `pad_token_id` to `eos_token_id`:151645 for open-end generation.
Setting `pad_token_id` to `eos_token_id`:151645 for open-end generation.
Setting `pad_token_id` to `eos_token_id`:151645 for open-end generation.
Setting `pad_token_id` to `eos_token_id`:151645 for open-end generation.
Setting `pad_token_id` to `eos_token_id`:151645 for open-end generation.
Setting `pad_token_id` to `eos_token_id`:151645 for open-end generation.
Setting `pad_token_id` to `eos_token_id`:151645 for open-end generation.
Setting `pad_token_id` to `eos_token_id`:151645 for open-end generation.
Setting `pad_token_id` to `eos_token_id`:151645 for open-end generation.
Setting `pad_token_id` to `eos_token_id`:151645 for open-end generation.
Setting `pad_token_id` to `eos_token_id`:151645 for open-end generation.
Setting `pad_token_id` to `eos_token_id`:151645 for open-end generation.
Setting `pad_token_id` to `eos_token_id`:151645 for open-end generation.
Setting `pad_token_id` to `eos_token_id`:151645 for open-end generation.
Setting `pad_token_id` to `eos_token_id`:151645 for open-end generation.
Setting `pad_token_id` to `eos_token_id`:151645 for open-end generation.
Setting `pad_token_id` to `eos_token_id`:151645 for open-end generation.
Setting `pad_token_id` to `eos_token_id`:151645 for open-end generation.
Setting `pad_token_id` to `eos_token_id`:151645 for open-end generation.
Setting `pad_token_id` to `eos_token_id`:151645 for open-end generation.
Setting `pad_token_id` to `eos_token_id`:151645 for open-end generation.
Setting `pad_token_id` to `eos_token_id`:151645 for open-end generation.
Setting `pad_token_id` to `eos_token_id`:151645 for open-end generation.
Setting `pad_token_id` to `eos_token_id`:151645 for open-end generation.
Setting `pad_token_id` to `eos_token_id`:151645 for open-end generation.
Setting `pad_token_id` to `eos_token_id`:151645 for open-end generation.
Setting `pad_token_id` to `eos_token_id`:151645 for open-end generation.
Setting `pad_token_id` to `eos_token_id`:151645 for open-end generation.
Setting `pad_token_id` to `eos_token_id`:151645 for open-end generation.
Setting `pad_token_id` to `eos_token_id`:151645 for open-end generation.
Setting `pad_token_id` to `eos_token_id`:151645 for open-end generation.
Setting `pad_token_id` to `eos_token_id`:151645 for open-end generation.
Setting `pad_token_id` to `eos_token_id`:151645 for open-end generation.
Setting `pad_token_id` to `eos_token_id`:151645 for open-end generation.
Setting `pad_token_id` to `eos_token_id`:151645 for open-end generation.
Setting `pad_token_id` to `eos_token_id`:151645 for open-end generation.
Setting `pad_token_id` to `eos_token_id`:151645 for open-end generation.
Setting `pad_token_id` to `eos_token_id`:151645 for open-end generation.
Setting `pad_token_id` to `eos_token_id`:151645 for open-end generation.
Setting `pad_token_id` to `eos_token_id`:151645 for open-end generation.
Setting `pad_token_id` to `eos_token_id`:151645 for open-end generation.
Setting `pad_token_id` to `eos_token_id`:151645 for open-end generation.
Setting `pad_token_id` to `eos_token_id`:151645 for open-end generation.
Setting `pad_token_id` to `eos_token_id`:151645 for open-end generation.
Setting `pad_token_id` to `eos_token_id`:151645 for open-end generation.
Setting `pad_token_id` to `eos_token_id`:151645 for open-end generation.
Setting `pad_token_id` to `eos_token_id`:151645 for open-end generation.
Setting `pad_token_id` to `eos_token_id`:151645 for open-end generation.
Setting `pad_token_id` to `eos_token_id`:151645 for open-end generation.
Setting `pad_token_id` to `eos_token_id`:151645 for open-end generation.
Setting `pad_token_id` to `eos_token_id`:151645 for open-end generation.
Setting `pad_token_id` to `eos_token_id`:151645 for open-end generation.
Setting `pad_token_id` to `eos_token_id`:151645 for open-end generation.
Setting `pad_token_id` to `eos_token_id`:151645 for open-end generation.
Setting `pad_token_id` to `eos_token_id`:151645 for open-end generation.
Setting `pad_token_id` to `eos_token_id`:151645 for open-end generation.
Setting `pad_token_id` to `eos_token_id`:151645 for open-end generation.
Setting `pad_token_id` to `eos_token_id`:151645 for open-end generation.
Setting `pad_token_id` to `eos_token_id`:151645 for open-end generation.
Setting `pad_token_id` to `eos_token_id`:151645 for open-end generation.
Setting `pad_token_id` to `eos_token_id`:151645 for open-end generation.
Setting `pad_token_id` to `eos_token_id`:151645 for open-end generation.
Setting `pad_token_id` to `eos_token_id`:151645 for open-end generation.
Setting `pad_token_id` to `eos_token_id`:151645 for open-end generation.
Setting `pad_token_id` to `eos_token_id`:151645 for open-end generation.
Setting `pad_token_id` to `eos_token_id`:151645 for open-end generation.
Setting `pad_token_id` to `eos_token_id`:151645 for open-end generation.
Setting `pad_token_id` to `eos_token_id`:151645 for open-end generation.
Setting `pad_token_id` to `eos_token_id`:151645 for open-end generation.
Setting `pad_token_id` to `eos_token_id`:151645 for open-end generation.
Setting `pad_token_id` to `eos_token_id`:151645 for open-end generation.
Setting `pad_token_id` to `eos_token_id`:151645 for open-end generation.
Setting `pad_token_id` to `eos_token_id`:151645 for open-end generation.
Setting `pad_token_id` to `eos_token_id`:151645 for open-end generation.
Setting `pad_token_id` to `eos_token_id`:151645 for open-end generation.
Setting `pad_token_id` to `eos_token_id`:151645 for open-end generation.
Setting `pad_token_id` to `eos_token_id`:151645 for open-end generation.
Setting `pad_token_id` to `eos_token_id`:151645 for open-end generation.
Setting `pad_token_id` to `eos_token_id`:151645 for open-end generation.
Setting `pad_token_id` to `eos_token_id`:151645 for open-end generation.
Setting `pad_token_id` to `eos_token_id`:151645 for open-end generation.
Setting `pad_token_id` to `eos_token_id`:151645 for open-end generation.
Setting `pad_token_id` to `eos_token_id`:151645 for open-end generation.
Setting `pad_token_id` to `eos_token_id`:151645 for open-end generation.
Setting `pad_token_id` to `eos_token_id`:151645 for open-end generation.
Setting `pad_token_id` to `eos_token_id`:151645 for open-end generation.
Setting `pad_token_id` to `eos_token_id`:151645 for open-end generation.
Setting `pad_token_id` to `eos_token_id`:151645 for open-end generation.
Setting `pad_token_id` to `eos_token_id`:151645 for open-end generation.
Setting `pad_token_id` to `eos_token_id`:151645 for open-end generation.
Setting `pad_token_id` to `eos_token_id`:151645 for open-end generation.
Setting `pad_token_id` to `eos_token_id`:151645 for open-end generation.
Setting `pad_token_id` to `eos_token_id`:151645 for open-end generation.
Setting `pad_token_id` to `eos_token_id`:151645 for open-end generation.
Setting `pad_token_id` to `eos_token_id`:151645 for open-end generation.
Setting `pad_token_id` to `eos_token_id`:151645 for open-end generation.
Setting `pad_token_id` to `eos_token_id`:151645 for open-end generation.
Setting `pad_token_id` to `eos_token_id`:151645 for open-end generation.
Setting `pad_token_id` to `eos_token_id`:151645 for open-end generation.
Setting `pad_token_id` to `eos_token_id`:151645 for open-end generation.
Setting `pad_token_id` to `eos_token_id`:151645 for open-end generation.
Setting `pad_token_id` to `eos_token_id`:151645 for open-end generation.
Setting `pad_token_id` to `eos_token_id`:151645 for open-end generation.
Setting `pad_token_id` to `eos_token_id`:151645 for open-end generation.
Setting `pad_token_id` to `eos_token_id`:151645 for open-end generation.
Setting `pad_token_id` to `eos_token_id`:151645 for open-end generation.
Setting `pad_token_id` to `eos_token_id`:151645 for open-end generation.
Setting `pad_token_id` to `eos_token_id`:151645 for open-end generation.
Setting `pad_token_id` to `eos_token_id`:151645 for open-end generation.
Setting `pad_token_id` to `eos_token_id`:151645 for open-end generation.
Setting `pad_token_id` to `eos_token_id`:151645 for open-end generation.
Setting `pad_token_id` to `eos_token_id`:151645 for open-end generation.
Setting `pad_token_id` to `eos_token_id`:151645 for open-end generation.
Setting `pad_token_id` to `eos_token_id`:151645 for open-end generation.
Setting `pad_token_id` to `eos_token_id`:151645 for open-end generation.
Setting `pad_token_id` to `eos_token_id`:151645 for open-end generation.
Setting `pad_token_id` to `eos_token_id`:151645 for open-end generation.
Setting `pad_token_id` to `eos_token_id`:151645 for open-end generation.
Setting `pad_token_id` to `eos_token_id`:151645 for open-end generation.
Setting `pad_token_id` to `eos_token_id`:151645 for open-end generation.
Setting `pad_token_id` to `eos_token_id`:151645 for open-end generation.
Setting `pad_token_id` to `eos_token_id`:151645 for open-end generation.
Setting `pad_token_id` to `eos_token_id`:151645 for open-end generation.
Setting `pad_token_id` to `eos_token_id`:151645 for open-end generation.
Setting `pad_token_id` to `eos_token_id`:151645 for open-end generation.
Setting `pad_token_id` to `eos_token_id`:151645 for open-end generation.
Setting `pad_token_id` to `eos_token_id`:151645 for open-end generation.
Setting `pad_token_id` to `eos_token_id`:151645 for open-end generation.
Setting `pad_token_id` to `eos_token_id`:151645 for open-end generation.
Setting `pad_token_id` to `eos_token_id`:151645 for open-end generation.
Setting `pad_token_id` to `eos_token_id`:151645 for open-end generation.
Setting `pad_token_id` to `eos_token_id`:151645 for open-end generation.
Setting `pad_token_id` to `eos_token_id`:151645 for open-end generation.
Setting `pad_token_id` to `eos_token_id`:151645 for open-end generation.
Setting `pad_token_id` to `eos_token_id`:151645 for open-end generation.
Setting `pad_token_id` to `eos_token_id`:151645 for open-end generation.
Setting `pad_token_id` to `eos_token_id`:151645 for open-end generation.
Setting `pad_token_id` to `eos_token_id`:151645 for open-end generation.
Setting `pad_token_id` to `eos_token_id`:151645 for open-end generation.
Setting `pad_token_id` to `eos_token_id`:151645 for open-end generation.
Setting `pad_token_id` to `eos_token_id`:151645 for open-end generation.
Setting `pad_token_id` to `eos_token_id`:151645 for open-end generation.
Setting `pad_token_id` to `eos_token_id`:151645 for open-end generation.
Setting `pad_token_id` to `eos_token_id`:151645 for open-end generation.
Setting `pad_token_id` to `eos_token_id`:151645 for open-end generation.
Setting `pad_token_id` to `eos_token_id`:151645 for open-end generation.
Setting `pad_token_id` to `eos_token_id`:151645 for open-end generation.
Setting `pad_token_id` to `eos_token_id`:151645 for open-end generation.
Setting `pad_token_id` to `eos_token_id`:151645 for open-end generation.
Setting `pad_token_id` to `eos_token_id`:151645 for open-end generation.
Setting `pad_token_id` to `eos_token_id`:151645 for open-end generation.
Setting `pad_token_id` to `eos_token_id`:151645 for open-end generation.
Setting `pad_token_id` to `eos_token_id`:151645 for open-end generation.
Setting `pad_token_id` to `eos_token_id`:151645 for open-end generation.
Setting `pad_token_id` to `eos_token_id`:151645 for open-end generation.
Setting `pad_token_id` to `eos_token_id`:151645 for open-end generation.
Setting `pad_token_id` to `eos_token_id`:151645 for open-end generation.
Setting `pad_token_id` to `eos_token_id`:151645 for open-end generation.
Setting `pad_token_id` to `eos_token_id`:151645 for open-end generation.
Setting `pad_token_id` to `eos_token_id`:151645 for open-end generation.
Setting `pad_token_id` to `eos_token_id`:151645 for open-end generation.
Setting `pad_token_id` to `eos_token_id`:151645 for open-end generation.
Setting `pad_token_id` to `eos_token_id`:151645 for open-end generation.
Setting `pad_token_id` to `eos_token_id`:151645 for open-end generation.
Setting `pad_token_id` to `eos_token_id`:151645 for open-end generation.
Setting `pad_token_id` to `eos_token_id`:151645 for open-end generation.
Setting `pad_token_id` to `eos_token_id`:151645 for open-end generation.
Setting `pad_token_id` to `eos_token_id`:151645 for open-end generation.
Setting `pad_token_id` to `eos_token_id`:151645 for open-end generation.
Setting `pad_token_id` to `eos_token_id`:151645 for open-end generation.
Setting `pad_token_id` to `eos_token_id`:151645 for open-end generation.
Setting `pad_token_id` to `eos_token_id`:151645 for open-end generation.
Setting `pad_token_id` to `eos_token_id`:151645 for open-end generation.
Setting `pad_token_id` to `eos_token_id`:151645 for open-end generation.
Setting `pad_token_id` to `eos_token_id`:151645 for open-end generation.
Setting `pad_token_id` to `eos_token_id`:151645 for open-end generation.
Setting `pad_token_id` to `eos_token_id`:151645 for open-end generation.
Setting `pad_token_id` to `eos_token_id`:151645 for open-end generation.
Setting `pad_token_id` to `eos_token_id`:151645 for open-end generation.
Setting `pad_token_id` to `eos_token_id`:151645 for open-end generation.
Setting `pad_token_id` to `eos_token_id`:151645 for open-end generation.
Setting `pad_token_id` to `eos_token_id`:151645 for open-end generation.
Setting `pad_token_id` to `eos_token_id`:151645 for open-end generation.
Setting `pad_token_id` to `eos_token_id`:151645 for open-end generation.
Setting `pad_token_id` to `eos_token_id`:151645 for open-end generation.
Setting `pad_token_id` to `eos_token_id`:151645 for open-end generation.
Setting `pad_token_id` to `eos_token_id`:151645 for open-end generation.
Setting `pad_token_id` to `eos_token_id`:151645 for open-end generation.
Setting `pad_token_id` to `eos_token_id`:151645 for open-end generation.
Setting `pad_token_id` to `eos_token_id`:151645 for open-end generation.
Setting `pad_token_id` to `eos_token_id`:151645 for open-end generation.
Setting `pad_token_id` to `eos_token_id`:151645 for open-end generation.
Setting `pad_token_id` to `eos_token_id`:151645 for open-end generation.
Setting `pad_token_id` to `eos_token_id`:151645 for open-end generation.
Setting `pad_token_id` to `eos_token_id`:151645 for open-end generation.
Setting `pad_token_id` to `eos_token_id`:151645 for open-end generation.
Setting `pad_token_id` to `eos_token_id`:151645 for open-end generation.
Setting `pad_token_id` to `eos_token_id`:151645 for open-end generation.
Setting `pad_token_id` to `eos_token_id`:151645 for open-end generation.
Setting `pad_token_id` to `eos_token_id`:151645 for open-end generation.
Setting `pad_token_id` to `eos_token_id`:151645 for open-end generation.
Setting `pad_token_id` to `eos_token_id`:151645 for open-end generation.
Setting `pad_token_id` to `eos_token_id`:151645 for open-end generation.
Setting `pad_token_id` to `eos_token_id`:151645 for open-end generation.
Setting `pad_token_id` to `eos_token_id`:151645 for open-end generation.
Setting `pad_token_id` to `eos_token_id`:151645 for open-end generation.
Setting `pad_token_id` to `eos_token_id`:151645 for open-end generation.
Setting `pad_token_id` to `eos_token_id`:151645 for open-end generation.
Setting `pad_token_id` to `eos_token_id`:151645 for open-end generation.
Setting `pad_token_id` to `eos_token_id`:151645 for open-end generation.
Setting `pad_token_id` to `eos_token_id`:151645 for open-end generation.
Setting `pad_token_id` to `eos_token_id`:151645 for open-end generation.
Setting `pad_token_id` to `eos_token_id`:151645 for open-end generation.
Setting `pad_token_id` to `eos_token_id`:151645 for open-end generation.
Setting `pad_token_id` to `eos_token_id`:151645 for open-end generation.
Setting `pad_token_id` to `eos_token_id`:151645 for open-end generation.
Setting `pad_token_id` to `eos_token_id`:151645 for open-end generation.
Setting `pad_token_id` to `eos_token_id`:151645 for open-end generation.
Setting `pad_token_id` to `eos_token_id`:151645 for open-end generation.
Setting `pad_token_id` to `eos_token_id`:151645 for open-end generation.
Setting `pad_token_id` to `eos_token_id`:151645 for open-end generation.
Setting `pad_token_id` to `eos_token_id`:151645 for open-end generation.
Setting `pad_token_id` to `eos_token_id`:151645 for open-end generation.
Setting `pad_token_id` to `eos_token_id`:151645 for open-end generation.
Setting `pad_token_id` to `eos_token_id`:151645 for open-end generation.
Setting `pad_token_id` to `eos_token_id`:151645 for open-end generation.
Setting `pad_token_id` to `eos_token_id`:151645 for open-end generation.
Setting `pad_token_id` to `eos_token_id`:151645 for open-end generation.
Setting `pad_token_id` to `eos_token_id`:151645 for open-end generation.
Setting `pad_token_id` to `eos_token_id`:151645 for open-end generation.
Setting `pad_token_id` to `eos_token_id`:151645 for open-end generation.
Setting `pad_token_id` to `eos_token_id`:151645 for open-end generation.
Setting `pad_token_id` to `eos_token_id`:151645 for open-end generation.
Setting `pad_token_id` to `eos_token_id`:151645 for open-end generation.
Setting `pad_token_id` to `eos_token_id`:151645 for open-end generation.
Setting `pad_token_id` to `eos_token_id`:151645 for open-end generation.
Setting `pad_token_id` to `eos_token_id`:151645 for open-end generation.
Setting `pad_token_id` to `eos_token_id`:151645 for open-end generation.
Setting `pad_token_id` to `eos_token_id`:151645 for open-end generation.
Setting `pad_token_id` to `eos_token_id`:151645 for open-end generation.
Setting `pad_token_id` to `eos_token_id`:151645 for open-end generation.
Setting `pad_token_id` to `eos_token_id`:151645 for open-end generation.
Setting `pad_token_id` to `eos_token_id`:151645 for open-end generation.
Setting `pad_token_id` to `eos_token_id`:151645 for open-end generation.
Setting `pad_token_id` to `eos_token_id`:151645 for open-end generation.
Setting `pad_token_id` to `eos_token_id`:151645 for open-end generation.
Setting `pad_token_id` to `eos_token_id`:151645 for open-end generation.
Setting `pad_token_id` to `eos_token_id`:151645 for open-end generation.
Setting `pad_token_id` to `eos_token_id`:151645 for open-end generation.
Setting `pad_token_id` to `eos_token_id`:151645 for open-end generation.
Setting `pad_token_id` to `eos_token_id`:151645 for open-end generation.
Setting `pad_token_id` to `eos_token_id`:151645 for open-end generation.
Setting `pad_token_id` to `eos_token_id`:151645 for open-end generation.
Setting `pad_token_id` to `eos_token_id`:151645 for open-end generation.
Setting `pad_token_id` to `eos_token_id`:151645 for open-end generation.
Setting `pad_token_id` to `eos_token_id`:151645 for open-end generation.
Setting `pad_token_id` to `eos_token_id`:151645 for open-end generation.
Setting `pad_token_id` to `eos_token_id`:151645 for open-end generation.
Setting `pad_token_id` to `eos_token_id`:151645 for open-end generation.
Setting `pad_token_id` to `eos_token_id`:151645 for open-end generation.
Setting `pad_token_id` to `eos_token_id`:151645 for open-end generation.
Setting `pad_token_id` to `eos_token_id`:151645 for open-end generation.
Setting `pad_token_id` to `eos_token_id`:151645 for open-end generation.
Setting `pad_token_id` to `eos_token_id`:151645 for open-end generation.
Setting `pad_token_id` to `eos_token_id`:151645 for open-end generation.
Setting `pad_token_id` to `eos_token_id`:151645 for open-end generation.
Setting `pad_token_id` to `eos_token_id`:151645 for open-end generation.
Setting `pad_token_id` to `eos_token_id`:151645 for open-end generation.
Setting `pad_token_id` to `eos_token_id`:151645 for open-end generation.
Setting `pad_token_id` to `eos_token_id`:151645 for open-end generation.
Setting `pad_token_id` to `eos_token_id`:151645 for open-end generation.
Setting `pad_token_id` to `eos_token_id`:151645 for open-end generation.
Setting `pad_token_id` to `eos_token_id`:151645 for open-end generation.
Setting `pad_token_id` to `eos_token_id`:151645 for open-end generation.
Setting `pad_token_id` to `eos_token_id`:151645 for open-end generation.
Setting `pad_token_id` to `eos_token_id`:151645 for open-end generation.
Setting `pad_token_id` to `eos_token_id`:151645 for open-end generation.
Setting `pad_token_id` to `eos_token_id`:151645 for open-end generation.
Setting `pad_token_id` to `eos_token_id`:151645 for open-end generation.
Setting `pad_token_id` to `eos_token_id`:151645 for open-end generation.
Setting `pad_token_id` to `eos_token_id`:151645 for open-end generation.
Setting `pad_token_id` to `eos_token_id`:151645 for open-end generation.
Setting `pad_token_id` to `eos_token_id`:151645 for open-end generation.
Setting `pad_token_id` to `eos_token_id`:151645 for open-end generation.
Setting `pad_token_id` to `eos_token_id`:151645 for open-end generation.
Setting `pad_token_id` to `eos_token_id`:151645 for open-end generation.
Setting `pad_token_id` to `eos_token_id`:151645 for open-end generation.
Setting `pad_token_id` to `eos_token_id`:151645 for open-end generation.
Setting `pad_token_id` to `eos_token_id`:151645 for open-end generation.
Setting `pad_token_id` to `eos_token_id`:151645 for open-end generation.
Setting `pad_token_id` to `eos_token_id`:151645 for open-end generation.
Setting `pad_token_id` to `eos_token_id`:151645 for open-end generation.
Setting `pad_token_id` to `eos_token_id`:151645 for open-end generation.
Setting `pad_token_id` to `eos_token_id`:151645 for open-end generation.
Setting `pad_token_id` to `eos_token_id`:151645 for open-end generation.
Setting `pad_token_id` to `eos_token_id`:151645 for open-end generation.
Setting `pad_token_id` to `eos_token_id`:151645 for open-end generation.
Setting `pad_token_id` to `eos_token_id`:151645 for open-end generation.
Setting `pad_token_id` to `eos_token_id`:151645 for open-end generation.
Setting `pad_token_id` to `eos_token_id`:151645 for open-end generation.
Setting `pad_token_id` to `eos_token_id`:151645 for open-end generation.
Setting `pad_token_id` to `eos_token_id`:151645 for open-end generation.
Setting `pad_token_id` to `eos_token_id`:151645 for open-end generation.
Setting `pad_token_id` to `eos_token_id`:151645 for open-end generation.
Setting `pad_token_id` to `eos_token_id`:151645 for open-end generation.
Setting `pad_token_id` to `eos_token_id`:151645 for open-end generation.
Setting `pad_token_id` to `eos_token_id`:151645 for open-end generation.
Setting `pad_token_id` to `eos_token_id`:151645 for open-end generation.
Setting `pad_token_id` to `eos_token_id`:151645 for open-end generation.
Setting `pad_token_id` to `eos_token_id`:151645 for open-end generation.
Setting `pad_token_id` to `eos_token_id`:151645 for open-end generation.
Setting `pad_token_id` to `eos_token_id`:151645 for open-end generation.
Setting `pad_token_id` to `eos_token_id`:151645 for open-end generation.
Setting `pad_token_id` to `eos_token_id`:151645 for open-end generation.
Setting `pad_token_id` to `eos_token_id`:151645 for open-end generation.
Setting `pad_token_id` to `eos_token_id`:151645 for open-end generation.
Setting `pad_token_id` to `eos_token_id`:151645 for open-end generation.
Setting `pad_token_id` to `eos_token_id`:151645 for open-end generation.
Setting `pad_token_id` to `eos_token_id`:151645 for open-end generation.
Setting `pad_token_id` to `eos_token_id`:151645 for open-end generation.
Setting `pad_token_id` to `eos_token_id`:151645 for open-end generation.
Setting `pad_token_id` to `eos_token_id`:151645 for open-end generation.
Setting `pad_token_id` to `eos_token_id`:151645 for open-end generation.
Setting `pad_token_id` to `eos_token_id`:151645 for open-end generation.
Setting `pad_token_id` to `eos_token_id`:151645 for open-end generation.
Setting `pad_token_id` to `eos_token_id`:151645 for open-end generation.
Setting `pad_token_id` to `eos_token_id`:151645 for open-end generation.
Setting `pad_token_id` to `eos_token_id`:151645 for open-end generation.
Setting `pad_token_id` to `eos_token_id`:151645 for open-end generation.
Setting `pad_token_id` to `eos_token_id`:151645 for open-end generation.
Setting `pad_token_id` to `eos_token_id`:151645 for open-end generation.
Setting `pad_token_id` to `eos_token_id`:151645 for open-end generation.
Setting `pad_token_id` to `eos_token_id`:151645 for open-end generation.
Setting `pad_token_id` to `eos_token_id`:151645 for open-end generation.
Setting `pad_token_id` to `eos_token_id`:151645 for open-end generation.
Setting `pad_token_id` to `eos_token_id`:151645 for open-end generation.
Setting `pad_token_id` to `eos_token_id`:151645 for open-end generation.
Setting `pad_token_id` to `eos_token_id`:151645 for open-end generation.
Setting `pad_token_id` to `eos_token_id`:151645 for open-end generation.
Setting `pad_token_id` to `eos_token_id`:151645 for open-end generation.
Setting `pad_token_id` to `eos_token_id`:151645 for open-end generation.
Setting `pad_token_id` to `eos_token_id`:151645 for open-end generation.
Setting `pad_token_id` to `eos_token_id`:151645 for open-end generation.
Setting `pad_token_id` to `eos_token_id`:151645 for open-end generation.
Setting `pad_token_id` to `eos_token_id`:151645 for open-end generation.
Setting `pad_token_id` to `eos_token_id`:151645 for open-end generation.
Setting `pad_token_id` to `eos_token_id`:151645 for open-end generation.
Setting `pad_token_id` to `eos_token_id`:151645 for open-end generation.
Setting `pad_token_id` to `eos_token_id`:151645 for open-end generation.
Setting `pad_token_id` to `eos_token_id`:151645 for open-end generation.
Setting `pad_token_id` to `eos_token_id`:151645 for open-end generation.
Setting `pad_token_id` to `eos_token_id`:151645 for open-end generation.
Setting `pad_token_id` to `eos_token_id`:151645 for open-end generation.
Setting `pad_token_id` to `eos_token_id`:151645 for open-end generation.
Setting `pad_token_id` to `eos_token_id`:151645 for open-end generation.
Setting `pad_token_id` to `eos_token_id`:151645 for open-end generation.
Setting `pad_token_id` to `eos_token_id`:151645 for open-end generation.
Setting `pad_token_id` to `eos_token_id`:151645 for open-end generation.
Setting `pad_token_id` to `eos_token_id`:151645 for open-end generation.
Setting `pad_token_id` to `eos_token_id`:151645 for open-end generation.
Setting `pad_token_id` to `eos_token_id`:151645 for open-end generation.
Setting `pad_token_id` to `eos_token_id`:151645 for open-end generation.
Setting `pad_token_id` to `eos_token_id`:151645 for open-end generation.
Setting `pad_token_id` to `eos_token_id`:151645 for open-end generation.
Setting `pad_token_id` to `eos_token_id`:151645 for open-end generation.
Setting `pad_token_id` to `eos_token_id`:151645 for open-end generation.
Setting `pad_token_id` to `eos_token_id`:151645 for open-end generation.
Setting `pad_token_id` to `eos_token_id`:151645 for open-end generation.
Setting `pad_token_id` to `eos_token_id`:151645 for open-end generation.
Setting `pad_token_id` to `eos_token_id`:151645 for open-end generation.
Setting `pad_token_id` to `eos_token_id`:151645 for open-end generation.
Setting `pad_token_id` to `eos_token_id`:151645 for open-end generation.
Setting `pad_token_id` to `eos_token_id`:151645 for open-end generation.
Setting `pad_token_id` to `eos_token_id`:151645 for open-end generation.
Setting `pad_token_id` to `eos_token_id`:151645 for open-end generation.
Setting `pad_token_id` to `eos_token_id`:151645 for open-end generation.
Setting `pad_token_id` to `eos_token_id`:151645 for open-end generation.
Setting `pad_token_id` to `eos_token_id`:151645 for open-end generation.
Setting `pad_token_id` to `eos_token_id`:151645 for open-end generation.
Setting `pad_token_id` to `eos_token_id`:151645 for open-end generation.
Setting `pad_token_id` to `eos_token_id`:151645 for open-end generation.
Setting `pad_token_id` to `eos_token_id`:151645 for open-end generation.
Setting `pad_token_id` to `eos_token_id`:151645 for open-end generation.
Setting `pad_token_id` to `eos_token_id`:151645 for open-end generation.
Setting `pad_token_id` to `eos_token_id`:151645 for open-end generation.
Setting `pad_token_id` to `eos_token_id`:151645 for open-end generation.
Setting `pad_token_id` to `eos_token_id`:151645 for open-end generation.
Setting `pad_token_id` to `eos_token_id`:151645 for open-end generation.
Setting `pad_token_id` to `eos_token_id`:151645 for open-end generation.
Setting `pad_token_id` to `eos_token_id`:151645 for open-end generation.
Setting `pad_token_id` to `eos_token_id`:151645 for open-end generation.
Setting `pad_token_id` to `eos_token_id`:151645 for open-end generation.
Setting `pad_token_id` to `eos_token_id`:151645 for open-end generation.
Setting `pad_token_id` to `eos_token_id`:151645 for open-end generation.
Setting `pad_token_id` to `eos_token_id`:151645 for open-end generation.
Setting `pad_token_id` to `eos_token_id`:151645 for open-end generation.
Setting `pad_token_id` to `eos_token_id`:151645 for open-end generation.
Setting `pad_token_id` to `eos_token_id`:151645 for open-end generation.
Setting `pad_token_id` to `eos_token_id`:151645 for open-end generation.
Setting `pad_token_id` to `eos_token_id`:151645 for open-end generation.
Setting `pad_token_id` to `eos_token_id`:151645 for open-end generation.
Setting `pad_token_id` to `eos_token_id`:151645 for open-end generation.
Setting `pad_token_id` to `eos_token_id`:151645 for open-end generation.
Setting `pad_token_id` to `eos_token_id`:151645 for open-end generation.
Setting `pad_token_id` to `eos_token_id`:151645 for open-end generation.
Setting `pad_token_id` to `eos_token_id`:151645 for open-end generation.
Setting `pad_token_id` to `eos_token_id`:151645 for open-end generation.
Setting `pad_token_id` to `eos_token_id`:151645 for open-end generation.
Setting `pad_token_id` to `eos_token_id`:151645 for open-end generation.
Setting `pad_token_id` to `eos_token_id`:151645 for open-end generation.
Setting `pad_token_id` to `eos_token_id`:151645 for open-end generation.
Setting `pad_token_id` to `eos_token_id`:151645 for open-end generation.
Setting `pad_token_id` to `eos_token_id`:151645 for open-end generation.
Setting `pad_token_id` to `eos_token_id`:151645 for open-end generation.
Setting `pad_token_id` to `eos_token_id`:151645 for open-end generation.
Setting `pad_token_id` to `eos_token_id`:151645 for open-end generation.
Setting `pad_token_id` to `eos_token_id`:151645 for open-end generation.
Setting `pad_token_id` to `eos_token_id`:151645 for open-end generation.
Setting `pad_token_id` to `eos_token_id`:151645 for open-end generation.
Setting `pad_token_id` to `eos_token_id`:151645 for open-end generation.
Setting `pad_token_id` to `eos_token_id`:151645 for open-end generation.
Setting `pad_token_id` to `eos_token_id`:151645 for open-end generation.
Setting `pad_token_id` to `eos_token_id`:151645 for open-end generation.
Setting `pad_token_id` to `eos_token_id`:151645 for open-end generation.
Setting `pad_token_id` to `eos_token_id`:151645 for open-end generation.
Setting `pad_token_id` to `eos_token_id`:151645 for open-end generation.
Setting `pad_token_id` to `eos_token_id`:151645 for open-end generation.
Setting `pad_token_id` to `eos_token_id`:151645 for open-end generation.
Setting `pad_token_id` to `eos_token_id`:151645 for open-end generation.
Setting `pad_token_id` to `eos_token_id`:151645 for open-end generation.
Setting `pad_token_id` to `eos_token_id`:151645 for open-end generation.
Setting `pad_token_id` to `eos_token_id`:151645 for open-end generation.
Setting `pad_token_id` to `eos_token_id`:151645 for open-end generation.
Setting `pad_token_id` to `eos_token_id`:151645 for open-end generation.
Setting `pad_token_id` to `eos_token_id`:151645 for open-end generation.
Setting `pad_token_id` to `eos_token_id`:151645 for open-end generation.
Setting `pad_token_id` to `eos_token_id`:151645 for open-end generation.
Setting `pad_token_id` to `eos_token_id`:151645 for open-end generation.
Setting `pad_token_id` to `eos_token_id`:151645 for open-end generation.
Setting `pad_token_id` to `eos_token_id`:151645 for open-end generation.
Setting `pad_token_id` to `eos_token_id`:151645 for open-end generation.
Setting `pad_token_id` to `eos_token_id`:151645 for open-end generation.
Setting `pad_token_id` to `eos_token_id`:151645 for open-end generation.
Setting `pad_token_id` to `eos_token_id`:151645 for open-end generation.
Setting `pad_token_id` to `eos_token_id`:151645 for open-end generation.
Setting `pad_token_id` to `eos_token_id`:151645 for open-end generation.
Setting `pad_token_id` to `eos_token_id`:151645 for open-end generation.
Setting `pad_token_id` to `eos_token_id`:151645 for open-end generation.
Setting `pad_token_id` to `eos_token_id`:151645 for open-end generation.
Setting `pad_token_id` to `eos_token_id`:151645 for open-end generation.
Setting `pad_token_id` to `eos_token_id`:151645 for open-end generation.
Setting `pad_token_id` to `eos_token_id`:151645 for open-end generation.
Setting `pad_token_id` to `eos_token_id`:151645 for open-end generation.
Setting `pad_token_id` to `eos_token_id`:151645 for open-end generation.
Setting `pad_token_id` to `eos_token_id`:151645 for open-end generation.
Setting `pad_token_id` to `eos_token_id`:151645 for open-end generation.
Setting `pad_token_id` to `eos_token_id`:151645 for open-end generation.
Setting `pad_token_id` to `eos_token_id`:151645 for open-end generation.
Setting `pad_token_id` to `eos_token_id`:151645 for open-end generation.
Setting `pad_token_id` to `eos_token_id`:151645 for open-end generation.
Setting `pad_token_id` to `eos_token_id`:151645 for open-end generation.
Setting `pad_token_id` to `eos_token_id`:151645 for open-end generation.
Setting `pad_token_id` to `eos_token_id`:151645 for open-end generation.
Setting `pad_token_id` to `eos_token_id`:151645 for open-end generation.
Setting `pad_token_id` to `eos_token_id`:151645 for open-end generation.
Setting `pad_token_id` to `eos_token_id`:151645 for open-end generation.
Setting `pad_token_id` to `eos_token_id`:151645 for open-end generation.
Setting `pad_token_id` to `eos_token_id`:151645 for open-end generation.
Setting `pad_token_id` to `eos_token_id`:151645 for open-end generation.
Setting `pad_token_id` to `eos_token_id`:151645 for open-end generation.
Setting `pad_token_id` to `eos_token_id`:151645 for open-end generation.
Setting `pad_token_id` to `eos_token_id`:151645 for open-end generation.
Setting `pad_token_id` to `eos_token_id`:151645 for open-end generation.
Setting `pad_token_id` to `eos_token_id`:151645 for open-end generation.
Setting `pad_token_id` to `eos_token_id`:151645 for open-end generation.
Setting `pad_token_id` to `eos_token_id`:151645 for open-end generation.
Setting `pad_token_id` to `eos_token_id`:151645 for open-end generation.
Setting `pad_token_id` to `eos_token_id`:151645 for open-end generation.
Setting `pad_token_id` to `eos_token_id`:151645 for open-end generation.
Setting `pad_token_id` to `eos_token_id`:151645 for open-end generation.
Setting `pad_token_id` to `eos_token_id`:151645 for open-end generation.
Setting `pad_token_id` to `eos_token_id`:151645 for open-end generation.
Setting `pad_token_id` to `eos_token_id`:151645 for open-end generation.
Setting `pad_token_id` to `eos_token_id`:151645 for open-end generation.
Setting `pad_token_id` to `eos_token_id`:151645 for open-end generation.
Setting `pad_token_id` to `eos_token_id`:151645 for open-end generation.
Setting `pad_token_id` to `eos_token_id`:151645 for open-end generation.
Setting `pad_token_id` to `eos_token_id`:151645 for open-end generation.
Setting `pad_token_id` to `eos_token_id`:151645 for open-end generation.
Setting `pad_token_id` to `eos_token_id`:151645 for open-end generation.
Setting `pad_token_id` to `eos_token_id`:151645 for open-end generation.
Setting `pad_token_id` to `eos_token_id`:151645 for open-end generation.
Setting `pad_token_id` to `eos_token_id`:151645 for open-end generation.
Setting `pad_token_id` to `eos_token_id`:151645 for open-end generation.
Setting `pad_token_id` to `eos_token_id`:151645 for open-end generation.
Setting `pad_token_id` to `eos_token_id`:151645 for open-end generation.
Setting `pad_token_id` to `eos_token_id`:151645 for open-end generation.
Setting `pad_token_id` to `eos_token_id`:151645 for open-end generation.
Setting `pad_token_id` to `eos_token_id`:151645 for open-end generation.
Setting `pad_token_id` to `eos_token_id`:151645 for open-end generation.
Setting `pad_token_id` to `eos_token_id`:151645 for open-end generation.
Setting `pad_token_id` to `eos_token_id`:151645 for open-end generation.
Setting `pad_token_id` to `eos_token_id`:151645 for open-end generation.
Setting `pad_token_id` to `eos_token_id`:151645 for open-end generation.
Setting `pad_token_id` to `eos_token_id`:151645 for open-end generation.
Setting `pad_token_id` to `eos_token_id`:151645 for open-end generation.
Setting `pad_token_id` to `eos_token_id`:151645 for open-end generation.
Setting `pad_token_id` to `eos_token_id`:151645 for open-end generation.
Setting `pad_token_id` to `eos_token_id`:151645 for open-end generation.
Setting `pad_token_id` to `eos_token_id`:151645 for open-end generation.
Setting `pad_token_id` to `eos_token_id`:151645 for open-end generation.
Setting `pad_token_id` to `eos_token_id`:151645 for open-end generation.
Setting `pad_token_id` to `eos_token_id`:151645 for open-end generation.
Setting `pad_token_id` to `eos_token_id`:151645 for open-end generation.
Setting `pad_token_id` to `eos_token_id`:151645 for open-end generation.
Setting `pad_token_id` to `eos_token_id`:151645 for open-end generation.
Setting `pad_token_id` to `eos_token_id`:151645 for open-end generation.
Setting `pad_token_id` to `eos_token_id`:151645 for open-end generation.
Setting `pad_token_id` to `eos_token_id`:151645 for open-end generation.
Setting `pad_token_id` to `eos_token_id`:151645 for open-end generation.
Setting `pad_token_id` to `eos_token_id`:151645 for open-end generation.
Setting `pad_token_id` to `eos_token_id`:151645 for open-end generation.
Setting `pad_token_id` to `eos_token_id`:151645 for open-end generation.
Setting `pad_token_id` to `eos_token_id`:151645 for open-end generation.
Setting `pad_token_id` to `eos_token_id`:151645 for open-end generation.
Setting `pad_token_id` to `eos_token_id`:151645 for open-end generation.
Setting `pad_token_id` to `eos_token_id`:151645 for open-end generation.
Setting `pad_token_id` to `eos_token_id`:151645 for open-end generation.
Setting `pad_token_id` to `eos_token_id`:151645 for open-end generation.
Setting `pad_token_id` to `eos_token_id`:151645 for open-end generation.
Setting `pad_token_id` to `eos_token_id`:151645 for open-end generation.
Setting `pad_token_id` to `eos_token_id`:151645 for open-end generation.
Setting `pad_token_id` to `eos_token_id`:151645 for open-end generation.
Setting `pad_token_id` to `eos_token_id`:151645 for open-end generation.
Setting `pad_token_id` to `eos_token_id`:151645 for open-end generation.
Setting `pad_token_id` to `eos_token_id`:151645 for open-end generation.
Setting `pad_token_id` to `eos_token_id`:151645 for open-end generation.
Setting `pad_token_id` to `eos_token_id`:151645 for open-end generation.
Setting `pad_token_id` to `eos_token_id`:151645 for open-end generation.
Setting `pad_token_id` to `eos_token_id`:151645 for open-end generation.
Setting `pad_token_id` to `eos_token_id`:151645 for open-end generation.
Setting `pad_token_id` to `eos_token_id`:151645 for open-end generation.
Setting `pad_token_id` to `eos_token_id`:151645 for open-end generation.
Setting `pad_token_id` to `eos_token_id`:151645 for open-end generation.
Setting `pad_token_id` to `eos_token_id`:151645 for open-end generation.
Setting `pad_token_id` to `eos_token_id`:151645 for open-end generation.
Setting `pad_token_id` to `eos_token_id`:151645 for open-end generation.
Setting `pad_token_id` to `eos_token_id`:151645 for open-end generation.
Setting `pad_token_id` to `eos_token_id`:151645 for open-end generation.
Setting `pad_token_id` to `eos_token_id`:151645 for open-end generation.
Setting `pad_token_id` to `eos_token_id`:151645 for open-end generation.
Setting `pad_token_id` to `eos_token_id`:151645 for open-end generation.
Setting `pad_token_id` to `eos_token_id`:151645 for open-end generation.
Setting `pad_token_id` to `eos_token_id`:151645 for open-end generation.
Setting `pad_token_id` to `eos_token_id`:151645 for open-end generation.
Setting `pad_token_id` to `eos_token_id`:151645 for open-end generation.
Setting `pad_token_id` to `eos_token_id`:151645 for open-end generation.
Setting `pad_token_id` to `eos_token_id`:151645 for open-end generation.
Setting `pad_token_id` to `eos_token_id`:151645 for open-end generation.
Setting `pad_token_id` to `eos_token_id`:151645 for open-end generation.
Setting `pad_token_id` to `eos_token_id`:151645 for open-end generation.
Setting `pad_token_id` to `eos_token_id`:151645 for open-end generation.
Setting `pad_token_id` to `eos_token_id`:151645 for open-end generation.
Setting `pad_token_id` to `eos_token_id`:151645 for open-end generation.
Setting `pad_token_id` to `eos_token_id`:151645 for open-end generation.
Setting `pad_token_id` to `eos_token_id`:151645 for open-end generation.
Setting `pad_token_id` to `eos_token_id`:151645 for open-end generation.
Setting `pad_token_id` to `eos_token_id`:151645 for open-end generation.
Setting `pad_token_id` to `eos_token_id`:151645 for open-end generation.
Setting `pad_token_id` to `eos_token_id`:151645 for open-end generation.
Setting `pad_token_id` to `eos_token_id`:151645 for open-end generation.
Setting `pad_token_id` to `eos_token_id`:151645 for open-end generation.
Setting `pad_token_id` to `eos_token_id`:151645 for open-end generation.
Setting `pad_token_id` to `eos_token_id`:151645 for open-end generation.
Setting `pad_token_id` to `eos_token_id`:151645 for open-end generation.
Setting `pad_token_id` to `eos_token_id`:151645 for open-end generation.
Setting `pad_token_id` to `eos_token_id`:151645 for open-end generation.
Setting `pad_token_id` to `eos_token_id`:151645 for open-end generation.
Setting `pad_token_id` to `eos_token_id`:151645 for open-end generation.
Setting `pad_token_id` to `eos_token_id`:151645 for open-end generation.
Setting `pad_token_id` to `eos_token_id`:151645 for open-end generation.
Setting `pad_token_id` to `eos_token_id`:151645 for open-end generation.
Setting `pad_token_id` to `eos_token_id`:151645 for open-end generation.
Setting `pad_token_id` to `eos_token_id`:151645 for open-end generation.
Setting `pad_token_id` to `eos_token_id`:151645 for open-end generation.
Setting `pad_token_id` to `eos_token_id`:151645 for open-end generation.
Setting `pad_token_id` to `eos_token_id`:151645 for open-end generation.
Setting `pad_token_id` to `eos_token_id`:151645 for open-end generation.
Setting `pad_token_id` to `eos_token_id`:151645 for open-end generation.
Setting `pad_token_id` to `eos_token_id`:151645 for open-end generation.
Setting `pad_token_id` to `eos_token_id`:151645 for open-end generation.
Setting `pad_token_id` to `eos_token_id`:151645 for open-end generation.
Setting `pad_token_id` to `eos_token_id`:151645 for open-end generation.
Setting `pad_token_id` to `eos_token_id`:151645 for open-end generation.
Setting `pad_token_id` to `eos_token_id`:151645 for open-end generation.
Setting `pad_token_id` to `eos_token_id`:151645 for open-end generation.
Setting `pad_token_id` to `eos_token_id`:151645 for open-end generation.
Setting `pad_token_id` to `eos_token_id`:151645 for open-end generation.
Setting `pad_token_id` to `eos_token_id`:151645 for open-end generation.
Setting `pad_token_id` to `eos_token_id`:151645 for open-end generation.
Setting `pad_token_id` to `eos_token_id`:151645 for open-end generation.
Setting `pad_token_id` to `eos_token_id`:151645 for open-end generation.
Setting `pad_token_id` to `eos_token_id`:151645 for open-end generation.
Setting `pad_token_id` to `eos_token_id`:151645 for open-end generation.
Setting `pad_token_id` to `eos_token_id`:151645 for open-end generation.
Setting `pad_token_id` to `eos_token_id`:151645 for open-end generation.
Setting `pad_token_id` to `eos_token_id`:151645 for open-end generation.
Setting `pad_token_id` to `eos_token_id`:151645 for open-end generation.
Setting `pad_token_id` to `eos_token_id`:151645 for open-end generation.
Setting `pad_token_id` to `eos_token_id`:151645 for open-end generation.
Setting `pad_token_id` to `eos_token_id`:151645 for open-end generation.
Setting `pad_token_id` to `eos_token_id`:151645 for open-end generation.
Setting `pad_token_id` to `eos_token_id`:151645 for open-end generation.
Setting `pad_token_id` to `eos_token_id`:151645 for open-end generation.
Setting `pad_token_id` to `eos_token_id`:151645 for open-end generation.
Setting `pad_token_id` to `eos_token_id`:151645 for open-end generation.
Setting `pad_token_id` to `eos_token_id`:151645 for open-end generation.
Setting `pad_token_id` to `eos_token_id`:151645 for open-end generation.
Setting `pad_token_id` to `eos_token_id`:151645 for open-end generation.
Setting `pad_token_id` to `eos_token_id`:151645 for open-end generation.
Setting `pad_token_id` to `eos_token_id`:151645 for open-end generation.
Setting `pad_token_id` to `eos_token_id`:151645 for open-end generation.
Setting `pad_token_id` to `eos_token_id`:151645 for open-end generation.
Setting `pad_token_id` to `eos_token_id`:151645 for open-end generation.
Setting `pad_token_id` to `eos_token_id`:151645 for open-end generation.
Setting `pad_token_id` to `eos_token_id`:151645 for open-end generation.
Setting `pad_token_id` to `eos_token_id`:151645 for open-end generation.
Setting `pad_token_id` to `eos_token_id`:151645 for open-end generation.
Setting `pad_token_id` to `eos_token_id`:151645 for open-end generation.
Setting `pad_token_id` to `eos_token_id`:151645 for open-end generation.
Setting `pad_token_id` to `eos_token_id`:151645 for open-end generation.
Setting `pad_token_id` to `eos_token_id`:151645 for open-end generation.
Setting `pad_token_id` to `eos_token_id`:151645 for open-end generation.
Setting `pad_token_id` to `eos_token_id`:151645 for open-end generation.
Setting `pad_token_id` to `eos_token_id`:151645 for open-end generation.
Setting `pad_token_id` to `eos_token_id`:151645 for open-end generation.
Setting `pad_token_id` to `eos_token_id`:151645 for open-end generation.
Setting `pad_token_id` to `eos_token_id`:151645 for open-end generation.
Setting `pad_token_id` to `eos_token_id`:151645 for open-end generation.
Setting `pad_token_id` to `eos_token_id`:151645 for open-end generation.
Setting `pad_token_id` to `eos_token_id`:151645 for open-end generation.
Setting `pad_token_id` to `eos_token_id`:151645 for open-end generation.
Setting `pad_token_id` to `eos_token_id`:151645 for open-end generation.
Setting `pad_token_id` to `eos_token_id`:151645 for open-end generation.
Setting `pad_token_id` to `eos_token_id`:151645 for open-end generation.
Setting `pad_token_id` to `eos_token_id`:151645 for open-end generation.
Setting `pad_token_id` to `eos_token_id`:151645 for open-end generation.
Setting `pad_token_id` to `eos_token_id`:151645 for open-end generation.
Setting `pad_token_id` to `eos_token_id`:151645 for open-end generation.
Setting `pad_token_id` to `eos_token_id`:151645 for open-end generation.
Setting `pad_token_id` to `eos_token_id`:151645 for open-end generation.
Setting `pad_token_id` to `eos_token_id`:151645 for open-end generation.
Setting `pad_token_id` to `eos_token_id`:151645 for open-end generation.
Setting `pad_token_id` to `eos_token_id`:151645 for open-end generation.
Setting `pad_token_id` to `eos_token_id`:151645 for open-end generation.
Setting `pad_token_id` to `eos_token_id`:151645 for open-end generation.
Setting `pad_token_id` to `eos_token_id`:151645 for open-end generation.
Setting `pad_token_id` to `eos_token_id`:151645 for open-end generation.
Setting `pad_token_id` to `eos_token_id`:151645 for open-end generation.
Setting `pad_token_id` to `eos_token_id`:151645 for open-end generation.
Setting `pad_token_id` to `eos_token_id`:151645 for open-end generation.
Setting `pad_token_id` to `eos_token_id`:151645 for open-end generation.
Setting `pad_token_id` to `eos_token_id`:151645 for open-end generation.
Setting `pad_token_id` to `eos_token_id`:151645 for open-end generation.
Setting `pad_token_id` to `eos_token_id`:151645 for open-end generation.
Setting `pad_token_id` to `eos_token_id`:151645 for open-end generation.
Setting `pad_token_id` to `eos_token_id`:151645 for open-end generation.
Setting `pad_token_id` to `eos_token_id`:151645 for open-end generation.
Setting `pad_token_id` to `eos_token_id`:151645 for open-end generation.
Setting `pad_token_id` to `eos_token_id`:151645 for open-end generation.
Setting `pad_token_id` to `eos_token_id`:151645 for open-end generation.
Setting `pad_token_id` to `eos_token_id`:151645 for open-end generation.
Setting `pad_token_id` to `eos_token_id`:151645 for open-end generation.
Setting `pad_token_id` to `eos_token_id`:151645 for open-end generation.
Setting `pad_token_id` to `eos_token_id`:151645 for open-end generation.
Setting `pad_token_id` to `eos_token_id`:151645 for open-end generation.
Setting `pad_token_id` to `eos_token_id`:151645 for open-end generation.
2026-07-06 14:54:57,165 INFO B[0/80] name hit none=1 profile=1 distractor=1
Setting `pad_token_id` to `eos_token_id`:151645 for open-end generation.
Setting `pad_token_id` to `eos_token_id`:151645 for open-end generation.
Setting `pad_token_id` to `eos_token_id`:151645 for open-end generation.
2026-07-06 14:54:58,198 INFO B[1/80] email hit none=1 profile=1 distractor=1
Setting `pad_token_id` to `eos_token_id`:151645 for open-end generation.
Setting `pad_token_id` to `eos_token_id`:151645 for open-end generation.
Setting `pad_token_id` to `eos_token_id`:151645 for open-end generation.
2026-07-06 14:54:59,809 INFO B[2/80] name hit none=1 profile=1 distractor=1
Setting `pad_token_id` to `eos_token_id`:151645 for open-end generation.
Setting `pad_token_id` to `eos_token_id`:151645 for open-end generation.
Setting `pad_token_id` to `eos_token_id`:151645 for open-end generation.
2026-07-06 14:55:00,867 INFO B[3/80] email hit none=0 profile=1 distractor=0
Setting `pad_token_id` to `eos_token_id`:151645 for open-end generation.
Setting `pad_token_id` to `eos_token_id`:151645 for open-end generation.
Setting `pad_token_id` to `eos_token_id`:151645 for open-end generation.
2026-07-06 14:55:02,187 INFO B[4/80] name hit none=1 profile=1 distractor=1
Setting `pad_token_id` to `eos_token_id`:151645 for open-end generation.
Setting `pad_token_id` to `eos_token_id`:151645 for open-end generation.
Setting `pad_token_id` to `eos_token_id`:151645 for open-end generation.
2026-07-06 14:55:03,126 INFO B[5/80] email hit none=0 profile=1 distractor=0
Setting `pad_token_id` to `eos_token_id`:151645 for open-end generation.
Setting `pad_token_id` to `eos_token_id`:151645 for open-end generation.
Setting `pad_token_id` to `eos_token_id`:151645 for open-end generation.
2026-07-06 14:55:04,713 INFO B[6/80] name hit none=1 profile=1 distractor=1
Setting `pad_token_id` to `eos_token_id`:151645 for open-end generation.
Setting `pad_token_id` to `eos_token_id`:151645 for open-end generation.
Setting `pad_token_id` to `eos_token_id`:151645 for open-end generation.
2026-07-06 14:55:05,750 INFO B[7/80] email hit none=0 profile=1 distractor=0
Setting `pad_token_id` to `eos_token_id`:151645 for open-end generation.
Setting `pad_token_id` to `eos_token_id`:151645 for open-end generation.
Setting `pad_token_id` to `eos_token_id`:151645 for open-end generation.
2026-07-06 14:55:07,426 INFO B[8/80] name hit none=1 profile=1 distractor=1
Setting `pad_token_id` to `eos_token_id`:151645 for open-end generation.
Setting `pad_token_id` to `eos_token_id`:151645 for open-end generation.
Setting `pad_token_id` to `eos_token_id`:151645 for open-end generation.
2026-07-06 14:55:08,482 INFO B[9/80] email hit none=0 profile=1 distractor=0
Setting `pad_token_id` to `eos_token_id`:151645 for open-end generation.
Setting `pad_token_id` to `eos_token_id`:151645 for open-end generation.
Setting `pad_token_id` to `eos_token_id`:151645 for open-end generation.
2026-07-06 14:55:10,269 INFO B[10/80] name hit none=1 profile=1 distractor=1
Setting `pad_token_id` to `eos_token_id`:151645 for open-end generation.
Setting `pad_token_id` to `eos_token_id`:151645 for open-end generation.
Setting `pad_token_id` to `eos_token_id`:151645 for open-end generation.
2026-07-06 14:55:11,197 INFO B[11/80] email hit none=0 profile=1 distractor=0
Setting `pad_token_id` to `eos_token_id`:151645 for open-end generation.
Setting `pad_token_id` to `eos_token_id`:151645 for open-end generation.
Setting `pad_token_id` to `eos_token_id`:151645 for open-end generation.
2026-07-06 14:55:13,220 INFO B[12/80] name hit none=1 profile=1 distractor=1
Setting `pad_token_id` to `eos_token_id`:151645 for open-end generation.
Setting `pad_token_id` to `eos_token_id`:151645 for open-end generation.
Setting `pad_token_id` to `eos_token_id`:151645 for open-end generation.
2026-07-06 14:55:14,247 INFO B[13/80] email hit none=0 profile=1 distractor=0
Setting `pad_token_id` to `eos_token_id`:151645 for open-end generation.
Setting `pad_token_id` to `eos_token_id`:151645 for open-end generation.
Setting `pad_token_id` to `eos_token_id`:151645 for open-end generation.
2026-07-06 14:55:15,927 INFO B[14/80] name hit none=1 profile=1 distractor=1
Setting `pad_token_id` to `eos_token_id`:151645 for open-end generation.
Setting `pad_token_id` to `eos_token_id`:151645 for open-end generation.
Setting `pad_token_id` to `eos_token_id`:151645 for open-end generation.
2026-07-06 14:55:16,916 INFO B[15/80] email hit none=0 profile=1 distractor=0
Setting `pad_token_id` to `eos_token_id`:151645 for open-end generation.
Setting `pad_token_id` to `eos_token_id`:151645 for open-end generation.
Setting `pad_token_id` to `eos_token_id`:151645 for open-end generation.
2026-07-06 14:55:18,979 INFO B[16/80] name hit none=1 profile=1 distractor=1
Setting `pad_token_id` to `eos_token_id`:151645 for open-end generation.
Setting `pad_token_id` to `eos_token_id`:151645 for open-end generation.
Setting `pad_token_id` to `eos_token_id`:151645 for open-end generation.
2026-07-06 14:55:20,048 INFO B[17/80] email hit none=0 profile=1 distractor=0
Setting `pad_token_id` to `eos_token_id`:151645 for open-end generation.
Setting `pad_token_id` to `eos_token_id`:151645 for open-end generation.
Setting `pad_token_id` to `eos_token_id`:151645 for open-end generation.
2026-07-06 14:55:21,733 INFO B[18/80] name hit none=0 profile=1 distractor=0
Setting `pad_token_id` to `eos_token_id`:151645 for open-end generation.
Setting `pad_token_id` to `eos_token_id`:151645 for open-end generation.
Setting `pad_token_id` to `eos_token_id`:151645 for open-end generation.
2026-07-06 14:55:22,748 INFO B[19/80] email hit none=0 profile=0 distractor=0
Setting `pad_token_id` to `eos_token_id`:151645 for open-end generation.
Setting `pad_token_id` to `eos_token_id`:151645 for open-end generation.
Setting `pad_token_id` to `eos_token_id`:151645 for open-end generation.
2026-07-06 14:55:24,450 INFO B[20/80] name hit none=1 profile=1 distractor=1
Setting `pad_token_id` to `eos_token_id`:151645 for open-end generation.
Setting `pad_token_id` to `eos_token_id`:151645 for open-end generation.
Setting `pad_token_id` to `eos_token_id`:151645 for open-end generation.
2026-07-06 14:55:25,401 INFO B[21/80] email hit none=0 profile=1 distractor=0
Setting `pad_token_id` to `eos_token_id`:151645 for open-end generation.
Setting `pad_token_id` to `eos_token_id`:151645 for open-end generation.
Setting `pad_token_id` to `eos_token_id`:151645 for open-end generation.
2026-07-06 14:55:27,118 INFO B[22/80] name hit none=1 profile=1 distractor=1
Setting `pad_token_id` to `eos_token_id`:151645 for open-end generation.
Setting `pad_token_id` to `eos_token_id`:151645 for open-end generation.
Setting `pad_token_id` to `eos_token_id`:151645 for open-end generation.
2026-07-06 14:55:28,158 INFO B[23/80] email hit none=0 profile=1 distractor=0
Setting `pad_token_id` to `eos_token_id`:151645 for open-end generation.
Setting `pad_token_id` to `eos_token_id`:151645 for open-end generation.
Setting `pad_token_id` to `eos_token_id`:151645 for open-end generation.
2026-07-06 14:55:30,497 INFO B[24/80] name hit none=1 profile=1 distractor=1
Setting `pad_token_id` to `eos_token_id`:151645 for open-end generation.
Setting `pad_token_id` to `eos_token_id`:151645 for open-end generation.
Setting `pad_token_id` to `eos_token_id`:151645 for open-end generation.
2026-07-06 14:55:31,510 INFO B[25/80] email hit none=0 profile=1 distractor=0
Setting `pad_token_id` to `eos_token_id`:151645 for open-end generation.
Setting `pad_token_id` to `eos_token_id`:151645 for open-end generation.
Setting `pad_token_id` to `eos_token_id`:151645 for open-end generation.
2026-07-06 14:55:33,141 INFO B[26/80] name hit none=1 profile=1 distractor=1
Setting `pad_token_id` to `eos_token_id`:151645 for open-end generation.
Setting `pad_token_id` to `eos_token_id`:151645 for open-end generation.
Setting `pad_token_id` to `eos_token_id`:151645 for open-end generation.
2026-07-06 14:55:34,130 INFO B[27/80] email hit none=0 profile=0 distractor=0
Setting `pad_token_id` to `eos_token_id`:151645 for open-end generation.
Setting `pad_token_id` to `eos_token_id`:151645 for open-end generation.
Setting `pad_token_id` to `eos_token_id`:151645 for open-end generation.
2026-07-06 14:55:35,965 INFO B[28/80] name hit none=1 profile=1 distractor=1
Setting `pad_token_id` to `eos_token_id`:151645 for open-end generation.
Setting `pad_token_id` to `eos_token_id`:151645 for open-end generation.
Setting `pad_token_id` to `eos_token_id`:151645 for open-end generation.
2026-07-06 14:55:37,036 INFO B[29/80] email hit none=0 profile=1 distractor=0
Setting `pad_token_id` to `eos_token_id`:151645 for open-end generation.
Setting `pad_token_id` to `eos_token_id`:151645 for open-end generation.
Setting `pad_token_id` to `eos_token_id`:151645 for open-end generation.
2026-07-06 14:55:38,857 INFO B[30/80] name hit none=1 profile=1 distractor=1
Setting `pad_token_id` to `eos_token_id`:151645 for open-end generation.
Setting `pad_token_id` to `eos_token_id`:151645 for open-end generation.
Setting `pad_token_id` to `eos_token_id`:151645 for open-end generation.
2026-07-06 14:55:39,943 INFO B[31/80] email hit none=0 profile=1 distractor=0
Setting `pad_token_id` to `eos_token_id`:151645 for open-end generation.
Setting `pad_token_id` to `eos_token_id`:151645 for open-end generation.
Setting `pad_token_id` to `eos_token_id`:151645 for open-end generation.
2026-07-06 14:55:41,511 INFO B[32/80] name hit none=1 profile=1 distractor=1
Setting `pad_token_id` to `eos_token_id`:151645 for open-end generation.
Setting `pad_token_id` to `eos_token_id`:151645 for open-end generation.
Setting `pad_token_id` to `eos_token_id`:151645 for open-end generation.
2026-07-06 14:55:42,453 INFO B[33/80] email hit none=0 profile=0 distractor=0
Setting `pad_token_id` to `eos_token_id`:151645 for open-end generation.
Setting `pad_token_id` to `eos_token_id`:151645 for open-end generation.
Setting `pad_token_id` to `eos_token_id`:151645 for open-end generation.
2026-07-06 14:55:44,149 INFO B[34/80] name hit none=1 profile=1 distractor=1
Setting `pad_token_id` to `eos_token_id`:151645 for open-end generation.
Setting `pad_token_id` to `eos_token_id`:151645 for open-end generation.
Setting `pad_token_id` to `eos_token_id`:151645 for open-end generation.
2026-07-06 14:55:45,109 INFO B[35/80] email hit none=0 profile=1 distractor=0
Setting `pad_token_id` to `eos_token_id`:151645 for open-end generation.
Setting `pad_token_id` to `eos_token_id`:151645 for open-end generation.
Setting `pad_token_id` to `eos_token_id`:151645 for open-end generation.
2026-07-06 14:55:46,756 INFO B[36/80] name hit none=1 profile=1 distractor=1
Setting `pad_token_id` to `eos_token_id`:151645 for open-end generation.
Setting `pad_token_id` to `eos_token_id`:151645 for open-end generation.
Setting `pad_token_id` to `eos_token_id`:151645 for open-end generation.
2026-07-06 14:55:47,656 INFO B[37/80] email hit none=0 profile=1 distractor=0
Setting `pad_token_id` to `eos_token_id`:151645 for open-end generation.
Setting `pad_token_id` to `eos_token_id`:151645 for open-end generation.
Setting `pad_token_id` to `eos_token_id`:151645 for open-end generation.
2026-07-06 14:55:49,220 INFO B[38/80] name hit none=1 profile=1 distractor=1
Setting `pad_token_id` to `eos_token_id`:151645 for open-end generation.
Setting `pad_token_id` to `eos_token_id`:151645 for open-end generation.
Setting `pad_token_id` to `eos_token_id`:151645 for open-end generation.
2026-07-06 14:55:50,110 INFO B[39/80] email hit none=0 profile=1 distractor=0
Setting `pad_token_id` to `eos_token_id`:151645 for open-end generation.
Setting `pad_token_id` to `eos_token_id`:151645 for open-end generation.
Setting `pad_token_id` to `eos_token_id`:151645 for open-end generation.
2026-07-06 14:55:51,702 INFO B[40/80] name hit none=1 profile=1 distractor=1
Setting `pad_token_id` to `eos_token_id`:151645 for open-end generation.
Setting `pad_token_id` to `eos_token_id`:151645 for open-end generation.
Setting `pad_token_id` to `eos_token_id`:151645 for open-end generation.
2026-07-06 14:55:52,758 INFO B[41/80] email hit none=0 profile=1 distractor=0
Setting `pad_token_id` to `eos_token_id`:151645 for open-end generation.
Setting `pad_token_id` to `eos_token_id`:151645 for open-end generation.
Setting `pad_token_id` to `eos_token_id`:151645 for open-end generation.
2026-07-06 14:55:54,120 INFO B[42/80] name hit none=1 profile=1 distractor=1
Setting `pad_token_id` to `eos_token_id`:151645 for open-end generation.
Setting `pad_token_id` to `eos_token_id`:151645 for open-end generation.
Setting `pad_token_id` to `eos_token_id`:151645 for open-end generation.
2026-07-06 14:55:55,164 INFO B[43/80] email hit none=0 profile=1 distractor=0
Setting `pad_token_id` to `eos_token_id`:151645 for open-end generation.
Setting `pad_token_id` to `eos_token_id`:151645 for open-end generation.
Setting `pad_token_id` to `eos_token_id`:151645 for open-end generation.
2026-07-06 14:55:56,964 INFO B[44/80] name hit none=1 profile=1 distractor=1
Setting `pad_token_id` to `eos_token_id`:151645 for open-end generation.
Setting `pad_token_id` to `eos_token_id`:151645 for open-end generation.
Setting `pad_token_id` to `eos_token_id`:151645 for open-end generation.
2026-07-06 14:55:57,952 INFO B[45/80] email hit none=0 profile=1 distractor=0
Setting `pad_token_id` to `eos_token_id`:151645 for open-end generation.
Setting `pad_token_id` to `eos_token_id`:151645 for open-end generation.
Setting `pad_token_id` to `eos_token_id`:151645 for open-end generation.
2026-07-06 14:55:59,986 INFO B[46/80] name hit none=1 profile=1 distractor=1
Setting `pad_token_id` to `eos_token_id`:151645 for open-end generation.
Setting `pad_token_id` to `eos_token_id`:151645 for open-end generation.
Setting `pad_token_id` to `eos_token_id`:151645 for open-end generation.
2026-07-06 14:56:01,055 INFO B[47/80] email hit none=0 profile=1 distractor=0
Setting `pad_token_id` to `eos_token_id`:151645 for open-end generation.
Setting `pad_token_id` to `eos_token_id`:151645 for open-end generation.
Setting `pad_token_id` to `eos_token_id`:151645 for open-end generation.
2026-07-06 14:56:02,828 INFO B[48/80] name hit none=1 profile=1 distractor=1
Setting `pad_token_id` to `eos_token_id`:151645 for open-end generation.
Setting `pad_token_id` to `eos_token_id`:151645 for open-end generation.
Setting `pad_token_id` to `eos_token_id`:151645 for open-end generation.
2026-07-06 14:56:03,750 INFO B[49/80] email hit none=1 profile=1 distractor=1
Setting `pad_token_id` to `eos_token_id`:151645 for open-end generation.
Setting `pad_token_id` to `eos_token_id`:151645 for open-end generation.
Setting `pad_token_id` to `eos_token_id`:151645 for open-end generation.
2026-07-06 14:56:05,227 INFO B[50/80] name hit none=1 profile=1 distractor=1
Setting `pad_token_id` to `eos_token_id`:151645 for open-end generation.
Setting `pad_token_id` to `eos_token_id`:151645 for open-end generation.
Setting `pad_token_id` to `eos_token_id`:151645 for open-end generation.
2026-07-06 14:56:06,169 INFO B[51/80] email hit none=0 profile=1 distractor=0
Setting `pad_token_id` to `eos_token_id`:151645 for open-end generation.
Setting `pad_token_id` to `eos_token_id`:151645 for open-end generation.
Setting `pad_token_id` to `eos_token_id`:151645 for open-end generation.
2026-07-06 14:56:08,143 INFO B[52/80] name hit none=1 profile=1 distractor=1
Setting `pad_token_id` to `eos_token_id`:151645 for open-end generation.
Setting `pad_token_id` to `eos_token_id`:151645 for open-end generation.
Setting `pad_token_id` to `eos_token_id`:151645 for open-end generation.
2026-07-06 14:56:09,210 INFO B[53/80] email hit none=0 profile=1 distractor=0
Setting `pad_token_id` to `eos_token_id`:151645 for open-end generation.
Setting `pad_token_id` to `eos_token_id`:151645 for open-end generation.
Setting `pad_token_id` to `eos_token_id`:151645 for open-end generation.
2026-07-06 14:56:11,024 INFO B[54/80] name hit none=1 profile=1 distractor=1
Setting `pad_token_id` to `eos_token_id`:151645 for open-end generation.
Setting `pad_token_id` to `eos_token_id`:151645 for open-end generation.
Setting `pad_token_id` to `eos_token_id`:151645 for open-end generation.
2026-07-06 14:56:12,065 INFO B[55/80] email hit none=0 profile=1 distractor=0
Setting `pad_token_id` to `eos_token_id`:151645 for open-end generation.
Setting `pad_token_id` to `eos_token_id`:151645 for open-end generation.
Setting `pad_token_id` to `eos_token_id`:151645 for open-end generation.
2026-07-06 14:56:13,861 INFO B[56/80] name hit none=1 profile=1 distractor=1
Setting `pad_token_id` to `eos_token_id`:151645 for open-end generation.
Setting `pad_token_id` to `eos_token_id`:151645 for open-end generation.
Setting `pad_token_id` to `eos_token_id`:151645 for open-end generation.
2026-07-06 14:56:14,780 INFO B[57/80] email hit none=0 profile=1 distractor=1
Setting `pad_token_id` to `eos_token_id`:151645 for open-end generation.
Setting `pad_token_id` to `eos_token_id`:151645 for open-end generation.
Setting `pad_token_id` to `eos_token_id`:151645 for open-end generation.
2026-07-06 14:56:16,177 INFO B[58/80] name hit none=1 profile=1 distractor=1
Setting `pad_token_id` to `eos_token_id`:151645 for open-end generation.
Setting `pad_token_id` to `eos_token_id`:151645 for open-end generation.
Setting `pad_token_id` to `eos_token_id`:151645 for open-end generation.
2026-07-06 14:56:17,227 INFO B[59/80] email hit none=0 profile=1 distractor=0
Setting `pad_token_id` to `eos_token_id`:151645 for open-end generation.
Setting `pad_token_id` to `eos_token_id`:151645 for open-end generation.
Setting `pad_token_id` to `eos_token_id`:151645 for open-end generation.
2026-07-06 14:56:19,101 INFO B[60/80] name hit none=1 profile=1 distractor=1
Setting `pad_token_id` to `eos_token_id`:151645 for open-end generation.
Setting `pad_token_id` to `eos_token_id`:151645 for open-end generation.
Setting `pad_token_id` to `eos_token_id`:151645 for open-end generation.
2026-07-06 14:56:20,104 INFO B[61/80] email hit none=0 profile=1 distractor=0
Setting `pad_token_id` to `eos_token_id`:151645 for open-end generation.
Setting `pad_token_id` to `eos_token_id`:151645 for open-end generation.
Setting `pad_token_id` to `eos_token_id`:151645 for open-end generation.
2026-07-06 14:56:21,819 INFO B[62/80] name hit none=1 profile=1 distractor=1
Setting `pad_token_id` to `eos_token_id`:151645 for open-end generation.
Setting `pad_token_id` to `eos_token_id`:151645 for open-end generation.
Setting `pad_token_id` to `eos_token_id`:151645 for open-end generation.
2026-07-06 14:56:22,698 INFO B[63/80] email hit none=0 profile=1 distractor=0
Setting `pad_token_id` to `eos_token_id`:151645 for open-end generation.
Setting `pad_token_id` to `eos_token_id`:151645 for open-end generation.
Setting `pad_token_id` to `eos_token_id`:151645 for open-end generation.
2026-07-06 14:56:24,316 INFO B[64/80] name hit none=1 profile=1 distractor=1
Setting `pad_token_id` to `eos_token_id`:151645 for open-end generation.
Setting `pad_token_id` to `eos_token_id`:151645 for open-end generation.
Setting `pad_token_id` to `eos_token_id`:151645 for open-end generation.
2026-07-06 14:56:25,361 INFO B[65/80] email hit none=0 profile=1 distractor=1
Setting `pad_token_id` to `eos_token_id`:151645 for open-end generation.
Setting `pad_token_id` to `eos_token_id`:151645 for open-end generation.
Setting `pad_token_id` to `eos_token_id`:151645 for open-end generation.
2026-07-06 14:56:26,771 INFO B[66/80] name hit none=1 profile=1 distractor=1
Setting `pad_token_id` to `eos_token_id`:151645 for open-end generation.
Setting `pad_token_id` to `eos_token_id`:151645 for open-end generation.
Setting `pad_token_id` to `eos_token_id`:151645 for open-end generation.
2026-07-06 14:56:27,779 INFO B[67/80] email hit none=0 profile=1 distractor=0
Setting `pad_token_id` to `eos_token_id`:151645 for open-end generation.
Setting `pad_token_id` to `eos_token_id`:151645 for open-end generation.
Setting `pad_token_id` to `eos_token_id`:151645 for open-end generation.
2026-07-06 14:56:29,566 INFO B[68/80] name hit none=1 profile=1 distractor=1
Setting `pad_token_id` to `eos_token_id`:151645 for open-end generation.
Setting `pad_token_id` to `eos_token_id`:151645 for open-end generation.
Setting `pad_token_id` to `eos_token_id`:151645 for open-end generation.
2026-07-06 14:56:30,568 INFO B[69/80] email hit none=0 profile=1 distractor=0
Setting `pad_token_id` to `eos_token_id`:151645 for open-end generation.
Setting `pad_token_id` to `eos_token_id`:151645 for open-end generation.
Setting `pad_token_id` to `eos_token_id`:151645 for open-end generation.
2026-07-06 14:56:32,399 INFO B[70/80] name hit none=1 profile=1 distractor=1
Setting `pad_token_id` to `eos_token_id`:151645 for open-end generation.
Setting `pad_token_id` to `eos_token_id`:151645 for open-end generation.
Setting `pad_token_id` to `eos_token_id`:151645 for open-end generation.
2026-07-06 14:56:33,235 INFO B[71/80] email hit none=0 profile=1 distractor=0
Setting `pad_token_id` to `eos_token_id`:151645 for open-end generation.
Setting `pad_token_id` to `eos_token_id`:151645 for open-end generation.
Setting `pad_token_id` to `eos_token_id`:151645 for open-end generation.
2026-07-06 14:56:34,673 INFO B[72/80] name hit none=1 profile=1 distractor=1
Setting `pad_token_id` to `eos_token_id`:151645 for open-end generation.
Setting `pad_token_id` to `eos_token_id`:151645 for open-end generation.
Setting `pad_token_id` to `eos_token_id`:151645 for open-end generation.
2026-07-06 14:56:35,558 INFO B[73/80] email hit none=0 profile=1 distractor=0
Setting `pad_token_id` to `eos_token_id`:151645 for open-end generation.
Setting `pad_token_id` to `eos_token_id`:151645 for open-end generation.
Setting `pad_token_id` to `eos_token_id`:151645 for open-end generation.
2026-07-06 14:56:37,007 INFO B[74/80] name hit none=1 profile=1 distractor=1
Setting `pad_token_id` to `eos_token_id`:151645 for open-end generation.
Setting `pad_token_id` to `eos_token_id`:151645 for open-end generation.
Setting `pad_token_id` to `eos_token_id`:151645 for open-end generation.
2026-07-06 14:56:38,071 INFO B[75/80] email hit none=0 profile=1 distractor=0
Setting `pad_token_id` to `eos_token_id`:151645 for open-end generation.
Setting `pad_token_id` to `eos_token_id`:151645 for open-end generation.
Setting `pad_token_id` to `eos_token_id`:151645 for open-end generation.
2026-07-06 14:56:39,682 INFO B[76/80] name hit none=1 profile=1 distractor=1
Setting `pad_token_id` to `eos_token_id`:151645 for open-end generation.
Setting `pad_token_id` to `eos_token_id`:151645 for open-end generation.
Setting `pad_token_id` to `eos_token_id`:151645 for open-end generation.
2026-07-06 14:56:40,867 INFO B[77/80] email hit none=0 profile=1 distractor=1
Setting `pad_token_id` to `eos_token_id`:151645 for open-end generation.
Setting `pad_token_id` to `eos_token_id`:151645 for open-end generation.
Setting `pad_token_id` to `eos_token_id`:151645 for open-end generation.
2026-07-06 14:56:42,781 INFO B[78/80] name hit none=1 profile=1 distractor=1
Setting `pad_token_id` to `eos_token_id`:151645 for open-end generation.
Setting `pad_token_id` to `eos_token_id`:151645 for open-end generation.
Setting `pad_token_id` to `eos_token_id`:151645 for open-end generation.
2026-07-06 14:56:43,746 INFO B[79/80] email hit none=0 profile=1 distractor=0
2026-07-06 14:56:43,746 INFO step  4500  prem=0.30 rec=0.78 | name+=1.00 email+=0.93 | intrusion=0.000
Setting `pad_token_id` to `eos_token_id`:151645 for open-end generation.
Setting `pad_token_id` to `eos_token_id`:151645 for open-end generation.
Setting `pad_token_id` to `eos_token_id`:151645 for open-end generation.
Setting `pad_token_id` to `eos_token_id`:151645 for open-end generation.
Setting `pad_token_id` to `eos_token_id`:151645 for open-end generation.
Setting `pad_token_id` to `eos_token_id`:151645 for open-end generation.
Setting `pad_token_id` to `eos_token_id`:151645 for open-end generation.
Setting `pad_token_id` to `eos_token_id`:151645 for open-end generation.
Setting `pad_token_id` to `eos_token_id`:151645 for open-end generation.
Setting `pad_token_id` to `eos_token_id`:151645 for open-end generation.
Setting `pad_token_id` to `eos_token_id`:151645 for open-end generation.
Setting `pad_token_id` to `eos_token_id`:151645 for open-end generation.
Setting `pad_token_id` to `eos_token_id`:151645 for open-end generation.
Setting `pad_token_id` to `eos_token_id`:151645 for open-end generation.
Setting `pad_token_id` to `eos_token_id`:151645 for open-end generation.
Setting `pad_token_id` to `eos_token_id`:151645 for open-end generation.
Setting `pad_token_id` to `eos_token_id`:151645 for open-end generation.
Setting `pad_token_id` to `eos_token_id`:151645 for open-end generation.
Setting `pad_token_id` to `eos_token_id`:151645 for open-end generation.
Setting `pad_token_id` to `eos_token_id`:151645 for open-end generation.
Setting `pad_token_id` to `eos_token_id`:151645 for open-end generation.
Setting `pad_token_id` to `eos_token_id`:151645 for open-end generation.
Setting `pad_token_id` to `eos_token_id`:151645 for open-end generation.
Setting `pad_token_id` to `eos_token_id`:151645 for open-end generation.
Setting `pad_token_id` to `eos_token_id`:151645 for open-end generation.
Setting `pad_token_id` to `eos_token_id`:151645 for open-end generation.
Setting `pad_token_id` to `eos_token_id`:151645 for open-end generation.
Setting `pad_token_id` to `eos_token_id`:151645 for open-end generation.
Setting `pad_token_id` to `eos_token_id`:151645 for open-end generation.
Setting `pad_token_id` to `eos_token_id`:151645 for open-end generation.
Setting `pad_token_id` to `eos_token_id`:151645 for open-end generation.
Setting `pad_token_id` to `eos_token_id`:151645 for open-end generation.
Setting `pad_token_id` to `eos_token_id`:151645 for open-end generation.
Setting `pad_token_id` to `eos_token_id`:151645 for open-end generation.
Setting `pad_token_id` to `eos_token_id`:151645 for open-end generation.
Setting `pad_token_id` to `eos_token_id`:151645 for open-end generation.
Setting `pad_token_id` to `eos_token_id`:151645 for open-end generation.
Setting `pad_token_id` to `eos_token_id`:151645 for open-end generation.
Setting `pad_token_id` to `eos_token_id`:151645 for open-end generation.
Setting `pad_token_id` to `eos_token_id`:151645 for open-end generation.
Setting `pad_token_id` to `eos_token_id`:151645 for open-end generation.
Setting `pad_token_id` to `eos_token_id`:151645 for open-end generation.
Setting `pad_token_id` to `eos_token_id`:151645 for open-end generation.
Setting `pad_token_id` to `eos_token_id`:151645 for open-end generation.
Setting `pad_token_id` to `eos_token_id`:151645 for open-end generation.
Setting `pad_token_id` to `eos_token_id`:151645 for open-end generation.
Setting `pad_token_id` to `eos_token_id`:151645 for open-end generation.
Setting `pad_token_id` to `eos_token_id`:151645 for open-end generation.
Setting `pad_token_id` to `eos_token_id`:151645 for open-end generation.
Setting `pad_token_id` to `eos_token_id`:151645 for open-end generation.
Setting `pad_token_id` to `eos_token_id`:151645 for open-end generation.
Setting `pad_token_id` to `eos_token_id`:151645 for open-end generation.
Setting `pad_token_id` to `eos_token_id`:151645 for open-end generation.
Setting `pad_token_id` to `eos_token_id`:151645 for open-end generation.
Setting `pad_token_id` to `eos_token_id`:151645 for open-end generation.
Setting `pad_token_id` to `eos_token_id`:151645 for open-end generation.
Setting `pad_token_id` to `eos_token_id`:151645 for open-end generation.
Setting `pad_token_id` to `eos_token_id`:151645 for open-end generation.
Setting `pad_token_id` to `eos_token_id`:151645 for open-end generation.
Setting `pad_token_id` to `eos_token_id`:151645 for open-end generation.
Setting `pad_token_id` to `eos_token_id`:151645 for open-end generation.
Setting `pad_token_id` to `eos_token_id`:151645 for open-end generation.
Setting `pad_token_id` to `eos_token_id`:151645 for open-end generation.
Setting `pad_token_id` to `eos_token_id`:151645 for open-end generation.
Setting `pad_token_id` to `eos_token_id`:151645 for open-end generation.
Setting `pad_token_id` to `eos_token_id`:151645 for open-end generation.
Setting `pad_token_id` to `eos_token_id`:151645 for open-end generation.
Setting `pad_token_id` to `eos_token_id`:151645 for open-end generation.
Setting `pad_token_id` to `eos_token_id`:151645 for open-end generation.
Setting `pad_token_id` to `eos_token_id`:151645 for open-end generation.
Setting `pad_token_id` to `eos_token_id`:151645 for open-end generation.
Setting `pad_token_id` to `eos_token_id`:151645 for open-end generation.
Setting `pad_token_id` to `eos_token_id`:151645 for open-end generation.
Setting `pad_token_id` to `eos_token_id`:151645 for open-end generation.
Setting `pad_token_id` to `eos_token_id`:151645 for open-end generation.
Setting `pad_token_id` to `eos_token_id`:151645 for open-end generation.
Setting `pad_token_id` to `eos_token_id`:151645 for open-end generation.
Setting `pad_token_id` to `eos_token_id`:151645 for open-end generation.
Setting `pad_token_id` to `eos_token_id`:151645 for open-end generation.
Setting `pad_token_id` to `eos_token_id`:151645 for open-end generation.
Setting `pad_token_id` to `eos_token_id`:151645 for open-end generation.
Setting `pad_token_id` to `eos_token_id`:151645 for open-end generation.
Setting `pad_token_id` to `eos_token_id`:151645 for open-end generation.
Setting `pad_token_id` to `eos_token_id`:151645 for open-end generation.
Setting `pad_token_id` to `eos_token_id`:151645 for open-end generation.
Setting `pad_token_id` to `eos_token_id`:151645 for open-end generation.
Setting `pad_token_id` to `eos_token_id`:151645 for open-end generation.
Setting `pad_token_id` to `eos_token_id`:151645 for open-end generation.
Setting `pad_token_id` to `eos_token_id`:151645 for open-end generation.
Setting `pad_token_id` to `eos_token_id`:151645 for open-end generation.
Setting `pad_token_id` to `eos_token_id`:151645 for open-end generation.
Setting `pad_token_id` to `eos_token_id`:151645 for open-end generation.
Setting `pad_token_id` to `eos_token_id`:151645 for open-end generation.
Setting `pad_token_id` to `eos_token_id`:151645 for open-end generation.
Setting `pad_token_id` to `eos_token_id`:151645 for open-end generation.
Setting `pad_token_id` to `eos_token_id`:151645 for open-end generation.
Setting `pad_token_id` to `eos_token_id`:151645 for open-end generation.
Setting `pad_token_id` to `eos_token_id`:151645 for open-end generation.
Setting `pad_token_id` to `eos_token_id`:151645 for open-end generation.
Setting `pad_token_id` to `eos_token_id`:151645 for open-end generation.
Setting `pad_token_id` to `eos_token_id`:151645 for open-end generation.
Setting `pad_token_id` to `eos_token_id`:151645 for open-end generation.
Setting `pad_token_id` to `eos_token_id`:151645 for open-end generation.
Setting `pad_token_id` to `eos_token_id`:151645 for open-end generation.
Setting `pad_token_id` to `eos_token_id`:151645 for open-end generation.
Setting `pad_token_id` to `eos_token_id`:151645 for open-end generation.
Setting `pad_token_id` to `eos_token_id`:151645 for open-end generation.
Setting `pad_token_id` to `eos_token_id`:151645 for open-end generation.
Setting `pad_token_id` to `eos_token_id`:151645 for open-end generation.
Setting `pad_token_id` to `eos_token_id`:151645 for open-end generation.
Setting `pad_token_id` to `eos_token_id`:151645 for open-end generation.
Setting `pad_token_id` to `eos_token_id`:151645 for open-end generation.
Setting `pad_token_id` to `eos_token_id`:151645 for open-end generation.
Setting `pad_token_id` to `eos_token_id`:151645 for open-end generation.
Setting `pad_token_id` to `eos_token_id`:151645 for open-end generation.
Setting `pad_token_id` to `eos_token_id`:151645 for open-end generation.
Setting `pad_token_id` to `eos_token_id`:151645 for open-end generation.
Setting `pad_token_id` to `eos_token_id`:151645 for open-end generation.
Setting `pad_token_id` to `eos_token_id`:151645 for open-end generation.
Setting `pad_token_id` to `eos_token_id`:151645 for open-end generation.
Setting `pad_token_id` to `eos_token_id`:151645 for open-end generation.
Setting `pad_token_id` to `eos_token_id`:151645 for open-end generation.
Setting `pad_token_id` to `eos_token_id`:151645 for open-end generation.
Setting `pad_token_id` to `eos_token_id`:151645 for open-end generation.
Setting `pad_token_id` to `eos_token_id`:151645 for open-end generation.
Setting `pad_token_id` to `eos_token_id`:151645 for open-end generation.
Setting `pad_token_id` to `eos_token_id`:151645 for open-end generation.
Setting `pad_token_id` to `eos_token_id`:151645 for open-end generation.
Setting `pad_token_id` to `eos_token_id`:151645 for open-end generation.
Setting `pad_token_id` to `eos_token_id`:151645 for open-end generation.
Setting `pad_token_id` to `eos_token_id`:151645 for open-end generation.
Setting `pad_token_id` to `eos_token_id`:151645 for open-end generation.
Setting `pad_token_id` to `eos_token_id`:151645 for open-end generation.
Setting `pad_token_id` to `eos_token_id`:151645 for open-end generation.
Setting `pad_token_id` to `eos_token_id`:151645 for open-end generation.
Setting `pad_token_id` to `eos_token_id`:151645 for open-end generation.
Setting `pad_token_id` to `eos_token_id`:151645 for open-end generation.
Setting `pad_token_id` to `eos_token_id`:151645 for open-end generation.
Setting `pad_token_id` to `eos_token_id`:151645 for open-end generation.
Setting `pad_token_id` to `eos_token_id`:151645 for open-end generation.
Setting `pad_token_id` to `eos_token_id`:151645 for open-end generation.
Setting `pad_token_id` to `eos_token_id`:151645 for open-end generation.
Setting `pad_token_id` to `eos_token_id`:151645 for open-end generation.
Setting `pad_token_id` to `eos_token_id`:151645 for open-end generation.
Setting `pad_token_id` to `eos_token_id`:151645 for open-end generation.
Setting `pad_token_id` to `eos_token_id`:151645 for open-end generation.
Setting `pad_token_id` to `eos_token_id`:151645 for open-end generation.
Setting `pad_token_id` to `eos_token_id`:151645 for open-end generation.
Setting `pad_token_id` to `eos_token_id`:151645 for open-end generation.
Setting `pad_token_id` to `eos_token_id`:151645 for open-end generation.
Setting `pad_token_id` to `eos_token_id`:151645 for open-end generation.
Setting `pad_token_id` to `eos_token_id`:151645 for open-end generation.
Setting `pad_token_id` to `eos_token_id`:151645 for open-end generation.
Setting `pad_token_id` to `eos_token_id`:151645 for open-end generation.
Setting `pad_token_id` to `eos_token_id`:151645 for open-end generation.
Setting `pad_token_id` to `eos_token_id`:151645 for open-end generation.
Setting `pad_token_id` to `eos_token_id`:151645 for open-end generation.
Setting `pad_token_id` to `eos_token_id`:151645 for open-end generation.
Setting `pad_token_id` to `eos_token_id`:151645 for open-end generation.
Setting `pad_token_id` to `eos_token_id`:151645 for open-end generation.
Setting `pad_token_id` to `eos_token_id`:151645 for open-end generation.
Setting `pad_token_id` to `eos_token_id`:151645 for open-end generation.
Setting `pad_token_id` to `eos_token_id`:151645 for open-end generation.
Setting `pad_token_id` to `eos_token_id`:151645 for open-end generation.
Setting `pad_token_id` to `eos_token_id`:151645 for open-end generation.
Setting `pad_token_id` to `eos_token_id`:151645 for open-end generation.
Setting `pad_token_id` to `eos_token_id`:151645 for open-end generation.
Setting `pad_token_id` to `eos_token_id`:151645 for open-end generation.
Setting `pad_token_id` to `eos_token_id`:151645 for open-end generation.
Setting `pad_token_id` to `eos_token_id`:151645 for open-end generation.
Setting `pad_token_id` to `eos_token_id`:151645 for open-end generation.
Setting `pad_token_id` to `eos_token_id`:151645 for open-end generation.
Setting `pad_token_id` to `eos_token_id`:151645 for open-end generation.
Setting `pad_token_id` to `eos_token_id`:151645 for open-end generation.
Setting `pad_token_id` to `eos_token_id`:151645 for open-end generation.
Setting `pad_token_id` to `eos_token_id`:151645 for open-end generation.
Setting `pad_token_id` to `eos_token_id`:151645 for open-end generation.
Setting `pad_token_id` to `eos_token_id`:151645 for open-end generation.
Setting `pad_token_id` to `eos_token_id`:151645 for open-end generation.
Setting `pad_token_id` to `eos_token_id`:151645 for open-end generation.
Setting `pad_token_id` to `eos_token_id`:151645 for open-end generation.
Setting `pad_token_id` to `eos_token_id`:151645 for open-end generation.
Setting `pad_token_id` to `eos_token_id`:151645 for open-end generation.
Setting `pad_token_id` to `eos_token_id`:151645 for open-end generation.
Setting `pad_token_id` to `eos_token_id`:151645 for open-end generation.
Setting `pad_token_id` to `eos_token_id`:151645 for open-end generation.
Setting `pad_token_id` to `eos_token_id`:151645 for open-end generation.
Setting `pad_token_id` to `eos_token_id`:151645 for open-end generation.
Setting `pad_token_id` to `eos_token_id`:151645 for open-end generation.
Setting `pad_token_id` to `eos_token_id`:151645 for open-end generation.
Setting `pad_token_id` to `eos_token_id`:151645 for open-end generation.
Setting `pad_token_id` to `eos_token_id`:151645 for open-end generation.
Setting `pad_token_id` to `eos_token_id`:151645 for open-end generation.
Setting `pad_token_id` to `eos_token_id`:151645 for open-end generation.
Setting `pad_token_id` to `eos_token_id`:151645 for open-end generation.
Setting `pad_token_id` to `eos_token_id`:151645 for open-end generation.
Setting `pad_token_id` to `eos_token_id`:151645 for open-end generation.
Setting `pad_token_id` to `eos_token_id`:151645 for open-end generation.
Setting `pad_token_id` to `eos_token_id`:151645 for open-end generation.
Setting `pad_token_id` to `eos_token_id`:151645 for open-end generation.
Setting `pad_token_id` to `eos_token_id`:151645 for open-end generation.
Setting `pad_token_id` to `eos_token_id`:151645 for open-end generation.
Setting `pad_token_id` to `eos_token_id`:151645 for open-end generation.
Setting `pad_token_id` to `eos_token_id`:151645 for open-end generation.
Setting `pad_token_id` to `eos_token_id`:151645 for open-end generation.
Setting `pad_token_id` to `eos_token_id`:151645 for open-end generation.
Setting `pad_token_id` to `eos_token_id`:151645 for open-end generation.
Setting `pad_token_id` to `eos_token_id`:151645 for open-end generation.
Setting `pad_token_id` to `eos_token_id`:151645 for open-end generation.
Setting `pad_token_id` to `eos_token_id`:151645 for open-end generation.
Setting `pad_token_id` to `eos_token_id`:151645 for open-end generation.
Setting `pad_token_id` to `eos_token_id`:151645 for open-end generation.
Setting `pad_token_id` to `eos_token_id`:151645 for open-end generation.
Setting `pad_token_id` to `eos_token_id`:151645 for open-end generation.
Setting `pad_token_id` to `eos_token_id`:151645 for open-end generation.
Setting `pad_token_id` to `eos_token_id`:151645 for open-end generation.
Setting `pad_token_id` to `eos_token_id`:151645 for open-end generation.
Setting `pad_token_id` to `eos_token_id`:151645 for open-end generation.
Setting `pad_token_id` to `eos_token_id`:151645 for open-end generation.
Setting `pad_token_id` to `eos_token_id`:151645 for open-end generation.
Setting `pad_token_id` to `eos_token_id`:151645 for open-end generation.
Setting `pad_token_id` to `eos_token_id`:151645 for open-end generation.
Setting `pad_token_id` to `eos_token_id`:151645 for open-end generation.
Setting `pad_token_id` to `eos_token_id`:151645 for open-end generation.
Setting `pad_token_id` to `eos_token_id`:151645 for open-end generation.
Setting `pad_token_id` to `eos_token_id`:151645 for open-end generation.
Setting `pad_token_id` to `eos_token_id`:151645 for open-end generation.
Setting `pad_token_id` to `eos_token_id`:151645 for open-end generation.
Setting `pad_token_id` to `eos_token_id`:151645 for open-end generation.
Setting `pad_token_id` to `eos_token_id`:151645 for open-end generation.
Setting `pad_token_id` to `eos_token_id`:151645 for open-end generation.
Setting `pad_token_id` to `eos_token_id`:151645 for open-end generation.
Setting `pad_token_id` to `eos_token_id`:151645 for open-end generation.
Setting `pad_token_id` to `eos_token_id`:151645 for open-end generation.
Setting `pad_token_id` to `eos_token_id`:151645 for open-end generation.
Setting `pad_token_id` to `eos_token_id`:151645 for open-end generation.
Setting `pad_token_id` to `eos_token_id`:151645 for open-end generation.
Setting `pad_token_id` to `eos_token_id`:151645 for open-end generation.
Setting `pad_token_id` to `eos_token_id`:151645 for open-end generation.
Setting `pad_token_id` to `eos_token_id`:151645 for open-end generation.
Setting `pad_token_id` to `eos_token_id`:151645 for open-end generation.
Setting `pad_token_id` to `eos_token_id`:151645 for open-end generation.
Setting `pad_token_id` to `eos_token_id`:151645 for open-end generation.
Setting `pad_token_id` to `eos_token_id`:151645 for open-end generation.
Setting `pad_token_id` to `eos_token_id`:151645 for open-end generation.
Setting `pad_token_id` to `eos_token_id`:151645 for open-end generation.
Setting `pad_token_id` to `eos_token_id`:151645 for open-end generation.
Setting `pad_token_id` to `eos_token_id`:151645 for open-end generation.
Setting `pad_token_id` to `eos_token_id`:151645 for open-end generation.
Setting `pad_token_id` to `eos_token_id`:151645 for open-end generation.
Setting `pad_token_id` to `eos_token_id`:151645 for open-end generation.
Setting `pad_token_id` to `eos_token_id`:151645 for open-end generation.
Setting `pad_token_id` to `eos_token_id`:151645 for open-end generation.
Setting `pad_token_id` to `eos_token_id`:151645 for open-end generation.
Setting `pad_token_id` to `eos_token_id`:151645 for open-end generation.
Setting `pad_token_id` to `eos_token_id`:151645 for open-end generation.
Setting `pad_token_id` to `eos_token_id`:151645 for open-end generation.
Setting `pad_token_id` to `eos_token_id`:151645 for open-end generation.
Setting `pad_token_id` to `eos_token_id`:151645 for open-end generation.
Setting `pad_token_id` to `eos_token_id`:151645 for open-end generation.
Setting `pad_token_id` to `eos_token_id`:151645 for open-end generation.
Setting `pad_token_id` to `eos_token_id`:151645 for open-end generation.
Setting `pad_token_id` to `eos_token_id`:151645 for open-end generation.
Setting `pad_token_id` to `eos_token_id`:151645 for open-end generation.
Setting `pad_token_id` to `eos_token_id`:151645 for open-end generation.
Setting `pad_token_id` to `eos_token_id`:151645 for open-end generation.
Setting `pad_token_id` to `eos_token_id`:151645 for open-end generation.
Setting `pad_token_id` to `eos_token_id`:151645 for open-end generation.
Setting `pad_token_id` to `eos_token_id`:151645 for open-end generation.
Setting `pad_token_id` to `eos_token_id`:151645 for open-end generation.
Setting `pad_token_id` to `eos_token_id`:151645 for open-end generation.
Setting `pad_token_id` to `eos_token_id`:151645 for open-end generation.
Setting `pad_token_id` to `eos_token_id`:151645 for open-end generation.
Setting `pad_token_id` to `eos_token_id`:151645 for open-end generation.
Setting `pad_token_id` to `eos_token_id`:151645 for open-end generation.
Setting `pad_token_id` to `eos_token_id`:151645 for open-end generation.
Setting `pad_token_id` to `eos_token_id`:151645 for open-end generation.
Setting `pad_token_id` to `eos_token_id`:151645 for open-end generation.
Setting `pad_token_id` to `eos_token_id`:151645 for open-end generation.
Setting `pad_token_id` to `eos_token_id`:151645 for open-end generation.
Setting `pad_token_id` to `eos_token_id`:151645 for open-end generation.
Setting `pad_token_id` to `eos_token_id`:151645 for open-end generation.
Setting `pad_token_id` to `eos_token_id`:151645 for open-end generation.
Setting `pad_token_id` to `eos_token_id`:151645 for open-end generation.
Setting `pad_token_id` to `eos_token_id`:151645 for open-end generation.
Setting `pad_token_id` to `eos_token_id`:151645 for open-end generation.
Setting `pad_token_id` to `eos_token_id`:151645 for open-end generation.
Setting `pad_token_id` to `eos_token_id`:151645 for open-end generation.
Setting `pad_token_id` to `eos_token_id`:151645 for open-end generation.
Setting `pad_token_id` to `eos_token_id`:151645 for open-end generation.
Setting `pad_token_id` to `eos_token_id`:151645 for open-end generation.
Setting `pad_token_id` to `eos_token_id`:151645 for open-end generation.
Setting `pad_token_id` to `eos_token_id`:151645 for open-end generation.
Setting `pad_token_id` to `eos_token_id`:151645 for open-end generation.
Setting `pad_token_id` to `eos_token_id`:151645 for open-end generation.
Setting `pad_token_id` to `eos_token_id`:151645 for open-end generation.
Setting `pad_token_id` to `eos_token_id`:151645 for open-end generation.
Setting `pad_token_id` to `eos_token_id`:151645 for open-end generation.
Setting `pad_token_id` to `eos_token_id`:151645 for open-end generation.
Setting `pad_token_id` to `eos_token_id`:151645 for open-end generation.
Setting `pad_token_id` to `eos_token_id`:151645 for open-end generation.
Setting `pad_token_id` to `eos_token_id`:151645 for open-end generation.
Setting `pad_token_id` to `eos_token_id`:151645 for open-end generation.
Setting `pad_token_id` to `eos_token_id`:151645 for open-end generation.
Setting `pad_token_id` to `eos_token_id`:151645 for open-end generation.
Setting `pad_token_id` to `eos_token_id`:151645 for open-end generation.
Setting `pad_token_id` to `eos_token_id`:151645 for open-end generation.
Setting `pad_token_id` to `eos_token_id`:151645 for open-end generation.
Setting `pad_token_id` to `eos_token_id`:151645 for open-end generation.
Setting `pad_token_id` to `eos_token_id`:151645 for open-end generation.
Setting `pad_token_id` to `eos_token_id`:151645 for open-end generation.
Setting `pad_token_id` to `eos_token_id`:151645 for open-end generation.
Setting `pad_token_id` to `eos_token_id`:151645 for open-end generation.
Setting `pad_token_id` to `eos_token_id`:151645 for open-end generation.
Setting `pad_token_id` to `eos_token_id`:151645 for open-end generation.
Setting `pad_token_id` to `eos_token_id`:151645 for open-end generation.
Setting `pad_token_id` to `eos_token_id`:151645 for open-end generation.
Setting `pad_token_id` to `eos_token_id`:151645 for open-end generation.
Setting `pad_token_id` to `eos_token_id`:151645 for open-end generation.
Setting `pad_token_id` to `eos_token_id`:151645 for open-end generation.
Setting `pad_token_id` to `eos_token_id`:151645 for open-end generation.
Setting `pad_token_id` to `eos_token_id`:151645 for open-end generation.
Setting `pad_token_id` to `eos_token_id`:151645 for open-end generation.
Setting `pad_token_id` to `eos_token_id`:151645 for open-end generation.
Setting `pad_token_id` to `eos_token_id`:151645 for open-end generation.
Setting `pad_token_id` to `eos_token_id`:151645 for open-end generation.
Setting `pad_token_id` to `eos_token_id`:151645 for open-end generation.
Setting `pad_token_id` to `eos_token_id`:151645 for open-end generation.
Setting `pad_token_id` to `eos_token_id`:151645 for open-end generation.
Setting `pad_token_id` to `eos_token_id`:151645 for open-end generation.
Setting `pad_token_id` to `eos_token_id`:151645 for open-end generation.
Setting `pad_token_id` to `eos_token_id`:151645 for open-end generation.
Setting `pad_token_id` to `eos_token_id`:151645 for open-end generation.
Setting `pad_token_id` to `eos_token_id`:151645 for open-end generation.
Setting `pad_token_id` to `eos_token_id`:151645 for open-end generation.
Setting `pad_token_id` to `eos_token_id`:151645 for open-end generation.
Setting `pad_token_id` to `eos_token_id`:151645 for open-end generation.
Setting `pad_token_id` to `eos_token_id`:151645 for open-end generation.
Setting `pad_token_id` to `eos_token_id`:151645 for open-end generation.
Setting `pad_token_id` to `eos_token_id`:151645 for open-end generation.
Setting `pad_token_id` to `eos_token_id`:151645 for open-end generation.
Setting `pad_token_id` to `eos_token_id`:151645 for open-end generation.
Setting `pad_token_id` to `eos_token_id`:151645 for open-end generation.
Setting `pad_token_id` to `eos_token_id`:151645 for open-end generation.
Setting `pad_token_id` to `eos_token_id`:151645 for open-end generation.
Setting `pad_token_id` to `eos_token_id`:151645 for open-end generation.
Setting `pad_token_id` to `eos_token_id`:151645 for open-end generation.
Setting `pad_token_id` to `eos_token_id`:151645 for open-end generation.
Setting `pad_token_id` to `eos_token_id`:151645 for open-end generation.
Setting `pad_token_id` to `eos_token_id`:151645 for open-end generation.
Setting `pad_token_id` to `eos_token_id`:151645 for open-end generation.
Setting `pad_token_id` to `eos_token_id`:151645 for open-end generation.
Setting `pad_token_id` to `eos_token_id`:151645 for open-end generation.
Setting `pad_token_id` to `eos_token_id`:151645 for open-end generation.
Setting `pad_token_id` to `eos_token_id`:151645 for open-end generation.
Setting `pad_token_id` to `eos_token_id`:151645 for open-end generation.
Setting `pad_token_id` to `eos_token_id`:151645 for open-end generation.
Setting `pad_token_id` to `eos_token_id`:151645 for open-end generation.
Setting `pad_token_id` to `eos_token_id`:151645 for open-end generation.
Setting `pad_token_id` to `eos_token_id`:151645 for open-end generation.
Setting `pad_token_id` to `eos_token_id`:151645 for open-end generation.
Setting `pad_token_id` to `eos_token_id`:151645 for open-end generation.
Setting `pad_token_id` to `eos_token_id`:151645 for open-end generation.
Setting `pad_token_id` to `eos_token_id`:151645 for open-end generation.
Setting `pad_token_id` to `eos_token_id`:151645 for open-end generation.
Setting `pad_token_id` to `eos_token_id`:151645 for open-end generation.
Setting `pad_token_id` to `eos_token_id`:151645 for open-end generation.
Setting `pad_token_id` to `eos_token_id`:151645 for open-end generation.
Setting `pad_token_id` to `eos_token_id`:151645 for open-end generation.
Setting `pad_token_id` to `eos_token_id`:151645 for open-end generation.
Setting `pad_token_id` to `eos_token_id`:151645 for open-end generation.
Setting `pad_token_id` to `eos_token_id`:151645 for open-end generation.
Setting `pad_token_id` to `eos_token_id`:151645 for open-end generation.
Setting `pad_token_id` to `eos_token_id`:151645 for open-end generation.
Setting `pad_token_id` to `eos_token_id`:151645 for open-end generation.
Setting `pad_token_id` to `eos_token_id`:151645 for open-end generation.
Setting `pad_token_id` to `eos_token_id`:151645 for open-end generation.
Setting `pad_token_id` to `eos_token_id`:151645 for open-end generation.
Setting `pad_token_id` to `eos_token_id`:151645 for open-end generation.
Setting `pad_token_id` to `eos_token_id`:151645 for open-end generation.
Setting `pad_token_id` to `eos_token_id`:151645 for open-end generation.
Setting `pad_token_id` to `eos_token_id`:151645 for open-end generation.
Setting `pad_token_id` to `eos_token_id`:151645 for open-end generation.
Setting `pad_token_id` to `eos_token_id`:151645 for open-end generation.
Setting `pad_token_id` to `eos_token_id`:151645 for open-end generation.
Setting `pad_token_id` to `eos_token_id`:151645 for open-end generation.
Setting `pad_token_id` to `eos_token_id`:151645 for open-end generation.
Setting `pad_token_id` to `eos_token_id`:151645 for open-end generation.
Setting `pad_token_id` to `eos_token_id`:151645 for open-end generation.
Setting `pad_token_id` to `eos_token_id`:151645 for open-end generation.
Setting `pad_token_id` to `eos_token_id`:151645 for open-end generation.
Setting `pad_token_id` to `eos_token_id`:151645 for open-end generation.
Setting `pad_token_id` to `eos_token_id`:151645 for open-end generation.
Setting `pad_token_id` to `eos_token_id`:151645 for open-end generation.
Setting `pad_token_id` to `eos_token_id`:151645 for open-end generation.
Setting `pad_token_id` to `eos_token_id`:151645 for open-end generation.
Setting `pad_token_id` to `eos_token_id`:151645 for open-end generation.
Setting `pad_token_id` to `eos_token_id`:151645 for open-end generation.
Setting `pad_token_id` to `eos_token_id`:151645 for open-end generation.
Setting `pad_token_id` to `eos_token_id`:151645 for open-end generation.
Setting `pad_token_id` to `eos_token_id`:151645 for open-end generation.
Setting `pad_token_id` to `eos_token_id`:151645 for open-end generation.
Setting `pad_token_id` to `eos_token_id`:151645 for open-end generation.
Setting `pad_token_id` to `eos_token_id`:151645 for open-end generation.
Setting `pad_token_id` to `eos_token_id`:151645 for open-end generation.
Setting `pad_token_id` to `eos_token_id`:151645 for open-end generation.
Setting `pad_token_id` to `eos_token_id`:151645 for open-end generation.
Setting `pad_token_id` to `eos_token_id`:151645 for open-end generation.
Setting `pad_token_id` to `eos_token_id`:151645 for open-end generation.
Setting `pad_token_id` to `eos_token_id`:151645 for open-end generation.
Setting `pad_token_id` to `eos_token_id`:151645 for open-end generation.
Setting `pad_token_id` to `eos_token_id`:151645 for open-end generation.
Setting `pad_token_id` to `eos_token_id`:151645 for open-end generation.
Setting `pad_token_id` to `eos_token_id`:151645 for open-end generation.
Setting `pad_token_id` to `eos_token_id`:151645 for open-end generation.
Setting `pad_token_id` to `eos_token_id`:151645 for open-end generation.
Setting `pad_token_id` to `eos_token_id`:151645 for open-end generation.
Setting `pad_token_id` to `eos_token_id`:151645 for open-end generation.
Setting `pad_token_id` to `eos_token_id`:151645 for open-end generation.
Setting `pad_token_id` to `eos_token_id`:151645 for open-end generation.
Setting `pad_token_id` to `eos_token_id`:151645 for open-end generation.
Setting `pad_token_id` to `eos_token_id`:151645 for open-end generation.
Setting `pad_token_id` to `eos_token_id`:151645 for open-end generation.
Setting `pad_token_id` to `eos_token_id`:151645 for open-end generation.
Setting `pad_token_id` to `eos_token_id`:151645 for open-end generation.
Setting `pad_token_id` to `eos_token_id`:151645 for open-end generation.
Setting `pad_token_id` to `eos_token_id`:151645 for open-end generation.
Setting `pad_token_id` to `eos_token_id`:151645 for open-end generation.
Setting `pad_token_id` to `eos_token_id`:151645 for open-end generation.
Setting `pad_token_id` to `eos_token_id`:151645 for open-end generation.
Setting `pad_token_id` to `eos_token_id`:151645 for open-end generation.
Setting `pad_token_id` to `eos_token_id`:151645 for open-end generation.
Setting `pad_token_id` to `eos_token_id`:151645 for open-end generation.
Setting `pad_token_id` to `eos_token_id`:151645 for open-end generation.
Setting `pad_token_id` to `eos_token_id`:151645 for open-end generation.
Setting `pad_token_id` to `eos_token_id`:151645 for open-end generation.
Setting `pad_token_id` to `eos_token_id`:151645 for open-end generation.
Setting `pad_token_id` to `eos_token_id`:151645 for open-end generation.
Setting `pad_token_id` to `eos_token_id`:151645 for open-end generation.
Setting `pad_token_id` to `eos_token_id`:151645 for open-end generation.
Setting `pad_token_id` to `eos_token_id`:151645 for open-end generation.
Setting `pad_token_id` to `eos_token_id`:151645 for open-end generation.
Setting `pad_token_id` to `eos_token_id`:151645 for open-end generation.
Setting `pad_token_id` to `eos_token_id`:151645 for open-end generation.
Setting `pad_token_id` to `eos_token_id`:151645 for open-end generation.
Setting `pad_token_id` to `eos_token_id`:151645 for open-end generation.
Setting `pad_token_id` to `eos_token_id`:151645 for open-end generation.
Setting `pad_token_id` to `eos_token_id`:151645 for open-end generation.
Setting `pad_token_id` to `eos_token_id`:151645 for open-end generation.
Setting `pad_token_id` to `eos_token_id`:151645 for open-end generation.
Setting `pad_token_id` to `eos_token_id`:151645 for open-end generation.
Setting `pad_token_id` to `eos_token_id`:151645 for open-end generation.
Setting `pad_token_id` to `eos_token_id`:151645 for open-end generation.
Setting `pad_token_id` to `eos_token_id`:151645 for open-end generation.
Setting `pad_token_id` to `eos_token_id`:151645 for open-end generation.
Setting `pad_token_id` to `eos_token_id`:151645 for open-end generation.
Setting `pad_token_id` to `eos_token_id`:151645 for open-end generation.
Setting `pad_token_id` to `eos_token_id`:151645 for open-end generation.
Setting `pad_token_id` to `eos_token_id`:151645 for open-end generation.
Setting `pad_token_id` to `eos_token_id`:151645 for open-end generation.
Setting `pad_token_id` to `eos_token_id`:151645 for open-end generation.
Setting `pad_token_id` to `eos_token_id`:151645 for open-end generation.
Setting `pad_token_id` to `eos_token_id`:151645 for open-end generation.
Setting `pad_token_id` to `eos_token_id`:151645 for open-end generation.
Setting `pad_token_id` to `eos_token_id`:151645 for open-end generation.
Setting `pad_token_id` to `eos_token_id`:151645 for open-end generation.
Setting `pad_token_id` to `eos_token_id`:151645 for open-end generation.
Setting `pad_token_id` to `eos_token_id`:151645 for open-end generation.
Setting `pad_token_id` to `eos_token_id`:151645 for open-end generation.
Setting `pad_token_id` to `eos_token_id`:151645 for open-end generation.
Setting `pad_token_id` to `eos_token_id`:151645 for open-end generation.
Setting `pad_token_id` to `eos_token_id`:151645 for open-end generation.
Setting `pad_token_id` to `eos_token_id`:151645 for open-end generation.
Setting `pad_token_id` to `eos_token_id`:151645 for open-end generation.
Setting `pad_token_id` to `eos_token_id`:151645 for open-end generation.
Setting `pad_token_id` to `eos_token_id`:151645 for open-end generation.
Setting `pad_token_id` to `eos_token_id`:151645 for open-end generation.
Setting `pad_token_id` to `eos_token_id`:151645 for open-end generation.
Setting `pad_token_id` to `eos_token_id`:151645 for open-end generation.
Setting `pad_token_id` to `eos_token_id`:151645 for open-end generation.
Setting `pad_token_id` to `eos_token_id`:151645 for open-end generation.
Setting `pad_token_id` to `eos_token_id`:151645 for open-end generation.
Setting `pad_token_id` to `eos_token_id`:151645 for open-end generation.
Setting `pad_token_id` to `eos_token_id`:151645 for open-end generation.
Setting `pad_token_id` to `eos_token_id`:151645 for open-end generation.
Setting `pad_token_id` to `eos_token_id`:151645 for open-end generation.
Setting `pad_token_id` to `eos_token_id`:151645 for open-end generation.
Setting `pad_token_id` to `eos_token_id`:151645 for open-end generation.
Setting `pad_token_id` to `eos_token_id`:151645 for open-end generation.
Setting `pad_token_id` to `eos_token_id`:151645 for open-end generation.
Setting `pad_token_id` to `eos_token_id`:151645 for open-end generation.
Setting `pad_token_id` to `eos_token_id`:151645 for open-end generation.
Setting `pad_token_id` to `eos_token_id`:151645 for open-end generation.
Setting `pad_token_id` to `eos_token_id`:151645 for open-end generation.
Setting `pad_token_id` to `eos_token_id`:151645 for open-end generation.
Setting `pad_token_id` to `eos_token_id`:151645 for open-end generation.
Setting `pad_token_id` to `eos_token_id`:151645 for open-end generation.
Setting `pad_token_id` to `eos_token_id`:151645 for open-end generation.
Setting `pad_token_id` to `eos_token_id`:151645 for open-end generation.
Setting `pad_token_id` to `eos_token_id`:151645 for open-end generation.
Setting `pad_token_id` to `eos_token_id`:151645 for open-end generation.
Setting `pad_token_id` to `eos_token_id`:151645 for open-end generation.
Setting `pad_token_id` to `eos_token_id`:151645 for open-end generation.
Setting `pad_token_id` to `eos_token_id`:151645 for open-end generation.
Setting `pad_token_id` to `eos_token_id`:151645 for open-end generation.
Setting `pad_token_id` to `eos_token_id`:151645 for open-end generation.
Setting `pad_token_id` to `eos_token_id`:151645 for open-end generation.
Setting `pad_token_id` to `eos_token_id`:151645 for open-end generation.
Setting `pad_token_id` to `eos_token_id`:151645 for open-end generation.
Setting `pad_token_id` to `eos_token_id`:151645 for open-end generation.
Setting `pad_token_id` to `eos_token_id`:151645 for open-end generation.
Setting `pad_token_id` to `eos_token_id`:151645 for open-end generation.
Setting `pad_token_id` to `eos_token_id`:151645 for open-end generation.
Setting `pad_token_id` to `eos_token_id`:151645 for open-end generation.
Setting `pad_token_id` to `eos_token_id`:151645 for open-end generation.
Setting `pad_token_id` to `eos_token_id`:151645 for open-end generation.
Setting `pad_token_id` to `eos_token_id`:151645 for open-end generation.
Setting `pad_token_id` to `eos_token_id`:151645 for open-end generation.
Setting `pad_token_id` to `eos_token_id`:151645 for open-end generation.
Setting `pad_token_id` to `eos_token_id`:151645 for open-end generation.
Setting `pad_token_id` to `eos_token_id`:151645 for open-end generation.
Setting `pad_token_id` to `eos_token_id`:151645 for open-end generation.
Setting `pad_token_id` to `eos_token_id`:151645 for open-end generation.
Setting `pad_token_id` to `eos_token_id`:151645 for open-end generation.
Setting `pad_token_id` to `eos_token_id`:151645 for open-end generation.
Setting `pad_token_id` to `eos_token_id`:151645 for open-end generation.
Setting `pad_token_id` to `eos_token_id`:151645 for open-end generation.
Setting `pad_token_id` to `eos_token_id`:151645 for open-end generation.
Setting `pad_token_id` to `eos_token_id`:151645 for open-end generation.
Setting `pad_token_id` to `eos_token_id`:151645 for open-end generation.
Setting `pad_token_id` to `eos_token_id`:151645 for open-end generation.
Setting `pad_token_id` to `eos_token_id`:151645 for open-end generation.
Setting `pad_token_id` to `eos_token_id`:151645 for open-end generation.
Setting `pad_token_id` to `eos_token_id`:151645 for open-end generation.
Setting `pad_token_id` to `eos_token_id`:151645 for open-end generation.
Setting `pad_token_id` to `eos_token_id`:151645 for open-end generation.
Setting `pad_token_id` to `eos_token_id`:151645 for open-end generation.
Setting `pad_token_id` to `eos_token_id`:151645 for open-end generation.
Setting `pad_token_id` to `eos_token_id`:151645 for open-end generation.
Setting `pad_token_id` to `eos_token_id`:151645 for open-end generation.
Setting `pad_token_id` to `eos_token_id`:151645 for open-end generation.
Setting `pad_token_id` to `eos_token_id`:151645 for open-end generation.
Setting `pad_token_id` to `eos_token_id`:151645 for open-end generation.
Setting `pad_token_id` to `eos_token_id`:151645 for open-end generation.
Setting `pad_token_id` to `eos_token_id`:151645 for open-end generation.
Setting `pad_token_id` to `eos_token_id`:151645 for open-end generation.
Setting `pad_token_id` to `eos_token_id`:151645 for open-end generation.
Setting `pad_token_id` to `eos_token_id`:151645 for open-end generation.
Setting `pad_token_id` to `eos_token_id`:151645 for open-end generation.
Setting `pad_token_id` to `eos_token_id`:151645 for open-end generation.
Setting `pad_token_id` to `eos_token_id`:151645 for open-end generation.
Setting `pad_token_id` to `eos_token_id`:151645 for open-end generation.
Setting `pad_token_id` to `eos_token_id`:151645 for open-end generation.
Setting `pad_token_id` to `eos_token_id`:151645 for open-end generation.
Setting `pad_token_id` to `eos_token_id`:151645 for open-end generation.
Setting `pad_token_id` to `eos_token_id`:151645 for open-end generation.
Setting `pad_token_id` to `eos_token_id`:151645 for open-end generation.
Setting `pad_token_id` to `eos_token_id`:151645 for open-end generation.
Setting `pad_token_id` to `eos_token_id`:151645 for open-end generation.
Setting `pad_token_id` to `eos_token_id`:151645 for open-end generation.
Setting `pad_token_id` to `eos_token_id`:151645 for open-end generation.
Setting `pad_token_id` to `eos_token_id`:151645 for open-end generation.
Setting `pad_token_id` to `eos_token_id`:151645 for open-end generation.
Setting `pad_token_id` to `eos_token_id`:151645 for open-end generation.
Setting `pad_token_id` to `eos_token_id`:151645 for open-end generation.
Setting `pad_token_id` to `eos_token_id`:151645 for open-end generation.
Setting `pad_token_id` to `eos_token_id`:151645 for open-end generation.
Setting `pad_token_id` to `eos_token_id`:151645 for open-end generation.
Setting `pad_token_id` to `eos_token_id`:151645 for open-end generation.
Setting `pad_token_id` to `eos_token_id`:151645 for open-end generation.
Setting `pad_token_id` to `eos_token_id`:151645 for open-end generation.
Setting `pad_token_id` to `eos_token_id`:151645 for open-end generation.
Setting `pad_token_id` to `eos_token_id`:151645 for open-end generation.
Setting `pad_token_id` to `eos_token_id`:151645 for open-end generation.
Setting `pad_token_id` to `eos_token_id`:151645 for open-end generation.
Setting `pad_token_id` to `eos_token_id`:151645 for open-end generation.
Setting `pad_token_id` to `eos_token_id`:151645 for open-end generation.
Setting `pad_token_id` to `eos_token_id`:151645 for open-end generation.
Setting `pad_token_id` to `eos_token_id`:151645 for open-end generation.
Setting `pad_token_id` to `eos_token_id`:151645 for open-end generation.
Setting `pad_token_id` to `eos_token_id`:151645 for open-end generation.
Setting `pad_token_id` to `eos_token_id`:151645 for open-end generation.
Setting `pad_token_id` to `eos_token_id`:151645 for open-end generation.
Setting `pad_token_id` to `eos_token_id`:151645 for open-end generation.
Setting `pad_token_id` to `eos_token_id`:151645 for open-end generation.
Setting `pad_token_id` to `eos_token_id`:151645 for open-end generation.
Setting `pad_token_id` to `eos_token_id`:151645 for open-end generation.
Setting `pad_token_id` to `eos_token_id`:151645 for open-end generation.
Setting `pad_token_id` to `eos_token_id`:151645 for open-end generation.
Setting `pad_token_id` to `eos_token_id`:151645 for open-end generation.
Setting `pad_token_id` to `eos_token_id`:151645 for open-end generation.
Setting `pad_token_id` to `eos_token_id`:151645 for open-end generation.
Setting `pad_token_id` to `eos_token_id`:151645 for open-end generation.
Setting `pad_token_id` to `eos_token_id`:151645 for open-end generation.
Setting `pad_token_id` to `eos_token_id`:151645 for open-end generation.
Setting `pad_token_id` to `eos_token_id`:151645 for open-end generation.
Setting `pad_token_id` to `eos_token_id`:151645 for open-end generation.
Setting `pad_token_id` to `eos_token_id`:151645 for open-end generation.
Setting `pad_token_id` to `eos_token_id`:151645 for open-end generation.
Setting `pad_token_id` to `eos_token_id`:151645 for open-end generation.
Setting `pad_token_id` to `eos_token_id`:151645 for open-end generation.
Setting `pad_token_id` to `eos_token_id`:151645 for open-end generation.
Setting `pad_token_id` to `eos_token_id`:151645 for open-end generation.
Setting `pad_token_id` to `eos_token_id`:151645 for open-end generation.
Setting `pad_token_id` to `eos_token_id`:151645 for open-end generation.
Setting `pad_token_id` to `eos_token_id`:151645 for open-end generation.
Setting `pad_token_id` to `eos_token_id`:151645 for open-end generation.
Setting `pad_token_id` to `eos_token_id`:151645 for open-end generation.
Setting `pad_token_id` to `eos_token_id`:151645 for open-end generation.
Setting `pad_token_id` to `eos_token_id`:151645 for open-end generation.
Setting `pad_token_id` to `eos_token_id`:151645 for open-end generation.
Setting `pad_token_id` to `eos_token_id`:151645 for open-end generation.
Setting `pad_token_id` to `eos_token_id`:151645 for open-end generation.
Setting `pad_token_id` to `eos_token_id`:151645 for open-end generation.
Setting `pad_token_id` to `eos_token_id`:151645 for open-end generation.
Setting `pad_token_id` to `eos_token_id`:151645 for open-end generation.
Setting `pad_token_id` to `eos_token_id`:151645 for open-end generation.
Setting `pad_token_id` to `eos_token_id`:151645 for open-end generation.
Setting `pad_token_id` to `eos_token_id`:151645 for open-end generation.
Setting `pad_token_id` to `eos_token_id`:151645 for open-end generation.
Setting `pad_token_id` to `eos_token_id`:151645 for open-end generation.
Setting `pad_token_id` to `eos_token_id`:151645 for open-end generation.
Setting `pad_token_id` to `eos_token_id`:151645 for open-end generation.
Setting `pad_token_id` to `eos_token_id`:151645 for open-end generation.
Setting `pad_token_id` to `eos_token_id`:151645 for open-end generation.
Setting `pad_token_id` to `eos_token_id`:151645 for open-end generation.
Setting `pad_token_id` to `eos_token_id`:151645 for open-end generation.
Setting `pad_token_id` to `eos_token_id`:151645 for open-end generation.
Setting `pad_token_id` to `eos_token_id`:151645 for open-end generation.
Setting `pad_token_id` to `eos_token_id`:151645 for open-end generation.
Setting `pad_token_id` to `eos_token_id`:151645 for open-end generation.
Setting `pad_token_id` to `eos_token_id`:151645 for open-end generation.
Setting `pad_token_id` to `eos_token_id`:151645 for open-end generation.
Setting `pad_token_id` to `eos_token_id`:151645 for open-end generation.
Setting `pad_token_id` to `eos_token_id`:151645 for open-end generation.
Setting `pad_token_id` to `eos_token_id`:151645 for open-end generation.
Setting `pad_token_id` to `eos_token_id`:151645 for open-end generation.
Setting `pad_token_id` to `eos_token_id`:151645 for open-end generation.
Setting `pad_token_id` to `eos_token_id`:151645 for open-end generation.
Setting `pad_token_id` to `eos_token_id`:151645 for open-end generation.
Setting `pad_token_id` to `eos_token_id`:151645 for open-end generation.
Setting `pad_token_id` to `eos_token_id`:151645 for open-end generation.
Setting `pad_token_id` to `eos_token_id`:151645 for open-end generation.
Setting `pad_token_id` to `eos_token_id`:151645 for open-end generation.
Setting `pad_token_id` to `eos_token_id`:151645 for open-end generation.
Setting `pad_token_id` to `eos_token_id`:151645 for open-end generation.
Setting `pad_token_id` to `eos_token_id`:151645 for open-end generation.
Setting `pad_token_id` to `eos_token_id`:151645 for open-end generation.
Setting `pad_token_id` to `eos_token_id`:151645 for open-end generation.
Setting `pad_token_id` to `eos_token_id`:151645 for open-end generation.
Setting `pad_token_id` to `eos_token_id`:151645 for open-end generation.
Setting `pad_token_id` to `eos_token_id`:151645 for open-end generation.
Setting `pad_token_id` to `eos_token_id`:151645 for open-end generation.
Setting `pad_token_id` to `eos_token_id`:151645 for open-end generation.
Setting `pad_token_id` to `eos_token_id`:151645 for open-end generation.
Setting `pad_token_id` to `eos_token_id`:151645 for open-end generation.
Setting `pad_token_id` to `eos_token_id`:151645 for open-end generation.
Setting `pad_token_id` to `eos_token_id`:151645 for open-end generation.
Setting `pad_token_id` to `eos_token_id`:151645 for open-end generation.
Setting `pad_token_id` to `eos_token_id`:151645 for open-end generation.
Setting `pad_token_id` to `eos_token_id`:151645 for open-end generation.
Setting `pad_token_id` to `eos_token_id`:151645 for open-end generation.
Setting `pad_token_id` to `eos_token_id`:151645 for open-end generation.
Setting `pad_token_id` to `eos_token_id`:151645 for open-end generation.
Setting `pad_token_id` to `eos_token_id`:151645 for open-end generation.
Setting `pad_token_id` to `eos_token_id`:151645 for open-end generation.
Setting `pad_token_id` to `eos_token_id`:151645 for open-end generation.
Setting `pad_token_id` to `eos_token_id`:151645 for open-end generation.
Setting `pad_token_id` to `eos_token_id`:151645 for open-end generation.
Setting `pad_token_id` to `eos_token_id`:151645 for open-end generation.
Setting `pad_token_id` to `eos_token_id`:151645 for open-end generation.
Setting `pad_token_id` to `eos_token_id`:151645 for open-end generation.
Setting `pad_token_id` to `eos_token_id`:151645 for open-end generation.
Setting `pad_token_id` to `eos_token_id`:151645 for open-end generation.
Setting `pad_token_id` to `eos_token_id`:151645 for open-end generation.
Setting `pad_token_id` to `eos_token_id`:151645 for open-end generation.
Setting `pad_token_id` to `eos_token_id`:151645 for open-end generation.
Setting `pad_token_id` to `eos_token_id`:151645 for open-end generation.
Setting `pad_token_id` to `eos_token_id`:151645 for open-end generation.
Setting `pad_token_id` to `eos_token_id`:151645 for open-end generation.
Setting `pad_token_id` to `eos_token_id`:151645 for open-end generation.
Setting `pad_token_id` to `eos_token_id`:151645 for open-end generation.
Setting `pad_token_id` to `eos_token_id`:151645 for open-end generation.
Setting `pad_token_id` to `eos_token_id`:151645 for open-end generation.
Setting `pad_token_id` to `eos_token_id`:151645 for open-end generation.
Setting `pad_token_id` to `eos_token_id`:151645 for open-end generation.
Setting `pad_token_id` to `eos_token_id`:151645 for open-end generation.
Setting `pad_token_id` to `eos_token_id`:151645 for open-end generation.
Setting `pad_token_id` to `eos_token_id`:151645 for open-end generation.
Setting `pad_token_id` to `eos_token_id`:151645 for open-end generation.
Setting `pad_token_id` to `eos_token_id`:151645 for open-end generation.
Setting `pad_token_id` to `eos_token_id`:151645 for open-end generation.
Setting `pad_token_id` to `eos_token_id`:151645 for open-end generation.
Setting `pad_token_id` to `eos_token_id`:151645 for open-end generation.
Setting `pad_token_id` to `eos_token_id`:151645 for open-end generation.
Setting `pad_token_id` to `eos_token_id`:151645 for open-end generation.
Setting `pad_token_id` to `eos_token_id`:151645 for open-end generation.
Setting `pad_token_id` to `eos_token_id`:151645 for open-end generation.
Setting `pad_token_id` to `eos_token_id`:151645 for open-end generation.
Setting `pad_token_id` to `eos_token_id`:151645 for open-end generation.
Setting `pad_token_id` to `eos_token_id`:151645 for open-end generation.
Setting `pad_token_id` to `eos_token_id`:151645 for open-end generation.
Setting `pad_token_id` to `eos_token_id`:151645 for open-end generation.
Setting `pad_token_id` to `eos_token_id`:151645 for open-end generation.
Setting `pad_token_id` to `eos_token_id`:151645 for open-end generation.
Setting `pad_token_id` to `eos_token_id`:151645 for open-end generation.
Setting `pad_token_id` to `eos_token_id`:151645 for open-end generation.
Setting `pad_token_id` to `eos_token_id`:151645 for open-end generation.
Setting `pad_token_id` to `eos_token_id`:151645 for open-end generation.
Setting `pad_token_id` to `eos_token_id`:151645 for open-end generation.
Setting `pad_token_id` to `eos_token_id`:151645 for open-end generation.
Setting `pad_token_id` to `eos_token_id`:151645 for open-end generation.
Setting `pad_token_id` to `eos_token_id`:151645 for open-end generation.
Setting `pad_token_id` to `eos_token_id`:151645 for open-end generation.
Setting `pad_token_id` to `eos_token_id`:151645 for open-end generation.
Setting `pad_token_id` to `eos_token_id`:151645 for open-end generation.
Setting `pad_token_id` to `eos_token_id`:151645 for open-end generation.
Setting `pad_token_id` to `eos_token_id`:151645 for open-end generation.
Setting `pad_token_id` to `eos_token_id`:151645 for open-end generation.
Setting `pad_token_id` to `eos_token_id`:151645 for open-end generation.
Setting `pad_token_id` to `eos_token_id`:151645 for open-end generation.
Setting `pad_token_id` to `eos_token_id`:151645 for open-end generation.
Setting `pad_token_id` to `eos_token_id`:151645 for open-end generation.
Setting `pad_token_id` to `eos_token_id`:151645 for open-end generation.
Setting `pad_token_id` to `eos_token_id`:151645 for open-end generation.
Setting `pad_token_id` to `eos_token_id`:151645 for open-end generation.
Setting `pad_token_id` to `eos_token_id`:151645 for open-end generation.
Setting `pad_token_id` to `eos_token_id`:151645 for open-end generation.
Setting `pad_token_id` to `eos_token_id`:151645 for open-end generation.
Setting `pad_token_id` to `eos_token_id`:151645 for open-end generation.
Setting `pad_token_id` to `eos_token_id`:151645 for open-end generation.
Setting `pad_token_id` to `eos_token_id`:151645 for open-end generation.
Setting `pad_token_id` to `eos_token_id`:151645 for open-end generation.
Setting `pad_token_id` to `eos_token_id`:151645 for open-end generation.
Setting `pad_token_id` to `eos_token_id`:151645 for open-end generation.
Setting `pad_token_id` to `eos_token_id`:151645 for open-end generation.
Setting `pad_token_id` to `eos_token_id`:151645 for open-end generation.
Setting `pad_token_id` to `eos_token_id`:151645 for open-end generation.
Setting `pad_token_id` to `eos_token_id`:151645 for open-end generation.
Setting `pad_token_id` to `eos_token_id`:151645 for open-end generation.
Setting `pad_token_id` to `eos_token_id`:151645 for open-end generation.
Setting `pad_token_id` to `eos_token_id`:151645 for open-end generation.
Setting `pad_token_id` to `eos_token_id`:151645 for open-end generation.
Setting `pad_token_id` to `eos_token_id`:151645 for open-end generation.
Setting `pad_token_id` to `eos_token_id`:151645 for open-end generation.
Setting `pad_token_id` to `eos_token_id`:151645 for open-end generation.
Setting `pad_token_id` to `eos_token_id`:151645 for open-end generation.
Setting `pad_token_id` to `eos_token_id`:151645 for open-end generation.
Setting `pad_token_id` to `eos_token_id`:151645 for open-end generation.
Setting `pad_token_id` to `eos_token_id`:151645 for open-end generation.
Setting `pad_token_id` to `eos_token_id`:151645 for open-end generation.
Setting `pad_token_id` to `eos_token_id`:151645 for open-end generation.
Setting `pad_token_id` to `eos_token_id`:151645 for open-end generation.
Setting `pad_token_id` to `eos_token_id`:151645 for open-end generation.
Setting `pad_token_id` to `eos_token_id`:151645 for open-end generation.
Setting `pad_token_id` to `eos_token_id`:151645 for open-end generation.
Setting `pad_token_id` to `eos_token_id`:151645 for open-end generation.
Setting `pad_token_id` to `eos_token_id`:151645 for open-end generation.
Setting `pad_token_id` to `eos_token_id`:151645 for open-end generation.
Setting `pad_token_id` to `eos_token_id`:151645 for open-end generation.
Setting `pad_token_id` to `eos_token_id`:151645 for open-end generation.
Setting `pad_token_id` to `eos_token_id`:151645 for open-end generation.
Setting `pad_token_id` to `eos_token_id`:151645 for open-end generation.
Setting `pad_token_id` to `eos_token_id`:151645 for open-end generation.
Setting `pad_token_id` to `eos_token_id`:151645 for open-end generation.
Setting `pad_token_id` to `eos_token_id`:151645 for open-end generation.
Setting `pad_token_id` to `eos_token_id`:151645 for open-end generation.
Setting `pad_token_id` to `eos_token_id`:151645 for open-end generation.
Setting `pad_token_id` to `eos_token_id`:151645 for open-end generation.
Setting `pad_token_id` to `eos_token_id`:151645 for open-end generation.
Setting `pad_token_id` to `eos_token_id`:151645 for open-end generation.
Setting `pad_token_id` to `eos_token_id`:151645 for open-end generation.
Setting `pad_token_id` to `eos_token_id`:151645 for open-end generation.
Setting `pad_token_id` to `eos_token_id`:151645 for open-end generation.
Setting `pad_token_id` to `eos_token_id`:151645 for open-end generation.
Setting `pad_token_id` to `eos_token_id`:151645 for open-end generation.
Setting `pad_token_id` to `eos_token_id`:151645 for open-end generation.
Setting `pad_token_id` to `eos_token_id`:151645 for open-end generation.
Setting `pad_token_id` to `eos_token_id`:151645 for open-end generation.
Setting `pad_token_id` to `eos_token_id`:151645 for open-end generation.
Setting `pad_token_id` to `eos_token_id`:151645 for open-end generation.
Setting `pad_token_id` to `eos_token_id`:151645 for open-end generation.
Setting `pad_token_id` to `eos_token_id`:151645 for open-end generation.
Setting `pad_token_id` to `eos_token_id`:151645 for open-end generation.
Setting `pad_token_id` to `eos_token_id`:151645 for open-end generation.
Setting `pad_token_id` to `eos_token_id`:151645 for open-end generation.
Setting `pad_token_id` to `eos_token_id`:151645 for open-end generation.
Setting `pad_token_id` to `eos_token_id`:151645 for open-end generation.
Setting `pad_token_id` to `eos_token_id`:151645 for open-end generation.
Setting `pad_token_id` to `eos_token_id`:151645 for open-end generation.
Setting `pad_token_id` to `eos_token_id`:151645 for open-end generation.
Setting `pad_token_id` to `eos_token_id`:151645 for open-end generation.
Setting `pad_token_id` to `eos_token_id`:151645 for open-end generation.
Setting `pad_token_id` to `eos_token_id`:151645 for open-end generation.
Setting `pad_token_id` to `eos_token_id`:151645 for open-end generation.
Setting `pad_token_id` to `eos_token_id`:151645 for open-end generation.
Setting `pad_token_id` to `eos_token_id`:151645 for open-end generation.
Setting `pad_token_id` to `eos_token_id`:151645 for open-end generation.
Setting `pad_token_id` to `eos_token_id`:151645 for open-end generation.
Setting `pad_token_id` to `eos_token_id`:151645 for open-end generation.
Setting `pad_token_id` to `eos_token_id`:151645 for open-end generation.
Setting `pad_token_id` to `eos_token_id`:151645 for open-end generation.
Setting `pad_token_id` to `eos_token_id`:151645 for open-end generation.
Setting `pad_token_id` to `eos_token_id`:151645 for open-end generation.
Setting `pad_token_id` to `eos_token_id`:151645 for open-end generation.
Setting `pad_token_id` to `eos_token_id`:151645 for open-end generation.
Setting `pad_token_id` to `eos_token_id`:151645 for open-end generation.
Setting `pad_token_id` to `eos_token_id`:151645 for open-end generation.
Setting `pad_token_id` to `eos_token_id`:151645 for open-end generation.
Setting `pad_token_id` to `eos_token_id`:151645 for open-end generation.
Setting `pad_token_id` to `eos_token_id`:151645 for open-end generation.
Setting `pad_token_id` to `eos_token_id`:151645 for open-end generation.
Setting `pad_token_id` to `eos_token_id`:151645 for open-end generation.
Setting `pad_token_id` to `eos_token_id`:151645 for open-end generation.
Setting `pad_token_id` to `eos_token_id`:151645 for open-end generation.
Setting `pad_token_id` to `eos_token_id`:151645 for open-end generation.
Setting `pad_token_id` to `eos_token_id`:151645 for open-end generation.
Setting `pad_token_id` to `eos_token_id`:151645 for open-end generation.
Setting `pad_token_id` to `eos_token_id`:151645 for open-end generation.
Setting `pad_token_id` to `eos_token_id`:151645 for open-end generation.
Setting `pad_token_id` to `eos_token_id`:151645 for open-end generation.
Setting `pad_token_id` to `eos_token_id`:151645 for open-end generation.
Setting `pad_token_id` to `eos_token_id`:151645 for open-end generation.
Setting `pad_token_id` to `eos_token_id`:151645 for open-end generation.
Setting `pad_token_id` to `eos_token_id`:151645 for open-end generation.
Setting `pad_token_id` to `eos_token_id`:151645 for open-end generation.
Setting `pad_token_id` to `eos_token_id`:151645 for open-end generation.
Setting `pad_token_id` to `eos_token_id`:151645 for open-end generation.
Setting `pad_token_id` to `eos_token_id`:151645 for open-end generation.
Setting `pad_token_id` to `eos_token_id`:151645 for open-end generation.
Setting `pad_token_id` to `eos_token_id`:151645 for open-end generation.
Setting `pad_token_id` to `eos_token_id`:151645 for open-end generation.
Setting `pad_token_id` to `eos_token_id`:151645 for open-end generation.
Setting `pad_token_id` to `eos_token_id`:151645 for open-end generation.
Setting `pad_token_id` to `eos_token_id`:151645 for open-end generation.
Setting `pad_token_id` to `eos_token_id`:151645 for open-end generation.
Setting `pad_token_id` to `eos_token_id`:151645 for open-end generation.
Setting `pad_token_id` to `eos_token_id`:151645 for open-end generation.
Setting `pad_token_id` to `eos_token_id`:151645 for open-end generation.
Setting `pad_token_id` to `eos_token_id`:151645 for open-end generation.
Setting `pad_token_id` to `eos_token_id`:151645 for open-end generation.
Setting `pad_token_id` to `eos_token_id`:151645 for open-end generation.
Setting `pad_token_id` to `eos_token_id`:151645 for open-end generation.
Setting `pad_token_id` to `eos_token_id`:151645 for open-end generation.
Setting `pad_token_id` to `eos_token_id`:151645 for open-end generation.
Setting `pad_token_id` to `eos_token_id`:151645 for open-end generation.
Setting `pad_token_id` to `eos_token_id`:151645 for open-end generation.
Setting `pad_token_id` to `eos_token_id`:151645 for open-end generation.
Setting `pad_token_id` to `eos_token_id`:151645 for open-end generation.
Setting `pad_token_id` to `eos_token_id`:151645 for open-end generation.
Setting `pad_token_id` to `eos_token_id`:151645 for open-end generation.
Setting `pad_token_id` to `eos_token_id`:151645 for open-end generation.
Setting `pad_token_id` to `eos_token_id`:151645 for open-end generation.
Setting `pad_token_id` to `eos_token_id`:151645 for open-end generation.
2026-07-06 14:58:01,479 INFO B[0/80] name hit none=1 profile=1 distractor=1
Setting `pad_token_id` to `eos_token_id`:151645 for open-end generation.
Setting `pad_token_id` to `eos_token_id`:151645 for open-end generation.
Setting `pad_token_id` to `eos_token_id`:151645 for open-end generation.
2026-07-06 14:58:02,611 INFO B[1/80] email hit none=1 profile=1 distractor=1
Setting `pad_token_id` to `eos_token_id`:151645 for open-end generation.
Setting `pad_token_id` to `eos_token_id`:151645 for open-end generation.
Setting `pad_token_id` to `eos_token_id`:151645 for open-end generation.
2026-07-06 14:58:04,235 INFO B[2/80] name hit none=1 profile=1 distractor=1
Setting `pad_token_id` to `eos_token_id`:151645 for open-end generation.
Setting `pad_token_id` to `eos_token_id`:151645 for open-end generation.
Setting `pad_token_id` to `eos_token_id`:151645 for open-end generation.
2026-07-06 14:58:05,298 INFO B[3/80] email hit none=0 profile=1 distractor=0
Setting `pad_token_id` to `eos_token_id`:151645 for open-end generation.
Setting `pad_token_id` to `eos_token_id`:151645 for open-end generation.
Setting `pad_token_id` to `eos_token_id`:151645 for open-end generation.
2026-07-06 14:58:06,558 INFO B[4/80] name hit none=0 profile=1 distractor=0
Setting `pad_token_id` to `eos_token_id`:151645 for open-end generation.
Setting `pad_token_id` to `eos_token_id`:151645 for open-end generation.
Setting `pad_token_id` to `eos_token_id`:151645 for open-end generation.
2026-07-06 14:58:07,497 INFO B[5/80] email hit none=0 profile=1 distractor=0
Setting `pad_token_id` to `eos_token_id`:151645 for open-end generation.
Setting `pad_token_id` to `eos_token_id`:151645 for open-end generation.
Setting `pad_token_id` to `eos_token_id`:151645 for open-end generation.
2026-07-06 14:58:09,060 INFO B[6/80] name hit none=1 profile=1 distractor=1
Setting `pad_token_id` to `eos_token_id`:151645 for open-end generation.
Setting `pad_token_id` to `eos_token_id`:151645 for open-end generation.
Setting `pad_token_id` to `eos_token_id`:151645 for open-end generation.
2026-07-06 14:58:10,091 INFO B[7/80] email hit none=0 profile=1 distractor=0
Setting `pad_token_id` to `eos_token_id`:151645 for open-end generation.
Setting `pad_token_id` to `eos_token_id`:151645 for open-end generation.
Setting `pad_token_id` to `eos_token_id`:151645 for open-end generation.
2026-07-06 14:58:11,735 INFO B[8/80] name hit none=1 profile=1 distractor=1
Setting `pad_token_id` to `eos_token_id`:151645 for open-end generation.
Setting `pad_token_id` to `eos_token_id`:151645 for open-end generation.
Setting `pad_token_id` to `eos_token_id`:151645 for open-end generation.
2026-07-06 14:58:12,791 INFO B[9/80] email hit none=0 profile=1 distractor=0
Setting `pad_token_id` to `eos_token_id`:151645 for open-end generation.
Setting `pad_token_id` to `eos_token_id`:151645 for open-end generation.
Setting `pad_token_id` to `eos_token_id`:151645 for open-end generation.
2026-07-06 14:58:14,570 INFO B[10/80] name hit none=1 profile=1 distractor=1
Setting `pad_token_id` to `eos_token_id`:151645 for open-end generation.
Setting `pad_token_id` to `eos_token_id`:151645 for open-end generation.
Setting `pad_token_id` to `eos_token_id`:151645 for open-end generation.
2026-07-06 14:58:15,475 INFO B[11/80] email hit none=0 profile=1 distractor=0
Setting `pad_token_id` to `eos_token_id`:151645 for open-end generation.
Setting `pad_token_id` to `eos_token_id`:151645 for open-end generation.
Setting `pad_token_id` to `eos_token_id`:151645 for open-end generation.
2026-07-06 14:58:17,506 INFO B[12/80] name hit none=1 profile=1 distractor=1
Setting `pad_token_id` to `eos_token_id`:151645 for open-end generation.
Setting `pad_token_id` to `eos_token_id`:151645 for open-end generation.
Setting `pad_token_id` to `eos_token_id`:151645 for open-end generation.
2026-07-06 14:58:18,529 INFO B[13/80] email hit none=0 profile=1 distractor=0
Setting `pad_token_id` to `eos_token_id`:151645 for open-end generation.
Setting `pad_token_id` to `eos_token_id`:151645 for open-end generation.
Setting `pad_token_id` to `eos_token_id`:151645 for open-end generation.
2026-07-06 14:58:20,190 INFO B[14/80] name hit none=1 profile=1 distractor=1
Setting `pad_token_id` to `eos_token_id`:151645 for open-end generation.
Setting `pad_token_id` to `eos_token_id`:151645 for open-end generation.
Setting `pad_token_id` to `eos_token_id`:151645 for open-end generation.
2026-07-06 14:58:21,182 INFO B[15/80] email hit none=0 profile=1 distractor=0
Setting `pad_token_id` to `eos_token_id`:151645 for open-end generation.
Setting `pad_token_id` to `eos_token_id`:151645 for open-end generation.
Setting `pad_token_id` to `eos_token_id`:151645 for open-end generation.
2026-07-06 14:58:23,203 INFO B[16/80] name hit none=1 profile=1 distractor=1
Setting `pad_token_id` to `eos_token_id`:151645 for open-end generation.
Setting `pad_token_id` to `eos_token_id`:151645 for open-end generation.
Setting `pad_token_id` to `eos_token_id`:151645 for open-end generation.
2026-07-06 14:58:24,266 INFO B[17/80] email hit none=0 profile=1 distractor=0
Setting `pad_token_id` to `eos_token_id`:151645 for open-end generation.
Setting `pad_token_id` to `eos_token_id`:151645 for open-end generation.
Setting `pad_token_id` to `eos_token_id`:151645 for open-end generation.
2026-07-06 14:58:25,984 INFO B[18/80] name hit none=1 profile=1 distractor=1
Setting `pad_token_id` to `eos_token_id`:151645 for open-end generation.
Setting `pad_token_id` to `eos_token_id`:151645 for open-end generation.
Setting `pad_token_id` to `eos_token_id`:151645 for open-end generation.
2026-07-06 14:58:26,983 INFO B[19/80] email hit none=0 profile=0 distractor=0
Setting `pad_token_id` to `eos_token_id`:151645 for open-end generation.
Setting `pad_token_id` to `eos_token_id`:151645 for open-end generation.
Setting `pad_token_id` to `eos_token_id`:151645 for open-end generation.
2026-07-06 14:58:28,714 INFO B[20/80] name hit none=1 profile=1 distractor=1
Setting `pad_token_id` to `eos_token_id`:151645 for open-end generation.
Setting `pad_token_id` to `eos_token_id`:151645 for open-end generation.
Setting `pad_token_id` to `eos_token_id`:151645 for open-end generation.
2026-07-06 14:58:29,670 INFO B[21/80] email hit none=0 profile=1 distractor=0
Setting `pad_token_id` to `eos_token_id`:151645 for open-end generation.
Setting `pad_token_id` to `eos_token_id`:151645 for open-end generation.
Setting `pad_token_id` to `eos_token_id`:151645 for open-end generation.
2026-07-06 14:58:31,362 INFO B[22/80] name hit none=1 profile=1 distractor=1
Setting `pad_token_id` to `eos_token_id`:151645 for open-end generation.
Setting `pad_token_id` to `eos_token_id`:151645 for open-end generation.
Setting `pad_token_id` to `eos_token_id`:151645 for open-end generation.
2026-07-06 14:58:32,403 INFO B[23/80] email hit none=0 profile=1 distractor=0
Setting `pad_token_id` to `eos_token_id`:151645 for open-end generation.
Setting `pad_token_id` to `eos_token_id`:151645 for open-end generation.
Setting `pad_token_id` to `eos_token_id`:151645 for open-end generation.
2026-07-06 14:58:34,758 INFO B[24/80] name hit none=1 profile=1 distractor=1
Setting `pad_token_id` to `eos_token_id`:151645 for open-end generation.
Setting `pad_token_id` to `eos_token_id`:151645 for open-end generation.
Setting `pad_token_id` to `eos_token_id`:151645 for open-end generation.
2026-07-06 14:58:35,699 INFO B[25/80] email hit none=0 profile=0 distractor=0
Setting `pad_token_id` to `eos_token_id`:151645 for open-end generation.
Setting `pad_token_id` to `eos_token_id`:151645 for open-end generation.
Setting `pad_token_id` to `eos_token_id`:151645 for open-end generation.
2026-07-06 14:58:37,413 INFO B[26/80] name hit none=1 profile=1 distractor=1
Setting `pad_token_id` to `eos_token_id`:151645 for open-end generation.
Setting `pad_token_id` to `eos_token_id`:151645 for open-end generation.
Setting `pad_token_id` to `eos_token_id`:151645 for open-end generation.
2026-07-06 14:58:38,400 INFO B[27/80] email hit none=0 profile=0 distractor=0
Setting `pad_token_id` to `eos_token_id`:151645 for open-end generation.
Setting `pad_token_id` to `eos_token_id`:151645 for open-end generation.
Setting `pad_token_id` to `eos_token_id`:151645 for open-end generation.
2026-07-06 14:58:40,126 INFO B[28/80] name hit none=1 profile=1 distractor=1
Setting `pad_token_id` to `eos_token_id`:151645 for open-end generation.
Setting `pad_token_id` to `eos_token_id`:151645 for open-end generation.
Setting `pad_token_id` to `eos_token_id`:151645 for open-end generation.
2026-07-06 14:58:41,161 INFO B[29/80] email hit none=0 profile=0 distractor=0
Setting `pad_token_id` to `eos_token_id`:151645 for open-end generation.
Setting `pad_token_id` to `eos_token_id`:151645 for open-end generation.
Setting `pad_token_id` to `eos_token_id`:151645 for open-end generation.
2026-07-06 14:58:43,004 INFO B[30/80] name hit none=1 profile=1 distractor=1
Setting `pad_token_id` to `eos_token_id`:151645 for open-end generation.
Setting `pad_token_id` to `eos_token_id`:151645 for open-end generation.
Setting `pad_token_id` to `eos_token_id`:151645 for open-end generation.
2026-07-06 14:58:44,078 INFO B[31/80] email hit none=0 profile=1 distractor=0
Setting `pad_token_id` to `eos_token_id`:151645 for open-end generation.
Setting `pad_token_id` to `eos_token_id`:151645 for open-end generation.
Setting `pad_token_id` to `eos_token_id`:151645 for open-end generation.
2026-07-06 14:58:45,661 INFO B[32/80] name hit none=1 profile=1 distractor=1
Setting `pad_token_id` to `eos_token_id`:151645 for open-end generation.
Setting `pad_token_id` to `eos_token_id`:151645 for open-end generation.
Setting `pad_token_id` to `eos_token_id`:151645 for open-end generation.
2026-07-06 14:58:46,684 INFO B[33/80] email hit none=0 profile=0 distractor=0
Setting `pad_token_id` to `eos_token_id`:151645 for open-end generation.
Setting `pad_token_id` to `eos_token_id`:151645 for open-end generation.
Setting `pad_token_id` to `eos_token_id`:151645 for open-end generation.
2026-07-06 14:58:48,430 INFO B[34/80] name hit none=1 profile=1 distractor=1
Setting `pad_token_id` to `eos_token_id`:151645 for open-end generation.
Setting `pad_token_id` to `eos_token_id`:151645 for open-end generation.
Setting `pad_token_id` to `eos_token_id`:151645 for open-end generation.
2026-07-06 14:58:49,390 INFO B[35/80] email hit none=1 profile=1 distractor=0
Setting `pad_token_id` to `eos_token_id`:151645 for open-end generation.
Setting `pad_token_id` to `eos_token_id`:151645 for open-end generation.
Setting `pad_token_id` to `eos_token_id`:151645 for open-end generation.
2026-07-06 14:58:51,062 INFO B[36/80] name hit none=1 profile=1 distractor=1
Setting `pad_token_id` to `eos_token_id`:151645 for open-end generation.
Setting `pad_token_id` to `eos_token_id`:151645 for open-end generation.
Setting `pad_token_id` to `eos_token_id`:151645 for open-end generation.
2026-07-06 14:58:51,971 INFO B[37/80] email hit none=0 profile=1 distractor=0
Setting `pad_token_id` to `eos_token_id`:151645 for open-end generation.
Setting `pad_token_id` to `eos_token_id`:151645 for open-end generation.
Setting `pad_token_id` to `eos_token_id`:151645 for open-end generation.
2026-07-06 14:58:53,556 INFO B[38/80] name hit none=1 profile=1 distractor=1
Setting `pad_token_id` to `eos_token_id`:151645 for open-end generation.
Setting `pad_token_id` to `eos_token_id`:151645 for open-end generation.
Setting `pad_token_id` to `eos_token_id`:151645 for open-end generation.
2026-07-06 14:58:54,457 INFO B[39/80] email hit none=0 profile=1 distractor=0
Setting `pad_token_id` to `eos_token_id`:151645 for open-end generation.
Setting `pad_token_id` to `eos_token_id`:151645 for open-end generation.
Setting `pad_token_id` to `eos_token_id`:151645 for open-end generation.
2026-07-06 14:58:56,071 INFO B[40/80] name hit none=1 profile=1 distractor=1
Setting `pad_token_id` to `eos_token_id`:151645 for open-end generation.
Setting `pad_token_id` to `eos_token_id`:151645 for open-end generation.
Setting `pad_token_id` to `eos_token_id`:151645 for open-end generation.
2026-07-06 14:58:57,097 INFO B[41/80] email hit none=0 profile=1 distractor=0
Setting `pad_token_id` to `eos_token_id`:151645 for open-end generation.
Setting `pad_token_id` to `eos_token_id`:151645 for open-end generation.
Setting `pad_token_id` to `eos_token_id`:151645 for open-end generation.
2026-07-06 14:58:58,437 INFO B[42/80] name hit none=1 profile=1 distractor=1
Setting `pad_token_id` to `eos_token_id`:151645 for open-end generation.
Setting `pad_token_id` to `eos_token_id`:151645 for open-end generation.
Setting `pad_token_id` to `eos_token_id`:151645 for open-end generation.
2026-07-06 14:58:59,463 INFO B[43/80] email hit none=0 profile=1 distractor=0
Setting `pad_token_id` to `eos_token_id`:151645 for open-end generation.
Setting `pad_token_id` to `eos_token_id`:151645 for open-end generation.
Setting `pad_token_id` to `eos_token_id`:151645 for open-end generation.
2026-07-06 14:59:01,273 INFO B[44/80] name hit none=1 profile=1 distractor=1
Setting `pad_token_id` to `eos_token_id`:151645 for open-end generation.
Setting `pad_token_id` to `eos_token_id`:151645 for open-end generation.
Setting `pad_token_id` to `eos_token_id`:151645 for open-end generation.
2026-07-06 14:59:02,267 INFO B[45/80] email hit none=0 profile=1 distractor=0
Setting `pad_token_id` to `eos_token_id`:151645 for open-end generation.
Setting `pad_token_id` to `eos_token_id`:151645 for open-end generation.
Setting `pad_token_id` to `eos_token_id`:151645 for open-end generation.
2026-07-06 14:59:04,373 INFO B[46/80] name hit none=1 profile=1 distractor=1
Setting `pad_token_id` to `eos_token_id`:151645 for open-end generation.
Setting `pad_token_id` to `eos_token_id`:151645 for open-end generation.
Setting `pad_token_id` to `eos_token_id`:151645 for open-end generation.
2026-07-06 14:59:05,416 INFO B[47/80] email hit none=0 profile=1 distractor=0
Setting `pad_token_id` to `eos_token_id`:151645 for open-end generation.
Setting `pad_token_id` to `eos_token_id`:151645 for open-end generation.
Setting `pad_token_id` to `eos_token_id`:151645 for open-end generation.
2026-07-06 14:59:07,201 INFO B[48/80] name hit none=1 profile=1 distractor=1
Setting `pad_token_id` to `eos_token_id`:151645 for open-end generation.
Setting `pad_token_id` to `eos_token_id`:151645 for open-end generation.
Setting `pad_token_id` to `eos_token_id`:151645 for open-end generation.
2026-07-06 14:59:08,094 INFO B[49/80] email hit none=0 profile=1 distractor=1
Setting `pad_token_id` to `eos_token_id`:151645 for open-end generation.
Setting `pad_token_id` to `eos_token_id`:151645 for open-end generation.
Setting `pad_token_id` to `eos_token_id`:151645 for open-end generation.
2026-07-06 14:59:09,630 INFO B[50/80] name hit none=1 profile=1 distractor=1
Setting `pad_token_id` to `eos_token_id`:151645 for open-end generation.
Setting `pad_token_id` to `eos_token_id`:151645 for open-end generation.
Setting `pad_token_id` to `eos_token_id`:151645 for open-end generation.
2026-07-06 14:59:10,529 INFO B[51/80] email hit none=0 profile=1 distractor=0
Setting `pad_token_id` to `eos_token_id`:151645 for open-end generation.
Setting `pad_token_id` to `eos_token_id`:151645 for open-end generation.
Setting `pad_token_id` to `eos_token_id`:151645 for open-end generation.
2026-07-06 14:59:12,416 INFO B[52/80] name hit none=1 profile=1 distractor=1
Setting `pad_token_id` to `eos_token_id`:151645 for open-end generation.
Setting `pad_token_id` to `eos_token_id`:151645 for open-end generation.
Setting `pad_token_id` to `eos_token_id`:151645 for open-end generation.
2026-07-06 14:59:13,382 INFO B[53/80] email hit none=0 profile=0 distractor=0
Setting `pad_token_id` to `eos_token_id`:151645 for open-end generation.
Setting `pad_token_id` to `eos_token_id`:151645 for open-end generation.
Setting `pad_token_id` to `eos_token_id`:151645 for open-end generation.
2026-07-06 14:59:15,157 INFO B[54/80] name hit none=1 profile=1 distractor=1
Setting `pad_token_id` to `eos_token_id`:151645 for open-end generation.
Setting `pad_token_id` to `eos_token_id`:151645 for open-end generation.
Setting `pad_token_id` to `eos_token_id`:151645 for open-end generation.
2026-07-06 14:59:16,161 INFO B[55/80] email hit none=0 profile=1 distractor=0
Setting `pad_token_id` to `eos_token_id`:151645 for open-end generation.
Setting `pad_token_id` to `eos_token_id`:151645 for open-end generation.
Setting `pad_token_id` to `eos_token_id`:151645 for open-end generation.
2026-07-06 14:59:17,964 INFO B[56/80] name hit none=1 profile=1 distractor=1
Setting `pad_token_id` to `eos_token_id`:151645 for open-end generation.
Setting `pad_token_id` to `eos_token_id`:151645 for open-end generation.
Setting `pad_token_id` to `eos_token_id`:151645 for open-end generation.
2026-07-06 14:59:18,885 INFO B[57/80] email hit none=1 profile=1 distractor=1
Setting `pad_token_id` to `eos_token_id`:151645 for open-end generation.
Setting `pad_token_id` to `eos_token_id`:151645 for open-end generation.
Setting `pad_token_id` to `eos_token_id`:151645 for open-end generation.
2026-07-06 14:59:20,293 INFO B[58/80] name hit none=1 profile=1 distractor=1
Setting `pad_token_id` to `eos_token_id`:151645 for open-end generation.
Setting `pad_token_id` to `eos_token_id`:151645 for open-end generation.
Setting `pad_token_id` to `eos_token_id`:151645 for open-end generation.
2026-07-06 14:59:21,349 INFO B[59/80] email hit none=0 profile=1 distractor=0
Setting `pad_token_id` to `eos_token_id`:151645 for open-end generation.
Setting `pad_token_id` to `eos_token_id`:151645 for open-end generation.
Setting `pad_token_id` to `eos_token_id`:151645 for open-end generation.
2026-07-06 14:59:23,239 INFO B[60/80] name hit none=1 profile=1 distractor=1
Setting `pad_token_id` to `eos_token_id`:151645 for open-end generation.
Setting `pad_token_id` to `eos_token_id`:151645 for open-end generation.
Setting `pad_token_id` to `eos_token_id`:151645 for open-end generation.
2026-07-06 14:59:24,709 INFO B[61/80] email hit none=0 profile=1 distractor=0
Setting `pad_token_id` to `eos_token_id`:151645 for open-end generation.
Setting `pad_token_id` to `eos_token_id`:151645 for open-end generation.
Setting `pad_token_id` to `eos_token_id`:151645 for open-end generation.
2026-07-06 14:59:26,398 INFO B[62/80] name hit none=1 profile=1 distractor=1
Setting `pad_token_id` to `eos_token_id`:151645 for open-end generation.
Setting `pad_token_id` to `eos_token_id`:151645 for open-end generation.
Setting `pad_token_id` to `eos_token_id`:151645 for open-end generation.
2026-07-06 14:59:27,295 INFO B[63/80] email hit none=0 profile=1 distractor=0
Setting `pad_token_id` to `eos_token_id`:151645 for open-end generation.
Setting `pad_token_id` to `eos_token_id`:151645 for open-end generation.
Setting `pad_token_id` to `eos_token_id`:151645 for open-end generation.
2026-07-06 14:59:28,920 INFO B[64/80] name hit none=1 profile=1 distractor=1
Setting `pad_token_id` to `eos_token_id`:151645 for open-end generation.
Setting `pad_token_id` to `eos_token_id`:151645 for open-end generation.
Setting `pad_token_id` to `eos_token_id`:151645 for open-end generation.
2026-07-06 14:59:29,971 INFO B[65/80] email hit none=0 profile=1 distractor=0
Setting `pad_token_id` to `eos_token_id`:151645 for open-end generation.
Setting `pad_token_id` to `eos_token_id`:151645 for open-end generation.
Setting `pad_token_id` to `eos_token_id`:151645 for open-end generation.
2026-07-06 14:59:31,294 INFO B[66/80] name hit none=1 profile=1 distractor=1
Setting `pad_token_id` to `eos_token_id`:151645 for open-end generation.
Setting `pad_token_id` to `eos_token_id`:151645 for open-end generation.
Setting `pad_token_id` to `eos_token_id`:151645 for open-end generation.
2026-07-06 14:59:32,281 INFO B[67/80] email hit none=0 profile=1 distractor=0
Setting `pad_token_id` to `eos_token_id`:151645 for open-end generation.
Setting `pad_token_id` to `eos_token_id`:151645 for open-end generation.
Setting `pad_token_id` to `eos_token_id`:151645 for open-end generation.
2026-07-06 14:59:34,099 INFO B[68/80] name hit none=1 profile=1 distractor=1
Setting `pad_token_id` to `eos_token_id`:151645 for open-end generation.
Setting `pad_token_id` to `eos_token_id`:151645 for open-end generation.
Setting `pad_token_id` to `eos_token_id`:151645 for open-end generation.
2026-07-06 14:59:35,167 INFO B[69/80] email hit none=0 profile=1 distractor=0
Setting `pad_token_id` to `eos_token_id`:151645 for open-end generation.
Setting `pad_token_id` to `eos_token_id`:151645 for open-end generation.
Setting `pad_token_id` to `eos_token_id`:151645 for open-end generation.
2026-07-06 14:59:37,024 INFO B[70/80] name hit none=1 profile=1 distractor=1
Setting `pad_token_id` to `eos_token_id`:151645 for open-end generation.
Setting `pad_token_id` to `eos_token_id`:151645 for open-end generation.
Setting `pad_token_id` to `eos_token_id`:151645 for open-end generation.
2026-07-06 14:59:37,864 INFO B[71/80] email hit none=0 profile=1 distractor=0
Setting `pad_token_id` to `eos_token_id`:151645 for open-end generation.
Setting `pad_token_id` to `eos_token_id`:151645 for open-end generation.
Setting `pad_token_id` to `eos_token_id`:151645 for open-end generation.
2026-07-06 14:59:39,286 INFO B[72/80] name hit none=1 profile=1 distractor=1
Setting `pad_token_id` to `eos_token_id`:151645 for open-end generation.
Setting `pad_token_id` to `eos_token_id`:151645 for open-end generation.
Setting `pad_token_id` to `eos_token_id`:151645 for open-end generation.
2026-07-06 14:59:40,191 INFO B[73/80] email hit none=0 profile=1 distractor=0
Setting `pad_token_id` to `eos_token_id`:151645 for open-end generation.
Setting `pad_token_id` to `eos_token_id`:151645 for open-end generation.
Setting `pad_token_id` to `eos_token_id`:151645 for open-end generation.
2026-07-06 14:59:41,654 INFO B[74/80] name hit none=1 profile=1 distractor=1
Setting `pad_token_id` to `eos_token_id`:151645 for open-end generation.
Setting `pad_token_id` to `eos_token_id`:151645 for open-end generation.
Setting `pad_token_id` to `eos_token_id`:151645 for open-end generation.
2026-07-06 14:59:42,739 INFO B[75/80] email hit none=0 profile=1 distractor=0
Setting `pad_token_id` to `eos_token_id`:151645 for open-end generation.
Setting `pad_token_id` to `eos_token_id`:151645 for open-end generation.
Setting `pad_token_id` to `eos_token_id`:151645 for open-end generation.
2026-07-06 14:59:44,368 INFO B[76/80] name hit none=1 profile=1 distractor=1
Setting `pad_token_id` to `eos_token_id`:151645 for open-end generation.
Setting `pad_token_id` to `eos_token_id`:151645 for open-end generation.
Setting `pad_token_id` to `eos_token_id`:151645 for open-end generation.
2026-07-06 14:59:45,433 INFO B[77/80] email hit none=0 profile=0 distractor=0
Setting `pad_token_id` to `eos_token_id`:151645 for open-end generation.
Setting `pad_token_id` to `eos_token_id`:151645 for open-end generation.
Setting `pad_token_id` to `eos_token_id`:151645 for open-end generation.
2026-07-06 14:59:47,345 INFO B[78/80] name hit none=1 profile=1 distractor=1
Setting `pad_token_id` to `eos_token_id`:151645 for open-end generation.
Setting `pad_token_id` to `eos_token_id`:151645 for open-end generation.
Setting `pad_token_id` to `eos_token_id`:151645 for open-end generation.
2026-07-06 14:59:48,320 INFO B[79/80] email hit none=0 profile=1 distractor=0
2026-07-06 14:59:48,320 INFO step  6000  prem=0.44 rec=0.66 | name+=1.00 email+=0.82 | intrusion=0.000
Setting `pad_token_id` to `eos_token_id`:151645 for open-end generation.
Setting `pad_token_id` to `eos_token_id`:151645 for open-end generation.
Setting `pad_token_id` to `eos_token_id`:151645 for open-end generation.
Setting `pad_token_id` to `eos_token_id`:151645 for open-end generation.
Setting `pad_token_id` to `eos_token_id`:151645 for open-end generation.
Setting `pad_token_id` to `eos_token_id`:151645 for open-end generation.
Setting `pad_token_id` to `eos_token_id`:151645 for open-end generation.
Setting `pad_token_id` to `eos_token_id`:151645 for open-end generation.
Setting `pad_token_id` to `eos_token_id`:151645 for open-end generation.
Setting `pad_token_id` to `eos_token_id`:151645 for open-end generation.
Setting `pad_token_id` to `eos_token_id`:151645 for open-end generation.
Setting `pad_token_id` to `eos_token_id`:151645 for open-end generation.
Setting `pad_token_id` to `eos_token_id`:151645 for open-end generation.
Setting `pad_token_id` to `eos_token_id`:151645 for open-end generation.
Setting `pad_token_id` to `eos_token_id`:151645 for open-end generation.
Setting `pad_token_id` to `eos_token_id`:151645 for open-end generation.
Setting `pad_token_id` to `eos_token_id`:151645 for open-end generation.
Setting `pad_token_id` to `eos_token_id`:151645 for open-end generation.
Setting `pad_token_id` to `eos_token_id`:151645 for open-end generation.
Setting `pad_token_id` to `eos_token_id`:151645 for open-end generation.
Setting `pad_token_id` to `eos_token_id`:151645 for open-end generation.
Setting `pad_token_id` to `eos_token_id`:151645 for open-end generation.
Setting `pad_token_id` to `eos_token_id`:151645 for open-end generation.
Setting `pad_token_id` to `eos_token_id`:151645 for open-end generation.
Setting `pad_token_id` to `eos_token_id`:151645 for open-end generation.
Setting `pad_token_id` to `eos_token_id`:151645 for open-end generation.
Setting `pad_token_id` to `eos_token_id`:151645 for open-end generation.
Setting `pad_token_id` to `eos_token_id`:151645 for open-end generation.
Setting `pad_token_id` to `eos_token_id`:151645 for open-end generation.
Setting `pad_token_id` to `eos_token_id`:151645 for open-end generation.
Setting `pad_token_id` to `eos_token_id`:151645 for open-end generation.
Setting `pad_token_id` to `eos_token_id`:151645 for open-end generation.
Setting `pad_token_id` to `eos_token_id`:151645 for open-end generation.
Setting `pad_token_id` to `eos_token_id`:151645 for open-end generation.
Setting `pad_token_id` to `eos_token_id`:151645 for open-end generation.
Setting `pad_token_id` to `eos_token_id`:151645 for open-end generation.
Setting `pad_token_id` to `eos_token_id`:151645 for open-end generation.
Setting `pad_token_id` to `eos_token_id`:151645 for open-end generation.
Setting `pad_token_id` to `eos_token_id`:151645 for open-end generation.
Setting `pad_token_id` to `eos_token_id`:151645 for open-end generation.
Setting `pad_token_id` to `eos_token_id`:151645 for open-end generation.
Setting `pad_token_id` to `eos_token_id`:151645 for open-end generation.
Setting `pad_token_id` to `eos_token_id`:151645 for open-end generation.
Setting `pad_token_id` to `eos_token_id`:151645 for open-end generation.
Setting `pad_token_id` to `eos_token_id`:151645 for open-end generation.
Setting `pad_token_id` to `eos_token_id`:151645 for open-end generation.
Setting `pad_token_id` to `eos_token_id`:151645 for open-end generation.
Setting `pad_token_id` to `eos_token_id`:151645 for open-end generation.
Setting `pad_token_id` to `eos_token_id`:151645 for open-end generation.
Setting `pad_token_id` to `eos_token_id`:151645 for open-end generation.
Setting `pad_token_id` to `eos_token_id`:151645 for open-end generation.
Setting `pad_token_id` to `eos_token_id`:151645 for open-end generation.
Setting `pad_token_id` to `eos_token_id`:151645 for open-end generation.
Setting `pad_token_id` to `eos_token_id`:151645 for open-end generation.
Setting `pad_token_id` to `eos_token_id`:151645 for open-end generation.
Setting `pad_token_id` to `eos_token_id`:151645 for open-end generation.
Setting `pad_token_id` to `eos_token_id`:151645 for open-end generation.
Setting `pad_token_id` to `eos_token_id`:151645 for open-end generation.
Setting `pad_token_id` to `eos_token_id`:151645 for open-end generation.
Setting `pad_token_id` to `eos_token_id`:151645 for open-end generation.
Setting `pad_token_id` to `eos_token_id`:151645 for open-end generation.
Setting `pad_token_id` to `eos_token_id`:151645 for open-end generation.
Setting `pad_token_id` to `eos_token_id`:151645 for open-end generation.
Setting `pad_token_id` to `eos_token_id`:151645 for open-end generation.
Setting `pad_token_id` to `eos_token_id`:151645 for open-end generation.
Setting `pad_token_id` to `eos_token_id`:151645 for open-end generation.
Setting `pad_token_id` to `eos_token_id`:151645 for open-end generation.
Setting `pad_token_id` to `eos_token_id`:151645 for open-end generation.
Setting `pad_token_id` to `eos_token_id`:151645 for open-end generation.
Setting `pad_token_id` to `eos_token_id`:151645 for open-end generation.
Setting `pad_token_id` to `eos_token_id`:151645 for open-end generation.
Setting `pad_token_id` to `eos_token_id`:151645 for open-end generation.
Setting `pad_token_id` to `eos_token_id`:151645 for open-end generation.
Setting `pad_token_id` to `eos_token_id`:151645 for open-end generation.
Setting `pad_token_id` to `eos_token_id`:151645 for open-end generation.
Setting `pad_token_id` to `eos_token_id`:151645 for open-end generation.
Setting `pad_token_id` to `eos_token_id`:151645 for open-end generation.
Setting `pad_token_id` to `eos_token_id`:151645 for open-end generation.
Setting `pad_token_id` to `eos_token_id`:151645 for open-end generation.
Setting `pad_token_id` to `eos_token_id`:151645 for open-end generation.
Setting `pad_token_id` to `eos_token_id`:151645 for open-end generation.
Setting `pad_token_id` to `eos_token_id`:151645 for open-end generation.
Setting `pad_token_id` to `eos_token_id`:151645 for open-end generation.
Setting `pad_token_id` to `eos_token_id`:151645 for open-end generation.
Setting `pad_token_id` to `eos_token_id`:151645 for open-end generation.
Setting `pad_token_id` to `eos_token_id`:151645 for open-end generation.
Setting `pad_token_id` to `eos_token_id`:151645 for open-end generation.
Setting `pad_token_id` to `eos_token_id`:151645 for open-end generation.
Setting `pad_token_id` to `eos_token_id`:151645 for open-end generation.
Setting `pad_token_id` to `eos_token_id`:151645 for open-end generation.
Setting `pad_token_id` to `eos_token_id`:151645 for open-end generation.
Setting `pad_token_id` to `eos_token_id`:151645 for open-end generation.
Setting `pad_token_id` to `eos_token_id`:151645 for open-end generation.
Setting `pad_token_id` to `eos_token_id`:151645 for open-end generation.
Setting `pad_token_id` to `eos_token_id`:151645 for open-end generation.
Setting `pad_token_id` to `eos_token_id`:151645 for open-end generation.
Setting `pad_token_id` to `eos_token_id`:151645 for open-end generation.
Setting `pad_token_id` to `eos_token_id`:151645 for open-end generation.
Setting `pad_token_id` to `eos_token_id`:151645 for open-end generation.
Setting `pad_token_id` to `eos_token_id`:151645 for open-end generation.
Setting `pad_token_id` to `eos_token_id`:151645 for open-end generation.
Setting `pad_token_id` to `eos_token_id`:151645 for open-end generation.
Setting `pad_token_id` to `eos_token_id`:151645 for open-end generation.
Setting `pad_token_id` to `eos_token_id`:151645 for open-end generation.
Setting `pad_token_id` to `eos_token_id`:151645 for open-end generation.
Setting `pad_token_id` to `eos_token_id`:151645 for open-end generation.
Setting `pad_token_id` to `eos_token_id`:151645 for open-end generation.
Setting `pad_token_id` to `eos_token_id`:151645 for open-end generation.
Setting `pad_token_id` to `eos_token_id`:151645 for open-end generation.
Setting `pad_token_id` to `eos_token_id`:151645 for open-end generation.
Setting `pad_token_id` to `eos_token_id`:151645 for open-end generation.
Setting `pad_token_id` to `eos_token_id`:151645 for open-end generation.
Setting `pad_token_id` to `eos_token_id`:151645 for open-end generation.
Setting `pad_token_id` to `eos_token_id`:151645 for open-end generation.
Setting `pad_token_id` to `eos_token_id`:151645 for open-end generation.
Setting `pad_token_id` to `eos_token_id`:151645 for open-end generation.
Setting `pad_token_id` to `eos_token_id`:151645 for open-end generation.
Setting `pad_token_id` to `eos_token_id`:151645 for open-end generation.
Setting `pad_token_id` to `eos_token_id`:151645 for open-end generation.
Setting `pad_token_id` to `eos_token_id`:151645 for open-end generation.
Setting `pad_token_id` to `eos_token_id`:151645 for open-end generation.
Setting `pad_token_id` to `eos_token_id`:151645 for open-end generation.
Setting `pad_token_id` to `eos_token_id`:151645 for open-end generation.
Setting `pad_token_id` to `eos_token_id`:151645 for open-end generation.
Setting `pad_token_id` to `eos_token_id`:151645 for open-end generation.
Setting `pad_token_id` to `eos_token_id`:151645 for open-end generation.
Setting `pad_token_id` to `eos_token_id`:151645 for open-end generation.
Setting `pad_token_id` to `eos_token_id`:151645 for open-end generation.
Setting `pad_token_id` to `eos_token_id`:151645 for open-end generation.
Setting `pad_token_id` to `eos_token_id`:151645 for open-end generation.
Setting `pad_token_id` to `eos_token_id`:151645 for open-end generation.
Setting `pad_token_id` to `eos_token_id`:151645 for open-end generation.
Setting `pad_token_id` to `eos_token_id`:151645 for open-end generation.
Setting `pad_token_id` to `eos_token_id`:151645 for open-end generation.
Setting `pad_token_id` to `eos_token_id`:151645 for open-end generation.
Setting `pad_token_id` to `eos_token_id`:151645 for open-end generation.
Setting `pad_token_id` to `eos_token_id`:151645 for open-end generation.
Setting `pad_token_id` to `eos_token_id`:151645 for open-end generation.
Setting `pad_token_id` to `eos_token_id`:151645 for open-end generation.
Setting `pad_token_id` to `eos_token_id`:151645 for open-end generation.
Setting `pad_token_id` to `eos_token_id`:151645 for open-end generation.
Setting `pad_token_id` to `eos_token_id`:151645 for open-end generation.
Setting `pad_token_id` to `eos_token_id`:151645 for open-end generation.
Setting `pad_token_id` to `eos_token_id`:151645 for open-end generation.
Setting `pad_token_id` to `eos_token_id`:151645 for open-end generation.
Setting `pad_token_id` to `eos_token_id`:151645 for open-end generation.
Setting `pad_token_id` to `eos_token_id`:151645 for open-end generation.
Setting `pad_token_id` to `eos_token_id`:151645 for open-end generation.
Setting `pad_token_id` to `eos_token_id`:151645 for open-end generation.
Setting `pad_token_id` to `eos_token_id`:151645 for open-end generation.
Setting `pad_token_id` to `eos_token_id`:151645 for open-end generation.
Setting `pad_token_id` to `eos_token_id`:151645 for open-end generation.
Setting `pad_token_id` to `eos_token_id`:151645 for open-end generation.
Setting `pad_token_id` to `eos_token_id`:151645 for open-end generation.
Setting `pad_token_id` to `eos_token_id`:151645 for open-end generation.
Setting `pad_token_id` to `eos_token_id`:151645 for open-end generation.
Setting `pad_token_id` to `eos_token_id`:151645 for open-end generation.
Setting `pad_token_id` to `eos_token_id`:151645 for open-end generation.
Setting `pad_token_id` to `eos_token_id`:151645 for open-end generation.
Setting `pad_token_id` to `eos_token_id`:151645 for open-end generation.
Setting `pad_token_id` to `eos_token_id`:151645 for open-end generation.
Setting `pad_token_id` to `eos_token_id`:151645 for open-end generation.
Setting `pad_token_id` to `eos_token_id`:151645 for open-end generation.
Setting `pad_token_id` to `eos_token_id`:151645 for open-end generation.
Setting `pad_token_id` to `eos_token_id`:151645 for open-end generation.
Setting `pad_token_id` to `eos_token_id`:151645 for open-end generation.
Setting `pad_token_id` to `eos_token_id`:151645 for open-end generation.
Setting `pad_token_id` to `eos_token_id`:151645 for open-end generation.
Setting `pad_token_id` to `eos_token_id`:151645 for open-end generation.
Setting `pad_token_id` to `eos_token_id`:151645 for open-end generation.
Setting `pad_token_id` to `eos_token_id`:151645 for open-end generation.
Setting `pad_token_id` to `eos_token_id`:151645 for open-end generation.
Setting `pad_token_id` to `eos_token_id`:151645 for open-end generation.
Setting `pad_token_id` to `eos_token_id`:151645 for open-end generation.
Setting `pad_token_id` to `eos_token_id`:151645 for open-end generation.
Setting `pad_token_id` to `eos_token_id`:151645 for open-end generation.
Setting `pad_token_id` to `eos_token_id`:151645 for open-end generation.
Setting `pad_token_id` to `eos_token_id`:151645 for open-end generation.
Setting `pad_token_id` to `eos_token_id`:151645 for open-end generation.
Setting `pad_token_id` to `eos_token_id`:151645 for open-end generation.
Setting `pad_token_id` to `eos_token_id`:151645 for open-end generation.
Setting `pad_token_id` to `eos_token_id`:151645 for open-end generation.
Setting `pad_token_id` to `eos_token_id`:151645 for open-end generation.
Setting `pad_token_id` to `eos_token_id`:151645 for open-end generation.
Setting `pad_token_id` to `eos_token_id`:151645 for open-end generation.
Setting `pad_token_id` to `eos_token_id`:151645 for open-end generation.
Setting `pad_token_id` to `eos_token_id`:151645 for open-end generation.
Setting `pad_token_id` to `eos_token_id`:151645 for open-end generation.
Setting `pad_token_id` to `eos_token_id`:151645 for open-end generation.
Setting `pad_token_id` to `eos_token_id`:151645 for open-end generation.
Setting `pad_token_id` to `eos_token_id`:151645 for open-end generation.
Setting `pad_token_id` to `eos_token_id`:151645 for open-end generation.
Setting `pad_token_id` to `eos_token_id`:151645 for open-end generation.
Setting `pad_token_id` to `eos_token_id`:151645 for open-end generation.
Setting `pad_token_id` to `eos_token_id`:151645 for open-end generation.
Setting `pad_token_id` to `eos_token_id`:151645 for open-end generation.
Setting `pad_token_id` to `eos_token_id`:151645 for open-end generation.
Setting `pad_token_id` to `eos_token_id`:151645 for open-end generation.
Setting `pad_token_id` to `eos_token_id`:151645 for open-end generation.
Setting `pad_token_id` to `eos_token_id`:151645 for open-end generation.
Setting `pad_token_id` to `eos_token_id`:151645 for open-end generation.
Setting `pad_token_id` to `eos_token_id`:151645 for open-end generation.
Setting `pad_token_id` to `eos_token_id`:151645 for open-end generation.
Setting `pad_token_id` to `eos_token_id`:151645 for open-end generation.
Setting `pad_token_id` to `eos_token_id`:151645 for open-end generation.
Setting `pad_token_id` to `eos_token_id`:151645 for open-end generation.
Setting `pad_token_id` to `eos_token_id`:151645 for open-end generation.
Setting `pad_token_id` to `eos_token_id`:151645 for open-end generation.
Setting `pad_token_id` to `eos_token_id`:151645 for open-end generation.
Setting `pad_token_id` to `eos_token_id`:151645 for open-end generation.
Setting `pad_token_id` to `eos_token_id`:151645 for open-end generation.
Setting `pad_token_id` to `eos_token_id`:151645 for open-end generation.
Setting `pad_token_id` to `eos_token_id`:151645 for open-end generation.
Setting `pad_token_id` to `eos_token_id`:151645 for open-end generation.
Setting `pad_token_id` to `eos_token_id`:151645 for open-end generation.
Setting `pad_token_id` to `eos_token_id`:151645 for open-end generation.
Setting `pad_token_id` to `eos_token_id`:151645 for open-end generation.
Setting `pad_token_id` to `eos_token_id`:151645 for open-end generation.
Setting `pad_token_id` to `eos_token_id`:151645 for open-end generation.
Setting `pad_token_id` to `eos_token_id`:151645 for open-end generation.
Setting `pad_token_id` to `eos_token_id`:151645 for open-end generation.
Setting `pad_token_id` to `eos_token_id`:151645 for open-end generation.
Setting `pad_token_id` to `eos_token_id`:151645 for open-end generation.
Setting `pad_token_id` to `eos_token_id`:151645 for open-end generation.
Setting `pad_token_id` to `eos_token_id`:151645 for open-end generation.
Setting `pad_token_id` to `eos_token_id`:151645 for open-end generation.
Setting `pad_token_id` to `eos_token_id`:151645 for open-end generation.
Setting `pad_token_id` to `eos_token_id`:151645 for open-end generation.
Setting `pad_token_id` to `eos_token_id`:151645 for open-end generation.
Setting `pad_token_id` to `eos_token_id`:151645 for open-end generation.
Setting `pad_token_id` to `eos_token_id`:151645 for open-end generation.
Setting `pad_token_id` to `eos_token_id`:151645 for open-end generation.
Setting `pad_token_id` to `eos_token_id`:151645 for open-end generation.
Setting `pad_token_id` to `eos_token_id`:151645 for open-end generation.
Setting `pad_token_id` to `eos_token_id`:151645 for open-end generation.
Setting `pad_token_id` to `eos_token_id`:151645 for open-end generation.
Setting `pad_token_id` to `eos_token_id`:151645 for open-end generation.
Setting `pad_token_id` to `eos_token_id`:151645 for open-end generation.
Setting `pad_token_id` to `eos_token_id`:151645 for open-end generation.
Setting `pad_token_id` to `eos_token_id`:151645 for open-end generation.
Setting `pad_token_id` to `eos_token_id`:151645 for open-end generation.
Setting `pad_token_id` to `eos_token_id`:151645 for open-end generation.
Setting `pad_token_id` to `eos_token_id`:151645 for open-end generation.
Setting `pad_token_id` to `eos_token_id`:151645 for open-end generation.
Setting `pad_token_id` to `eos_token_id`:151645 for open-end generation.
Setting `pad_token_id` to `eos_token_id`:151645 for open-end generation.
Setting `pad_token_id` to `eos_token_id`:151645 for open-end generation.
Setting `pad_token_id` to `eos_token_id`:151645 for open-end generation.
Setting `pad_token_id` to `eos_token_id`:151645 for open-end generation.
Setting `pad_token_id` to `eos_token_id`:151645 for open-end generation.
Setting `pad_token_id` to `eos_token_id`:151645 for open-end generation.
Setting `pad_token_id` to `eos_token_id`:151645 for open-end generation.
Setting `pad_token_id` to `eos_token_id`:151645 for open-end generation.
Setting `pad_token_id` to `eos_token_id`:151645 for open-end generation.
Setting `pad_token_id` to `eos_token_id`:151645 for open-end generation.
Setting `pad_token_id` to `eos_token_id`:151645 for open-end generation.
Setting `pad_token_id` to `eos_token_id`:151645 for open-end generation.
Setting `pad_token_id` to `eos_token_id`:151645 for open-end generation.
Setting `pad_token_id` to `eos_token_id`:151645 for open-end generation.
Setting `pad_token_id` to `eos_token_id`:151645 for open-end generation.
Setting `pad_token_id` to `eos_token_id`:151645 for open-end generation.
Setting `pad_token_id` to `eos_token_id`:151645 for open-end generation.
Setting `pad_token_id` to `eos_token_id`:151645 for open-end generation.
Setting `pad_token_id` to `eos_token_id`:151645 for open-end generation.
Setting `pad_token_id` to `eos_token_id`:151645 for open-end generation.
Setting `pad_token_id` to `eos_token_id`:151645 for open-end generation.
Setting `pad_token_id` to `eos_token_id`:151645 for open-end generation.
Setting `pad_token_id` to `eos_token_id`:151645 for open-end generation.
Setting `pad_token_id` to `eos_token_id`:151645 for open-end generation.
Setting `pad_token_id` to `eos_token_id`:151645 for open-end generation.
Setting `pad_token_id` to `eos_token_id`:151645 for open-end generation.
Setting `pad_token_id` to `eos_token_id`:151645 for open-end generation.
Setting `pad_token_id` to `eos_token_id`:151645 for open-end generation.
Setting `pad_token_id` to `eos_token_id`:151645 for open-end generation.
Setting `pad_token_id` to `eos_token_id`:151645 for open-end generation.
Setting `pad_token_id` to `eos_token_id`:151645 for open-end generation.
Setting `pad_token_id` to `eos_token_id`:151645 for open-end generation.
Setting `pad_token_id` to `eos_token_id`:151645 for open-end generation.
Setting `pad_token_id` to `eos_token_id`:151645 for open-end generation.
Setting `pad_token_id` to `eos_token_id`:151645 for open-end generation.
Setting `pad_token_id` to `eos_token_id`:151645 for open-end generation.
Setting `pad_token_id` to `eos_token_id`:151645 for open-end generation.
Setting `pad_token_id` to `eos_token_id`:151645 for open-end generation.
Setting `pad_token_id` to `eos_token_id`:151645 for open-end generation.
Setting `pad_token_id` to `eos_token_id`:151645 for open-end generation.
Setting `pad_token_id` to `eos_token_id`:151645 for open-end generation.
Setting `pad_token_id` to `eos_token_id`:151645 for open-end generation.
Setting `pad_token_id` to `eos_token_id`:151645 for open-end generation.
Setting `pad_token_id` to `eos_token_id`:151645 for open-end generation.
Setting `pad_token_id` to `eos_token_id`:151645 for open-end generation.
Setting `pad_token_id` to `eos_token_id`:151645 for open-end generation.
Setting `pad_token_id` to `eos_token_id`:151645 for open-end generation.
Setting `pad_token_id` to `eos_token_id`:151645 for open-end generation.
Setting `pad_token_id` to `eos_token_id`:151645 for open-end generation.
Setting `pad_token_id` to `eos_token_id`:151645 for open-end generation.
Setting `pad_token_id` to `eos_token_id`:151645 for open-end generation.
Setting `pad_token_id` to `eos_token_id`:151645 for open-end generation.
Setting `pad_token_id` to `eos_token_id`:151645 for open-end generation.
Setting `pad_token_id` to `eos_token_id`:151645 for open-end generation.
Setting `pad_token_id` to `eos_token_id`:151645 for open-end generation.
Setting `pad_token_id` to `eos_token_id`:151645 for open-end generation.
Setting `pad_token_id` to `eos_token_id`:151645 for open-end generation.
Setting `pad_token_id` to `eos_token_id`:151645 for open-end generation.
Setting `pad_token_id` to `eos_token_id`:151645 for open-end generation.
Setting `pad_token_id` to `eos_token_id`:151645 for open-end generation.
Setting `pad_token_id` to `eos_token_id`:151645 for open-end generation.
Setting `pad_token_id` to `eos_token_id`:151645 for open-end generation.
Setting `pad_token_id` to `eos_token_id`:151645 for open-end generation.
Setting `pad_token_id` to `eos_token_id`:151645 for open-end generation.
Setting `pad_token_id` to `eos_token_id`:151645 for open-end generation.
Setting `pad_token_id` to `eos_token_id`:151645 for open-end generation.
Setting `pad_token_id` to `eos_token_id`:151645 for open-end generation.
Setting `pad_token_id` to `eos_token_id`:151645 for open-end generation.
Setting `pad_token_id` to `eos_token_id`:151645 for open-end generation.
Setting `pad_token_id` to `eos_token_id`:151645 for open-end generation.
Setting `pad_token_id` to `eos_token_id`:151645 for open-end generation.
Setting `pad_token_id` to `eos_token_id`:151645 for open-end generation.
Setting `pad_token_id` to `eos_token_id`:151645 for open-end generation.
Setting `pad_token_id` to `eos_token_id`:151645 for open-end generation.
Setting `pad_token_id` to `eos_token_id`:151645 for open-end generation.
Setting `pad_token_id` to `eos_token_id`:151645 for open-end generation.
Setting `pad_token_id` to `eos_token_id`:151645 for open-end generation.
Setting `pad_token_id` to `eos_token_id`:151645 for open-end generation.
Setting `pad_token_id` to `eos_token_id`:151645 for open-end generation.
Setting `pad_token_id` to `eos_token_id`:151645 for open-end generation.
Setting `pad_token_id` to `eos_token_id`:151645 for open-end generation.
Setting `pad_token_id` to `eos_token_id`:151645 for open-end generation.
Setting `pad_token_id` to `eos_token_id`:151645 for open-end generation.
Setting `pad_token_id` to `eos_token_id`:151645 for open-end generation.
Setting `pad_token_id` to `eos_token_id`:151645 for open-end generation.
Setting `pad_token_id` to `eos_token_id`:151645 for open-end generation.
Setting `pad_token_id` to `eos_token_id`:151645 for open-end generation.
Setting `pad_token_id` to `eos_token_id`:151645 for open-end generation.
Setting `pad_token_id` to `eos_token_id`:151645 for open-end generation.
Setting `pad_token_id` to `eos_token_id`:151645 for open-end generation.
Setting `pad_token_id` to `eos_token_id`:151645 for open-end generation.
Setting `pad_token_id` to `eos_token_id`:151645 for open-end generation.
Setting `pad_token_id` to `eos_token_id`:151645 for open-end generation.
Setting `pad_token_id` to `eos_token_id`:151645 for open-end generation.
Setting `pad_token_id` to `eos_token_id`:151645 for open-end generation.
Setting `pad_token_id` to `eos_token_id`:151645 for open-end generation.
Setting `pad_token_id` to `eos_token_id`:151645 for open-end generation.
Setting `pad_token_id` to `eos_token_id`:151645 for open-end generation.
Setting `pad_token_id` to `eos_token_id`:151645 for open-end generation.
Setting `pad_token_id` to `eos_token_id`:151645 for open-end generation.
Setting `pad_token_id` to `eos_token_id`:151645 for open-end generation.
Setting `pad_token_id` to `eos_token_id`:151645 for open-end generation.
Setting `pad_token_id` to `eos_token_id`:151645 for open-end generation.
Setting `pad_token_id` to `eos_token_id`:151645 for open-end generation.
Setting `pad_token_id` to `eos_token_id`:151645 for open-end generation.
Setting `pad_token_id` to `eos_token_id`:151645 for open-end generation.
Setting `pad_token_id` to `eos_token_id`:151645 for open-end generation.
Setting `pad_token_id` to `eos_token_id`:151645 for open-end generation.
Setting `pad_token_id` to `eos_token_id`:151645 for open-end generation.
Setting `pad_token_id` to `eos_token_id`:151645 for open-end generation.
Setting `pad_token_id` to `eos_token_id`:151645 for open-end generation.
Setting `pad_token_id` to `eos_token_id`:151645 for open-end generation.
Setting `pad_token_id` to `eos_token_id`:151645 for open-end generation.
Setting `pad_token_id` to `eos_token_id`:151645 for open-end generation.
Setting `pad_token_id` to `eos_token_id`:151645 for open-end generation.
Setting `pad_token_id` to `eos_token_id`:151645 for open-end generation.
Setting `pad_token_id` to `eos_token_id`:151645 for open-end generation.
Setting `pad_token_id` to `eos_token_id`:151645 for open-end generation.
Setting `pad_token_id` to `eos_token_id`:151645 for open-end generation.
Setting `pad_token_id` to `eos_token_id`:151645 for open-end generation.
Setting `pad_token_id` to `eos_token_id`:151645 for open-end generation.
Setting `pad_token_id` to `eos_token_id`:151645 for open-end generation.
Setting `pad_token_id` to `eos_token_id`:151645 for open-end generation.
Setting `pad_token_id` to `eos_token_id`:151645 for open-end generation.
Setting `pad_token_id` to `eos_token_id`:151645 for open-end generation.
Setting `pad_token_id` to `eos_token_id`:151645 for open-end generation.
Setting `pad_token_id` to `eos_token_id`:151645 for open-end generation.
Setting `pad_token_id` to `eos_token_id`:151645 for open-end generation.
Setting `pad_token_id` to `eos_token_id`:151645 for open-end generation.
Setting `pad_token_id` to `eos_token_id`:151645 for open-end generation.
Setting `pad_token_id` to `eos_token_id`:151645 for open-end generation.
Setting `pad_token_id` to `eos_token_id`:151645 for open-end generation.
Setting `pad_token_id` to `eos_token_id`:151645 for open-end generation.
Setting `pad_token_id` to `eos_token_id`:151645 for open-end generation.
Setting `pad_token_id` to `eos_token_id`:151645 for open-end generation.
Setting `pad_token_id` to `eos_token_id`:151645 for open-end generation.
Setting `pad_token_id` to `eos_token_id`:151645 for open-end generation.
Setting `pad_token_id` to `eos_token_id`:151645 for open-end generation.
Setting `pad_token_id` to `eos_token_id`:151645 for open-end generation.
Setting `pad_token_id` to `eos_token_id`:151645 for open-end generation.
Setting `pad_token_id` to `eos_token_id`:151645 for open-end generation.
Setting `pad_token_id` to `eos_token_id`:151645 for open-end generation.
Setting `pad_token_id` to `eos_token_id`:151645 for open-end generation.
Setting `pad_token_id` to `eos_token_id`:151645 for open-end generation.
Setting `pad_token_id` to `eos_token_id`:151645 for open-end generation.
Setting `pad_token_id` to `eos_token_id`:151645 for open-end generation.
Setting `pad_token_id` to `eos_token_id`:151645 for open-end generation.
Setting `pad_token_id` to `eos_token_id`:151645 for open-end generation.
Setting `pad_token_id` to `eos_token_id`:151645 for open-end generation.
Setting `pad_token_id` to `eos_token_id`:151645 for open-end generation.
Setting `pad_token_id` to `eos_token_id`:151645 for open-end generation.
Setting `pad_token_id` to `eos_token_id`:151645 for open-end generation.
Setting `pad_token_id` to `eos_token_id`:151645 for open-end generation.
Setting `pad_token_id` to `eos_token_id`:151645 for open-end generation.
Setting `pad_token_id` to `eos_token_id`:151645 for open-end generation.
Setting `pad_token_id` to `eos_token_id`:151645 for open-end generation.
Setting `pad_token_id` to `eos_token_id`:151645 for open-end generation.
Setting `pad_token_id` to `eos_token_id`:151645 for open-end generation.
Setting `pad_token_id` to `eos_token_id`:151645 for open-end generation.
Setting `pad_token_id` to `eos_token_id`:151645 for open-end generation.
Setting `pad_token_id` to `eos_token_id`:151645 for open-end generation.
Setting `pad_token_id` to `eos_token_id`:151645 for open-end generation.
Setting `pad_token_id` to `eos_token_id`:151645 for open-end generation.
Setting `pad_token_id` to `eos_token_id`:151645 for open-end generation.
Setting `pad_token_id` to `eos_token_id`:151645 for open-end generation.
Setting `pad_token_id` to `eos_token_id`:151645 for open-end generation.
Setting `pad_token_id` to `eos_token_id`:151645 for open-end generation.
Setting `pad_token_id` to `eos_token_id`:151645 for open-end generation.
Setting `pad_token_id` to `eos_token_id`:151645 for open-end generation.
Setting `pad_token_id` to `eos_token_id`:151645 for open-end generation.
Setting `pad_token_id` to `eos_token_id`:151645 for open-end generation.
Setting `pad_token_id` to `eos_token_id`:151645 for open-end generation.
Setting `pad_token_id` to `eos_token_id`:151645 for open-end generation.
Setting `pad_token_id` to `eos_token_id`:151645 for open-end generation.
Setting `pad_token_id` to `eos_token_id`:151645 for open-end generation.
Setting `pad_token_id` to `eos_token_id`:151645 for open-end generation.
Setting `pad_token_id` to `eos_token_id`:151645 for open-end generation.
Setting `pad_token_id` to `eos_token_id`:151645 for open-end generation.
Setting `pad_token_id` to `eos_token_id`:151645 for open-end generation.
Setting `pad_token_id` to `eos_token_id`:151645 for open-end generation.
Setting `pad_token_id` to `eos_token_id`:151645 for open-end generation.
Setting `pad_token_id` to `eos_token_id`:151645 for open-end generation.
Setting `pad_token_id` to `eos_token_id`:151645 for open-end generation.
Setting `pad_token_id` to `eos_token_id`:151645 for open-end generation.
Setting `pad_token_id` to `eos_token_id`:151645 for open-end generation.
Setting `pad_token_id` to `eos_token_id`:151645 for open-end generation.
Setting `pad_token_id` to `eos_token_id`:151645 for open-end generation.
Setting `pad_token_id` to `eos_token_id`:151645 for open-end generation.
Setting `pad_token_id` to `eos_token_id`:151645 for open-end generation.
Setting `pad_token_id` to `eos_token_id`:151645 for open-end generation.
Setting `pad_token_id` to `eos_token_id`:151645 for open-end generation.
Setting `pad_token_id` to `eos_token_id`:151645 for open-end generation.
Setting `pad_token_id` to `eos_token_id`:151645 for open-end generation.
Setting `pad_token_id` to `eos_token_id`:151645 for open-end generation.
Setting `pad_token_id` to `eos_token_id`:151645 for open-end generation.
Setting `pad_token_id` to `eos_token_id`:151645 for open-end generation.
Setting `pad_token_id` to `eos_token_id`:151645 for open-end generation.
Setting `pad_token_id` to `eos_token_id`:151645 for open-end generation.
Setting `pad_token_id` to `eos_token_id`:151645 for open-end generation.
Setting `pad_token_id` to `eos_token_id`:151645 for open-end generation.
Setting `pad_token_id` to `eos_token_id`:151645 for open-end generation.
Setting `pad_token_id` to `eos_token_id`:151645 for open-end generation.
Setting `pad_token_id` to `eos_token_id`:151645 for open-end generation.
Setting `pad_token_id` to `eos_token_id`:151645 for open-end generation.
Setting `pad_token_id` to `eos_token_id`:151645 for open-end generation.
Setting `pad_token_id` to `eos_token_id`:151645 for open-end generation.
Setting `pad_token_id` to `eos_token_id`:151645 for open-end generation.
Setting `pad_token_id` to `eos_token_id`:151645 for open-end generation.
Setting `pad_token_id` to `eos_token_id`:151645 for open-end generation.
Setting `pad_token_id` to `eos_token_id`:151645 for open-end generation.
Setting `pad_token_id` to `eos_token_id`:151645 for open-end generation.
Setting `pad_token_id` to `eos_token_id`:151645 for open-end generation.
Setting `pad_token_id` to `eos_token_id`:151645 for open-end generation.
Setting `pad_token_id` to `eos_token_id`:151645 for open-end generation.
Setting `pad_token_id` to `eos_token_id`:151645 for open-end generation.
Setting `pad_token_id` to `eos_token_id`:151645 for open-end generation.
Setting `pad_token_id` to `eos_token_id`:151645 for open-end generation.
Setting `pad_token_id` to `eos_token_id`:151645 for open-end generation.
Setting `pad_token_id` to `eos_token_id`:151645 for open-end generation.
Setting `pad_token_id` to `eos_token_id`:151645 for open-end generation.
Setting `pad_token_id` to `eos_token_id`:151645 for open-end generation.
Setting `pad_token_id` to `eos_token_id`:151645 for open-end generation.
Setting `pad_token_id` to `eos_token_id`:151645 for open-end generation.
Setting `pad_token_id` to `eos_token_id`:151645 for open-end generation.
Setting `pad_token_id` to `eos_token_id`:151645 for open-end generation.
Setting `pad_token_id` to `eos_token_id`:151645 for open-end generation.
Setting `pad_token_id` to `eos_token_id`:151645 for open-end generation.
Setting `pad_token_id` to `eos_token_id`:151645 for open-end generation.
Setting `pad_token_id` to `eos_token_id`:151645 for open-end generation.
Setting `pad_token_id` to `eos_token_id`:151645 for open-end generation.
Setting `pad_token_id` to `eos_token_id`:151645 for open-end generation.
Setting `pad_token_id` to `eos_token_id`:151645 for open-end generation.
Setting `pad_token_id` to `eos_token_id`:151645 for open-end generation.
Setting `pad_token_id` to `eos_token_id`:151645 for open-end generation.
Setting `pad_token_id` to `eos_token_id`:151645 for open-end generation.
Setting `pad_token_id` to `eos_token_id`:151645 for open-end generation.
Setting `pad_token_id` to `eos_token_id`:151645 for open-end generation.
Setting `pad_token_id` to `eos_token_id`:151645 for open-end generation.
Setting `pad_token_id` to `eos_token_id`:151645 for open-end generation.
Setting `pad_token_id` to `eos_token_id`:151645 for open-end generation.
Setting `pad_token_id` to `eos_token_id`:151645 for open-end generation.
Setting `pad_token_id` to `eos_token_id`:151645 for open-end generation.
Setting `pad_token_id` to `eos_token_id`:151645 for open-end generation.
Setting `pad_token_id` to `eos_token_id`:151645 for open-end generation.
Setting `pad_token_id` to `eos_token_id`:151645 for open-end generation.
Setting `pad_token_id` to `eos_token_id`:151645 for open-end generation.
Setting `pad_token_id` to `eos_token_id`:151645 for open-end generation.
Setting `pad_token_id` to `eos_token_id`:151645 for open-end generation.
Setting `pad_token_id` to `eos_token_id`:151645 for open-end generation.
Setting `pad_token_id` to `eos_token_id`:151645 for open-end generation.
Setting `pad_token_id` to `eos_token_id`:151645 for open-end generation.
Setting `pad_token_id` to `eos_token_id`:151645 for open-end generation.
Setting `pad_token_id` to `eos_token_id`:151645 for open-end generation.
Setting `pad_token_id` to `eos_token_id`:151645 for open-end generation.
Setting `pad_token_id` to `eos_token_id`:151645 for open-end generation.
Setting `pad_token_id` to `eos_token_id`:151645 for open-end generation.
Setting `pad_token_id` to `eos_token_id`:151645 for open-end generation.
Setting `pad_token_id` to `eos_token_id`:151645 for open-end generation.
Setting `pad_token_id` to `eos_token_id`:151645 for open-end generation.
Setting `pad_token_id` to `eos_token_id`:151645 for open-end generation.
Setting `pad_token_id` to `eos_token_id`:151645 for open-end generation.
Setting `pad_token_id` to `eos_token_id`:151645 for open-end generation.
Setting `pad_token_id` to `eos_token_id`:151645 for open-end generation.
Setting `pad_token_id` to `eos_token_id`:151645 for open-end generation.
Setting `pad_token_id` to `eos_token_id`:151645 for open-end generation.
Setting `pad_token_id` to `eos_token_id`:151645 for open-end generation.
Setting `pad_token_id` to `eos_token_id`:151645 for open-end generation.
Setting `pad_token_id` to `eos_token_id`:151645 for open-end generation.
Setting `pad_token_id` to `eos_token_id`:151645 for open-end generation.
Setting `pad_token_id` to `eos_token_id`:151645 for open-end generation.
Setting `pad_token_id` to `eos_token_id`:151645 for open-end generation.
Setting `pad_token_id` to `eos_token_id`:151645 for open-end generation.
Setting `pad_token_id` to `eos_token_id`:151645 for open-end generation.
Setting `pad_token_id` to `eos_token_id`:151645 for open-end generation.
Setting `pad_token_id` to `eos_token_id`:151645 for open-end generation.
Setting `pad_token_id` to `eos_token_id`:151645 for open-end generation.
Setting `pad_token_id` to `eos_token_id`:151645 for open-end generation.
Setting `pad_token_id` to `eos_token_id`:151645 for open-end generation.
Setting `pad_token_id` to `eos_token_id`:151645 for open-end generation.
Setting `pad_token_id` to `eos_token_id`:151645 for open-end generation.
Setting `pad_token_id` to `eos_token_id`:151645 for open-end generation.
Setting `pad_token_id` to `eos_token_id`:151645 for open-end generation.
Setting `pad_token_id` to `eos_token_id`:151645 for open-end generation.
Setting `pad_token_id` to `eos_token_id`:151645 for open-end generation.
Setting `pad_token_id` to `eos_token_id`:151645 for open-end generation.
Setting `pad_token_id` to `eos_token_id`:151645 for open-end generation.
Setting `pad_token_id` to `eos_token_id`:151645 for open-end generation.
Setting `pad_token_id` to `eos_token_id`:151645 for open-end generation.
Setting `pad_token_id` to `eos_token_id`:151645 for open-end generation.
Setting `pad_token_id` to `eos_token_id`:151645 for open-end generation.
Setting `pad_token_id` to `eos_token_id`:151645 for open-end generation.
Setting `pad_token_id` to `eos_token_id`:151645 for open-end generation.
Setting `pad_token_id` to `eos_token_id`:151645 for open-end generation.
Setting `pad_token_id` to `eos_token_id`:151645 for open-end generation.
Setting `pad_token_id` to `eos_token_id`:151645 for open-end generation.
Setting `pad_token_id` to `eos_token_id`:151645 for open-end generation.
Setting `pad_token_id` to `eos_token_id`:151645 for open-end generation.
Setting `pad_token_id` to `eos_token_id`:151645 for open-end generation.
Setting `pad_token_id` to `eos_token_id`:151645 for open-end generation.
Setting `pad_token_id` to `eos_token_id`:151645 for open-end generation.
Setting `pad_token_id` to `eos_token_id`:151645 for open-end generation.
Setting `pad_token_id` to `eos_token_id`:151645 for open-end generation.
Setting `pad_token_id` to `eos_token_id`:151645 for open-end generation.
Setting `pad_token_id` to `eos_token_id`:151645 for open-end generation.
Setting `pad_token_id` to `eos_token_id`:151645 for open-end generation.
Setting `pad_token_id` to `eos_token_id`:151645 for open-end generation.
Setting `pad_token_id` to `eos_token_id`:151645 for open-end generation.
Setting `pad_token_id` to `eos_token_id`:151645 for open-end generation.
Setting `pad_token_id` to `eos_token_id`:151645 for open-end generation.
Setting `pad_token_id` to `eos_token_id`:151645 for open-end generation.
Setting `pad_token_id` to `eos_token_id`:151645 for open-end generation.
Setting `pad_token_id` to `eos_token_id`:151645 for open-end generation.
Setting `pad_token_id` to `eos_token_id`:151645 for open-end generation.
Setting `pad_token_id` to `eos_token_id`:151645 for open-end generation.
Setting `pad_token_id` to `eos_token_id`:151645 for open-end generation.
Setting `pad_token_id` to `eos_token_id`:151645 for open-end generation.
Setting `pad_token_id` to `eos_token_id`:151645 for open-end generation.
Setting `pad_token_id` to `eos_token_id`:151645 for open-end generation.
Setting `pad_token_id` to `eos_token_id`:151645 for open-end generation.
Setting `pad_token_id` to `eos_token_id`:151645 for open-end generation.
Setting `pad_token_id` to `eos_token_id`:151645 for open-end generation.
Setting `pad_token_id` to `eos_token_id`:151645 for open-end generation.
Setting `pad_token_id` to `eos_token_id`:151645 for open-end generation.
Setting `pad_token_id` to `eos_token_id`:151645 for open-end generation.
Setting `pad_token_id` to `eos_token_id`:151645 for open-end generation.
Setting `pad_token_id` to `eos_token_id`:151645 for open-end generation.
Setting `pad_token_id` to `eos_token_id`:151645 for open-end generation.
Setting `pad_token_id` to `eos_token_id`:151645 for open-end generation.
Setting `pad_token_id` to `eos_token_id`:151645 for open-end generation.
Setting `pad_token_id` to `eos_token_id`:151645 for open-end generation.
Setting `pad_token_id` to `eos_token_id`:151645 for open-end generation.
Setting `pad_token_id` to `eos_token_id`:151645 for open-end generation.
Setting `pad_token_id` to `eos_token_id`:151645 for open-end generation.
Setting `pad_token_id` to `eos_token_id`:151645 for open-end generation.
Setting `pad_token_id` to `eos_token_id`:151645 for open-end generation.
Setting `pad_token_id` to `eos_token_id`:151645 for open-end generation.
Setting `pad_token_id` to `eos_token_id`:151645 for open-end generation.
Setting `pad_token_id` to `eos_token_id`:151645 for open-end generation.
Setting `pad_token_id` to `eos_token_id`:151645 for open-end generation.
Setting `pad_token_id` to `eos_token_id`:151645 for open-end generation.
Setting `pad_token_id` to `eos_token_id`:151645 for open-end generation.
Setting `pad_token_id` to `eos_token_id`:151645 for open-end generation.
Setting `pad_token_id` to `eos_token_id`:151645 for open-end generation.
Setting `pad_token_id` to `eos_token_id`:151645 for open-end generation.
Setting `pad_token_id` to `eos_token_id`:151645 for open-end generation.
Setting `pad_token_id` to `eos_token_id`:151645 for open-end generation.
Setting `pad_token_id` to `eos_token_id`:151645 for open-end generation.
Setting `pad_token_id` to `eos_token_id`:151645 for open-end generation.
Setting `pad_token_id` to `eos_token_id`:151645 for open-end generation.
Setting `pad_token_id` to `eos_token_id`:151645 for open-end generation.
Setting `pad_token_id` to `eos_token_id`:151645 for open-end generation.
Setting `pad_token_id` to `eos_token_id`:151645 for open-end generation.
Setting `pad_token_id` to `eos_token_id`:151645 for open-end generation.
Setting `pad_token_id` to `eos_token_id`:151645 for open-end generation.
Setting `pad_token_id` to `eos_token_id`:151645 for open-end generation.
Setting `pad_token_id` to `eos_token_id`:151645 for open-end generation.
Setting `pad_token_id` to `eos_token_id`:151645 for open-end generation.
Setting `pad_token_id` to `eos_token_id`:151645 for open-end generation.
Setting `pad_token_id` to `eos_token_id`:151645 for open-end generation.
Setting `pad_token_id` to `eos_token_id`:151645 for open-end generation.
Setting `pad_token_id` to `eos_token_id`:151645 for open-end generation.
Setting `pad_token_id` to `eos_token_id`:151645 for open-end generation.
Setting `pad_token_id` to `eos_token_id`:151645 for open-end generation.
Setting `pad_token_id` to `eos_token_id`:151645 for open-end generation.
Setting `pad_token_id` to `eos_token_id`:151645 for open-end generation.
Setting `pad_token_id` to `eos_token_id`:151645 for open-end generation.
Setting `pad_token_id` to `eos_token_id`:151645 for open-end generation.
Setting `pad_token_id` to `eos_token_id`:151645 for open-end generation.
Setting `pad_token_id` to `eos_token_id`:151645 for open-end generation.
Setting `pad_token_id` to `eos_token_id`:151645 for open-end generation.
Setting `pad_token_id` to `eos_token_id`:151645 for open-end generation.
Setting `pad_token_id` to `eos_token_id`:151645 for open-end generation.
Setting `pad_token_id` to `eos_token_id`:151645 for open-end generation.
Setting `pad_token_id` to `eos_token_id`:151645 for open-end generation.
Setting `pad_token_id` to `eos_token_id`:151645 for open-end generation.
Setting `pad_token_id` to `eos_token_id`:151645 for open-end generation.
Setting `pad_token_id` to `eos_token_id`:151645 for open-end generation.
Setting `pad_token_id` to `eos_token_id`:151645 for open-end generation.
Setting `pad_token_id` to `eos_token_id`:151645 for open-end generation.
Setting `pad_token_id` to `eos_token_id`:151645 for open-end generation.
Setting `pad_token_id` to `eos_token_id`:151645 for open-end generation.
Setting `pad_token_id` to `eos_token_id`:151645 for open-end generation.
Setting `pad_token_id` to `eos_token_id`:151645 for open-end generation.
Setting `pad_token_id` to `eos_token_id`:151645 for open-end generation.
Setting `pad_token_id` to `eos_token_id`:151645 for open-end generation.
Setting `pad_token_id` to `eos_token_id`:151645 for open-end generation.
Setting `pad_token_id` to `eos_token_id`:151645 for open-end generation.
Setting `pad_token_id` to `eos_token_id`:151645 for open-end generation.
Setting `pad_token_id` to `eos_token_id`:151645 for open-end generation.
Setting `pad_token_id` to `eos_token_id`:151645 for open-end generation.
Setting `pad_token_id` to `eos_token_id`:151645 for open-end generation.
Setting `pad_token_id` to `eos_token_id`:151645 for open-end generation.
Setting `pad_token_id` to `eos_token_id`:151645 for open-end generation.
Setting `pad_token_id` to `eos_token_id`:151645 for open-end generation.
Setting `pad_token_id` to `eos_token_id`:151645 for open-end generation.
Setting `pad_token_id` to `eos_token_id`:151645 for open-end generation.
Setting `pad_token_id` to `eos_token_id`:151645 for open-end generation.
Setting `pad_token_id` to `eos_token_id`:151645 for open-end generation.
Setting `pad_token_id` to `eos_token_id`:151645 for open-end generation.
Setting `pad_token_id` to `eos_token_id`:151645 for open-end generation.
Setting `pad_token_id` to `eos_token_id`:151645 for open-end generation.
Setting `pad_token_id` to `eos_token_id`:151645 for open-end generation.
Setting `pad_token_id` to `eos_token_id`:151645 for open-end generation.
Setting `pad_token_id` to `eos_token_id`:151645 for open-end generation.
Setting `pad_token_id` to `eos_token_id`:151645 for open-end generation.
Setting `pad_token_id` to `eos_token_id`:151645 for open-end generation.
Setting `pad_token_id` to `eos_token_id`:151645 for open-end generation.
Setting `pad_token_id` to `eos_token_id`:151645 for open-end generation.
Setting `pad_token_id` to `eos_token_id`:151645 for open-end generation.
Setting `pad_token_id` to `eos_token_id`:151645 for open-end generation.
Setting `pad_token_id` to `eos_token_id`:151645 for open-end generation.
Setting `pad_token_id` to `eos_token_id`:151645 for open-end generation.
Setting `pad_token_id` to `eos_token_id`:151645 for open-end generation.
Setting `pad_token_id` to `eos_token_id`:151645 for open-end generation.
Setting `pad_token_id` to `eos_token_id`:151645 for open-end generation.
Setting `pad_token_id` to `eos_token_id`:151645 for open-end generation.
Setting `pad_token_id` to `eos_token_id`:151645 for open-end generation.
Setting `pad_token_id` to `eos_token_id`:151645 for open-end generation.
Setting `pad_token_id` to `eos_token_id`:151645 for open-end generation.
Setting `pad_token_id` to `eos_token_id`:151645 for open-end generation.
Setting `pad_token_id` to `eos_token_id`:151645 for open-end generation.
Setting `pad_token_id` to `eos_token_id`:151645 for open-end generation.
Setting `pad_token_id` to `eos_token_id`:151645 for open-end generation.
Setting `pad_token_id` to `eos_token_id`:151645 for open-end generation.
Setting `pad_token_id` to `eos_token_id`:151645 for open-end generation.
Setting `pad_token_id` to `eos_token_id`:151645 for open-end generation.
Setting `pad_token_id` to `eos_token_id`:151645 for open-end generation.
Setting `pad_token_id` to `eos_token_id`:151645 for open-end generation.
Setting `pad_token_id` to `eos_token_id`:151645 for open-end generation.
Setting `pad_token_id` to `eos_token_id`:151645 for open-end generation.
Setting `pad_token_id` to `eos_token_id`:151645 for open-end generation.
Setting `pad_token_id` to `eos_token_id`:151645 for open-end generation.
Setting `pad_token_id` to `eos_token_id`:151645 for open-end generation.
Setting `pad_token_id` to `eos_token_id`:151645 for open-end generation.
Setting `pad_token_id` to `eos_token_id`:151645 for open-end generation.
Setting `pad_token_id` to `eos_token_id`:151645 for open-end generation.
Setting `pad_token_id` to `eos_token_id`:151645 for open-end generation.
Setting `pad_token_id` to `eos_token_id`:151645 for open-end generation.
Setting `pad_token_id` to `eos_token_id`:151645 for open-end generation.
Setting `pad_token_id` to `eos_token_id`:151645 for open-end generation.
Setting `pad_token_id` to `eos_token_id`:151645 for open-end generation.
Setting `pad_token_id` to `eos_token_id`:151645 for open-end generation.
Setting `pad_token_id` to `eos_token_id`:151645 for open-end generation.
Setting `pad_token_id` to `eos_token_id`:151645 for open-end generation.
Setting `pad_token_id` to `eos_token_id`:151645 for open-end generation.
Setting `pad_token_id` to `eos_token_id`:151645 for open-end generation.
Setting `pad_token_id` to `eos_token_id`:151645 for open-end generation.
Setting `pad_token_id` to `eos_token_id`:151645 for open-end generation.
Setting `pad_token_id` to `eos_token_id`:151645 for open-end generation.
Setting `pad_token_id` to `eos_token_id`:151645 for open-end generation.
Setting `pad_token_id` to `eos_token_id`:151645 for open-end generation.
Setting `pad_token_id` to `eos_token_id`:151645 for open-end generation.
Setting `pad_token_id` to `eos_token_id`:151645 for open-end generation.
Setting `pad_token_id` to `eos_token_id`:151645 for open-end generation.
Setting `pad_token_id` to `eos_token_id`:151645 for open-end generation.
Setting `pad_token_id` to `eos_token_id`:151645 for open-end generation.
Setting `pad_token_id` to `eos_token_id`:151645 for open-end generation.
Setting `pad_token_id` to `eos_token_id`:151645 for open-end generation.
Setting `pad_token_id` to `eos_token_id`:151645 for open-end generation.
Setting `pad_token_id` to `eos_token_id`:151645 for open-end generation.
Setting `pad_token_id` to `eos_token_id`:151645 for open-end generation.
Setting `pad_token_id` to `eos_token_id`:151645 for open-end generation.
Setting `pad_token_id` to `eos_token_id`:151645 for open-end generation.
Setting `pad_token_id` to `eos_token_id`:151645 for open-end generation.
Setting `pad_token_id` to `eos_token_id`:151645 for open-end generation.
Setting `pad_token_id` to `eos_token_id`:151645 for open-end generation.
Setting `pad_token_id` to `eos_token_id`:151645 for open-end generation.
Setting `pad_token_id` to `eos_token_id`:151645 for open-end generation.
Setting `pad_token_id` to `eos_token_id`:151645 for open-end generation.
Setting `pad_token_id` to `eos_token_id`:151645 for open-end generation.
Setting `pad_token_id` to `eos_token_id`:151645 for open-end generation.
Setting `pad_token_id` to `eos_token_id`:151645 for open-end generation.
Setting `pad_token_id` to `eos_token_id`:151645 for open-end generation.
Setting `pad_token_id` to `eos_token_id`:151645 for open-end generation.
Setting `pad_token_id` to `eos_token_id`:151645 for open-end generation.
Setting `pad_token_id` to `eos_token_id`:151645 for open-end generation.
Setting `pad_token_id` to `eos_token_id`:151645 for open-end generation.
Setting `pad_token_id` to `eos_token_id`:151645 for open-end generation.
Setting `pad_token_id` to `eos_token_id`:151645 for open-end generation.
Setting `pad_token_id` to `eos_token_id`:151645 for open-end generation.
Setting `pad_token_id` to `eos_token_id`:151645 for open-end generation.
Setting `pad_token_id` to `eos_token_id`:151645 for open-end generation.
Setting `pad_token_id` to `eos_token_id`:151645 for open-end generation.
Setting `pad_token_id` to `eos_token_id`:151645 for open-end generation.
Setting `pad_token_id` to `eos_token_id`:151645 for open-end generation.
Setting `pad_token_id` to `eos_token_id`:151645 for open-end generation.
Setting `pad_token_id` to `eos_token_id`:151645 for open-end generation.
Setting `pad_token_id` to `eos_token_id`:151645 for open-end generation.
Setting `pad_token_id` to `eos_token_id`:151645 for open-end generation.
Setting `pad_token_id` to `eos_token_id`:151645 for open-end generation.
Setting `pad_token_id` to `eos_token_id`:151645 for open-end generation.
Setting `pad_token_id` to `eos_token_id`:151645 for open-end generation.
Setting `pad_token_id` to `eos_token_id`:151645 for open-end generation.
Setting `pad_token_id` to `eos_token_id`:151645 for open-end generation.
Setting `pad_token_id` to `eos_token_id`:151645 for open-end generation.
Setting `pad_token_id` to `eos_token_id`:151645 for open-end generation.
Setting `pad_token_id` to `eos_token_id`:151645 for open-end generation.
Setting `pad_token_id` to `eos_token_id`:151645 for open-end generation.
Setting `pad_token_id` to `eos_token_id`:151645 for open-end generation.
Setting `pad_token_id` to `eos_token_id`:151645 for open-end generation.
Setting `pad_token_id` to `eos_token_id`:151645 for open-end generation.
Setting `pad_token_id` to `eos_token_id`:151645 for open-end generation.
Setting `pad_token_id` to `eos_token_id`:151645 for open-end generation.
Setting `pad_token_id` to `eos_token_id`:151645 for open-end generation.
Setting `pad_token_id` to `eos_token_id`:151645 for open-end generation.
Setting `pad_token_id` to `eos_token_id`:151645 for open-end generation.
Setting `pad_token_id` to `eos_token_id`:151645 for open-end generation.
Setting `pad_token_id` to `eos_token_id`:151645 for open-end generation.
Setting `pad_token_id` to `eos_token_id`:151645 for open-end generation.
Setting `pad_token_id` to `eos_token_id`:151645 for open-end generation.
Setting `pad_token_id` to `eos_token_id`:151645 for open-end generation.
Setting `pad_token_id` to `eos_token_id`:151645 for open-end generation.
Setting `pad_token_id` to `eos_token_id`:151645 for open-end generation.
Setting `pad_token_id` to `eos_token_id`:151645 for open-end generation.
Setting `pad_token_id` to `eos_token_id`:151645 for open-end generation.
Setting `pad_token_id` to `eos_token_id`:151645 for open-end generation.
Setting `pad_token_id` to `eos_token_id`:151645 for open-end generation.
Setting `pad_token_id` to `eos_token_id`:151645 for open-end generation.
Setting `pad_token_id` to `eos_token_id`:151645 for open-end generation.
Setting `pad_token_id` to `eos_token_id`:151645 for open-end generation.
Setting `pad_token_id` to `eos_token_id`:151645 for open-end generation.
Setting `pad_token_id` to `eos_token_id`:151645 for open-end generation.
Setting `pad_token_id` to `eos_token_id`:151645 for open-end generation.
Setting `pad_token_id` to `eos_token_id`:151645 for open-end generation.
Setting `pad_token_id` to `eos_token_id`:151645 for open-end generation.
Setting `pad_token_id` to `eos_token_id`:151645 for open-end generation.
Setting `pad_token_id` to `eos_token_id`:151645 for open-end generation.
Setting `pad_token_id` to `eos_token_id`:151645 for open-end generation.
Setting `pad_token_id` to `eos_token_id`:151645 for open-end generation.
Setting `pad_token_id` to `eos_token_id`:151645 for open-end generation.
Setting `pad_token_id` to `eos_token_id`:151645 for open-end generation.
Setting `pad_token_id` to `eos_token_id`:151645 for open-end generation.
Setting `pad_token_id` to `eos_token_id`:151645 for open-end generation.
Setting `pad_token_id` to `eos_token_id`:151645 for open-end generation.
Setting `pad_token_id` to `eos_token_id`:151645 for open-end generation.
Setting `pad_token_id` to `eos_token_id`:151645 for open-end generation.
Setting `pad_token_id` to `eos_token_id`:151645 for open-end generation.
Setting `pad_token_id` to `eos_token_id`:151645 for open-end generation.
Setting `pad_token_id` to `eos_token_id`:151645 for open-end generation.
Setting `pad_token_id` to `eos_token_id`:151645 for open-end generation.
Setting `pad_token_id` to `eos_token_id`:151645 for open-end generation.
Setting `pad_token_id` to `eos_token_id`:151645 for open-end generation.
Setting `pad_token_id` to `eos_token_id`:151645 for open-end generation.
Setting `pad_token_id` to `eos_token_id`:151645 for open-end generation.
Setting `pad_token_id` to `eos_token_id`:151645 for open-end generation.
Setting `pad_token_id` to `eos_token_id`:151645 for open-end generation.
Setting `pad_token_id` to `eos_token_id`:151645 for open-end generation.
Setting `pad_token_id` to `eos_token_id`:151645 for open-end generation.
Setting `pad_token_id` to `eos_token_id`:151645 for open-end generation.
Setting `pad_token_id` to `eos_token_id`:151645 for open-end generation.
Setting `pad_token_id` to `eos_token_id`:151645 for open-end generation.
Setting `pad_token_id` to `eos_token_id`:151645 for open-end generation.
Setting `pad_token_id` to `eos_token_id`:151645 for open-end generation.
Setting `pad_token_id` to `eos_token_id`:151645 for open-end generation.
Setting `pad_token_id` to `eos_token_id`:151645 for open-end generation.
Setting `pad_token_id` to `eos_token_id`:151645 for open-end generation.
Setting `pad_token_id` to `eos_token_id`:151645 for open-end generation.
Setting `pad_token_id` to `eos_token_id`:151645 for open-end generation.
Setting `pad_token_id` to `eos_token_id`:151645 for open-end generation.
Setting `pad_token_id` to `eos_token_id`:151645 for open-end generation.
Setting `pad_token_id` to `eos_token_id`:151645 for open-end generation.
Setting `pad_token_id` to `eos_token_id`:151645 for open-end generation.
Setting `pad_token_id` to `eos_token_id`:151645 for open-end generation.
Setting `pad_token_id` to `eos_token_id`:151645 for open-end generation.
Setting `pad_token_id` to `eos_token_id`:151645 for open-end generation.
Setting `pad_token_id` to `eos_token_id`:151645 for open-end generation.
Setting `pad_token_id` to `eos_token_id`:151645 for open-end generation.
Setting `pad_token_id` to `eos_token_id`:151645 for open-end generation.
Setting `pad_token_id` to `eos_token_id`:151645 for open-end generation.
Setting `pad_token_id` to `eos_token_id`:151645 for open-end generation.
Setting `pad_token_id` to `eos_token_id`:151645 for open-end generation.
Setting `pad_token_id` to `eos_token_id`:151645 for open-end generation.
Setting `pad_token_id` to `eos_token_id`:151645 for open-end generation.
Setting `pad_token_id` to `eos_token_id`:151645 for open-end generation.
Setting `pad_token_id` to `eos_token_id`:151645 for open-end generation.
Setting `pad_token_id` to `eos_token_id`:151645 for open-end generation.
Setting `pad_token_id` to `eos_token_id`:151645 for open-end generation.
Setting `pad_token_id` to `eos_token_id`:151645 for open-end generation.
Setting `pad_token_id` to `eos_token_id`:151645 for open-end generation.
Setting `pad_token_id` to `eos_token_id`:151645 for open-end generation.
Setting `pad_token_id` to `eos_token_id`:151645 for open-end generation.
Setting `pad_token_id` to `eos_token_id`:151645 for open-end generation.
Setting `pad_token_id` to `eos_token_id`:151645 for open-end generation.
Setting `pad_token_id` to `eos_token_id`:151645 for open-end generation.
Setting `pad_token_id` to `eos_token_id`:151645 for open-end generation.
Setting `pad_token_id` to `eos_token_id`:151645 for open-end generation.
Setting `pad_token_id` to `eos_token_id`:151645 for open-end generation.
Setting `pad_token_id` to `eos_token_id`:151645 for open-end generation.
Setting `pad_token_id` to `eos_token_id`:151645 for open-end generation.
Setting `pad_token_id` to `eos_token_id`:151645 for open-end generation.
Setting `pad_token_id` to `eos_token_id`:151645 for open-end generation.
Setting `pad_token_id` to `eos_token_id`:151645 for open-end generation.
Setting `pad_token_id` to `eos_token_id`:151645 for open-end generation.
Setting `pad_token_id` to `eos_token_id`:151645 for open-end generation.
Setting `pad_token_id` to `eos_token_id`:151645 for open-end generation.
Setting `pad_token_id` to `eos_token_id`:151645 for open-end generation.
Setting `pad_token_id` to `eos_token_id`:151645 for open-end generation.
Setting `pad_token_id` to `eos_token_id`:151645 for open-end generation.
Setting `pad_token_id` to `eos_token_id`:151645 for open-end generation.
Setting `pad_token_id` to `eos_token_id`:151645 for open-end generation.
Setting `pad_token_id` to `eos_token_id`:151645 for open-end generation.
Setting `pad_token_id` to `eos_token_id`:151645 for open-end generation.
Setting `pad_token_id` to `eos_token_id`:151645 for open-end generation.
Setting `pad_token_id` to `eos_token_id`:151645 for open-end generation.
Setting `pad_token_id` to `eos_token_id`:151645 for open-end generation.
Setting `pad_token_id` to `eos_token_id`:151645 for open-end generation.
Setting `pad_token_id` to `eos_token_id`:151645 for open-end generation.
Setting `pad_token_id` to `eos_token_id`:151645 for open-end generation.
Setting `pad_token_id` to `eos_token_id`:151645 for open-end generation.
Setting `pad_token_id` to `eos_token_id`:151645 for open-end generation.
Setting `pad_token_id` to `eos_token_id`:151645 for open-end generation.
Setting `pad_token_id` to `eos_token_id`:151645 for open-end generation.
Setting `pad_token_id` to `eos_token_id`:151645 for open-end generation.
2026-07-06 15:01:06,419 INFO B[0/80] name hit none=1 profile=1 distractor=1
Setting `pad_token_id` to `eos_token_id`:151645 for open-end generation.
Setting `pad_token_id` to `eos_token_id`:151645 for open-end generation.
Setting `pad_token_id` to `eos_token_id`:151645 for open-end generation.
2026-07-06 15:01:07,440 INFO B[1/80] email hit none=1 profile=1 distractor=1
Setting `pad_token_id` to `eos_token_id`:151645 for open-end generation.
Setting `pad_token_id` to `eos_token_id`:151645 for open-end generation.
Setting `pad_token_id` to `eos_token_id`:151645 for open-end generation.
2026-07-06 15:01:09,041 INFO B[2/80] name hit none=1 profile=1 distractor=1
Setting `pad_token_id` to `eos_token_id`:151645 for open-end generation.
Setting `pad_token_id` to `eos_token_id`:151645 for open-end generation.
Setting `pad_token_id` to `eos_token_id`:151645 for open-end generation.
2026-07-06 15:01:10,101 INFO B[3/80] email hit none=0 profile=1 distractor=0
Setting `pad_token_id` to `eos_token_id`:151645 for open-end generation.
Setting `pad_token_id` to `eos_token_id`:151645 for open-end generation.
Setting `pad_token_id` to `eos_token_id`:151645 for open-end generation.
2026-07-06 15:01:11,388 INFO B[4/80] name hit none=1 profile=1 distractor=1
Setting `pad_token_id` to `eos_token_id`:151645 for open-end generation.
Setting `pad_token_id` to `eos_token_id`:151645 for open-end generation.
Setting `pad_token_id` to `eos_token_id`:151645 for open-end generation.
2026-07-06 15:01:12,328 INFO B[5/80] email hit none=0 profile=1 distractor=0
Setting `pad_token_id` to `eos_token_id`:151645 for open-end generation.
Setting `pad_token_id` to `eos_token_id`:151645 for open-end generation.
Setting `pad_token_id` to `eos_token_id`:151645 for open-end generation.
2026-07-06 15:01:13,899 INFO B[6/80] name hit none=1 profile=1 distractor=1
Setting `pad_token_id` to `eos_token_id`:151645 for open-end generation.
Setting `pad_token_id` to `eos_token_id`:151645 for open-end generation.
Setting `pad_token_id` to `eos_token_id`:151645 for open-end generation.
2026-07-06 15:01:14,928 INFO B[7/80] email hit none=0 profile=1 distractor=0
Setting `pad_token_id` to `eos_token_id`:151645 for open-end generation.
Setting `pad_token_id` to `eos_token_id`:151645 for open-end generation.
Setting `pad_token_id` to `eos_token_id`:151645 for open-end generation.
2026-07-06 15:01:16,545 INFO B[8/80] name hit none=1 profile=1 distractor=1
Setting `pad_token_id` to `eos_token_id`:151645 for open-end generation.
Setting `pad_token_id` to `eos_token_id`:151645 for open-end generation.
Setting `pad_token_id` to `eos_token_id`:151645 for open-end generation.
2026-07-06 15:01:17,598 INFO B[9/80] email hit none=0 profile=1 distractor=0
Setting `pad_token_id` to `eos_token_id`:151645 for open-end generation.
Setting `pad_token_id` to `eos_token_id`:151645 for open-end generation.
Setting `pad_token_id` to `eos_token_id`:151645 for open-end generation.
2026-07-06 15:01:19,408 INFO B[10/80] name hit none=1 profile=1 distractor=1
Setting `pad_token_id` to `eos_token_id`:151645 for open-end generation.
Setting `pad_token_id` to `eos_token_id`:151645 for open-end generation.
Setting `pad_token_id` to `eos_token_id`:151645 for open-end generation.
2026-07-06 15:01:20,323 INFO B[11/80] email hit none=0 profile=1 distractor=0
Setting `pad_token_id` to `eos_token_id`:151645 for open-end generation.
Setting `pad_token_id` to `eos_token_id`:151645 for open-end generation.
Setting `pad_token_id` to `eos_token_id`:151645 for open-end generation.
2026-07-06 15:01:22,313 INFO B[12/80] name hit none=1 profile=1 distractor=1
Setting `pad_token_id` to `eos_token_id`:151645 for open-end generation.
Setting `pad_token_id` to `eos_token_id`:151645 for open-end generation.
Setting `pad_token_id` to `eos_token_id`:151645 for open-end generation.
2026-07-06 15:01:23,334 INFO B[13/80] email hit none=0 profile=1 distractor=0
Setting `pad_token_id` to `eos_token_id`:151645 for open-end generation.
Setting `pad_token_id` to `eos_token_id`:151645 for open-end generation.
Setting `pad_token_id` to `eos_token_id`:151645 for open-end generation.
2026-07-06 15:01:25,004 INFO B[14/80] name hit none=1 profile=1 distractor=1
Setting `pad_token_id` to `eos_token_id`:151645 for open-end generation.
Setting `pad_token_id` to `eos_token_id`:151645 for open-end generation.
Setting `pad_token_id` to `eos_token_id`:151645 for open-end generation.
2026-07-06 15:01:25,991 INFO B[15/80] email hit none=0 profile=1 distractor=0
Setting `pad_token_id` to `eos_token_id`:151645 for open-end generation.
Setting `pad_token_id` to `eos_token_id`:151645 for open-end generation.
Setting `pad_token_id` to `eos_token_id`:151645 for open-end generation.
2026-07-06 15:01:28,021 INFO B[16/80] name hit none=1 profile=1 distractor=1
Setting `pad_token_id` to `eos_token_id`:151645 for open-end generation.
Setting `pad_token_id` to `eos_token_id`:151645 for open-end generation.
Setting `pad_token_id` to `eos_token_id`:151645 for open-end generation.
2026-07-06 15:01:29,102 INFO B[17/80] email hit none=0 profile=1 distractor=0
Setting `pad_token_id` to `eos_token_id`:151645 for open-end generation.
Setting `pad_token_id` to `eos_token_id`:151645 for open-end generation.
Setting `pad_token_id` to `eos_token_id`:151645 for open-end generation.
2026-07-06 15:01:30,851 INFO B[18/80] name hit none=1 profile=1 distractor=1
Setting `pad_token_id` to `eos_token_id`:151645 for open-end generation.
Setting `pad_token_id` to `eos_token_id`:151645 for open-end generation.
Setting `pad_token_id` to `eos_token_id`:151645 for open-end generation.
2026-07-06 15:01:31,881 INFO B[19/80] email hit none=0 profile=0 distractor=0
Setting `pad_token_id` to `eos_token_id`:151645 for open-end generation.
Setting `pad_token_id` to `eos_token_id`:151645 for open-end generation.
Setting `pad_token_id` to `eos_token_id`:151645 for open-end generation.
2026-07-06 15:01:33,612 INFO B[20/80] name hit none=1 profile=1 distractor=1
Setting `pad_token_id` to `eos_token_id`:151645 for open-end generation.
Setting `pad_token_id` to `eos_token_id`:151645 for open-end generation.
Setting `pad_token_id` to `eos_token_id`:151645 for open-end generation.
2026-07-06 15:01:34,569 INFO B[21/80] email hit none=0 profile=1 distractor=0
Setting `pad_token_id` to `eos_token_id`:151645 for open-end generation.
Setting `pad_token_id` to `eos_token_id`:151645 for open-end generation.
Setting `pad_token_id` to `eos_token_id`:151645 for open-end generation.
2026-07-06 15:01:36,266 INFO B[22/80] name hit none=1 profile=1 distractor=1
Setting `pad_token_id` to `eos_token_id`:151645 for open-end generation.
Setting `pad_token_id` to `eos_token_id`:151645 for open-end generation.
Setting `pad_token_id` to `eos_token_id`:151645 for open-end generation.
2026-07-06 15:01:37,306 INFO B[23/80] email hit none=0 profile=1 distractor=0
Setting `pad_token_id` to `eos_token_id`:151645 for open-end generation.
Setting `pad_token_id` to `eos_token_id`:151645 for open-end generation.
Setting `pad_token_id` to `eos_token_id`:151645 for open-end generation.
2026-07-06 15:01:39,644 INFO B[24/80] name hit none=1 profile=1 distractor=1
Setting `pad_token_id` to `eos_token_id`:151645 for open-end generation.
Setting `pad_token_id` to `eos_token_id`:151645 for open-end generation.
Setting `pad_token_id` to `eos_token_id`:151645 for open-end generation.
2026-07-06 15:01:40,657 INFO B[25/80] email hit none=0 profile=1 distractor=0
Setting `pad_token_id` to `eos_token_id`:151645 for open-end generation.
Setting `pad_token_id` to `eos_token_id`:151645 for open-end generation.
Setting `pad_token_id` to `eos_token_id`:151645 for open-end generation.
2026-07-06 15:01:42,337 INFO B[26/80] name hit none=1 profile=1 distractor=1
Setting `pad_token_id` to `eos_token_id`:151645 for open-end generation.
Setting `pad_token_id` to `eos_token_id`:151645 for open-end generation.
Setting `pad_token_id` to `eos_token_id`:151645 for open-end generation.
2026-07-06 15:01:43,336 INFO B[27/80] email hit none=0 profile=1 distractor=0
Setting `pad_token_id` to `eos_token_id`:151645 for open-end generation.
Setting `pad_token_id` to `eos_token_id`:151645 for open-end generation.
Setting `pad_token_id` to `eos_token_id`:151645 for open-end generation.
2026-07-06 15:01:45,064 INFO B[28/80] name hit none=1 profile=1 distractor=1
Setting `pad_token_id` to `eos_token_id`:151645 for open-end generation.
Setting `pad_token_id` to `eos_token_id`:151645 for open-end generation.
Setting `pad_token_id` to `eos_token_id`:151645 for open-end generation.
2026-07-06 15:01:46,147 INFO B[29/80] email hit none=0 profile=1 distractor=0
Setting `pad_token_id` to `eos_token_id`:151645 for open-end generation.
Setting `pad_token_id` to `eos_token_id`:151645 for open-end generation.
Setting `pad_token_id` to `eos_token_id`:151645 for open-end generation.
2026-07-06 15:01:48,007 INFO B[30/80] name hit none=1 profile=1 distractor=1
Setting `pad_token_id` to `eos_token_id`:151645 for open-end generation.
Setting `pad_token_id` to `eos_token_id`:151645 for open-end generation.
Setting `pad_token_id` to `eos_token_id`:151645 for open-end generation.
2026-07-06 15:01:49,111 INFO B[31/80] email hit none=0 profile=1 distractor=0
Setting `pad_token_id` to `eos_token_id`:151645 for open-end generation.
Setting `pad_token_id` to `eos_token_id`:151645 for open-end generation.
Setting `pad_token_id` to `eos_token_id`:151645 for open-end generation.
2026-07-06 15:01:50,723 INFO B[32/80] name hit none=1 profile=1 distractor=1
Setting `pad_token_id` to `eos_token_id`:151645 for open-end generation.
Setting `pad_token_id` to `eos_token_id`:151645 for open-end generation.
Setting `pad_token_id` to `eos_token_id`:151645 for open-end generation.
2026-07-06 15:01:51,730 INFO B[33/80] email hit none=0 profile=0 distractor=0
Setting `pad_token_id` to `eos_token_id`:151645 for open-end generation.
Setting `pad_token_id` to `eos_token_id`:151645 for open-end generation.
Setting `pad_token_id` to `eos_token_id`:151645 for open-end generation.
2026-07-06 15:01:53,455 INFO B[34/80] name hit none=1 profile=1 distractor=1
Setting `pad_token_id` to `eos_token_id`:151645 for open-end generation.
Setting `pad_token_id` to `eos_token_id`:151645 for open-end generation.
Setting `pad_token_id` to `eos_token_id`:151645 for open-end generation.
2026-07-06 15:01:54,399 INFO B[35/80] email hit none=0 profile=1 distractor=0
Setting `pad_token_id` to `eos_token_id`:151645 for open-end generation.
Setting `pad_token_id` to `eos_token_id`:151645 for open-end generation.
Setting `pad_token_id` to `eos_token_id`:151645 for open-end generation.
2026-07-06 15:01:56,079 INFO B[36/80] name hit none=1 profile=1 distractor=1
Setting `pad_token_id` to `eos_token_id`:151645 for open-end generation.
Setting `pad_token_id` to `eos_token_id`:151645 for open-end generation.
Setting `pad_token_id` to `eos_token_id`:151645 for open-end generation.
2026-07-06 15:01:56,990 INFO B[37/80] email hit none=0 profile=1 distractor=0
Setting `pad_token_id` to `eos_token_id`:151645 for open-end generation.
Setting `pad_token_id` to `eos_token_id`:151645 for open-end generation.
Setting `pad_token_id` to `eos_token_id`:151645 for open-end generation.
2026-07-06 15:01:58,561 INFO B[38/80] name hit none=1 profile=1 distractor=1
Setting `pad_token_id` to `eos_token_id`:151645 for open-end generation.
Setting `pad_token_id` to `eos_token_id`:151645 for open-end generation.
Setting `pad_token_id` to `eos_token_id`:151645 for open-end generation.
2026-07-06 15:01:59,458 INFO B[39/80] email hit none=0 profile=1 distractor=0
Setting `pad_token_id` to `eos_token_id`:151645 for open-end generation.
Setting `pad_token_id` to `eos_token_id`:151645 for open-end generation.
Setting `pad_token_id` to `eos_token_id`:151645 for open-end generation.
2026-07-06 15:02:01,031 INFO B[40/80] name hit none=1 profile=1 distractor=1
Setting `pad_token_id` to `eos_token_id`:151645 for open-end generation.
Setting `pad_token_id` to `eos_token_id`:151645 for open-end generation.
Setting `pad_token_id` to `eos_token_id`:151645 for open-end generation.
2026-07-06 15:02:02,046 INFO B[41/80] email hit none=0 profile=1 distractor=0
Setting `pad_token_id` to `eos_token_id`:151645 for open-end generation.
Setting `pad_token_id` to `eos_token_id`:151645 for open-end generation.
Setting `pad_token_id` to `eos_token_id`:151645 for open-end generation.
2026-07-06 15:02:03,379 INFO B[42/80] name hit none=1 profile=1 distractor=1
Setting `pad_token_id` to `eos_token_id`:151645 for open-end generation.
Setting `pad_token_id` to `eos_token_id`:151645 for open-end generation.
Setting `pad_token_id` to `eos_token_id`:151645 for open-end generation.
2026-07-06 15:02:04,458 INFO B[43/80] email hit none=0 profile=1 distractor=0
Setting `pad_token_id` to `eos_token_id`:151645 for open-end generation.
Setting `pad_token_id` to `eos_token_id`:151645 for open-end generation.
Setting `pad_token_id` to `eos_token_id`:151645 for open-end generation.
2026-07-06 15:02:06,256 INFO B[44/80] name hit none=1 profile=1 distractor=1
Setting `pad_token_id` to `eos_token_id`:151645 for open-end generation.
Setting `pad_token_id` to `eos_token_id`:151645 for open-end generation.
Setting `pad_token_id` to `eos_token_id`:151645 for open-end generation.
2026-07-06 15:02:07,279 INFO B[45/80] email hit none=0 profile=1 distractor=0
Setting `pad_token_id` to `eos_token_id`:151645 for open-end generation.
Setting `pad_token_id` to `eos_token_id`:151645 for open-end generation.
Setting `pad_token_id` to `eos_token_id`:151645 for open-end generation.
2026-07-06 15:02:09,359 INFO B[46/80] name hit none=1 profile=1 distractor=1
Setting `pad_token_id` to `eos_token_id`:151645 for open-end generation.
Setting `pad_token_id` to `eos_token_id`:151645 for open-end generation.
Setting `pad_token_id` to `eos_token_id`:151645 for open-end generation.
2026-07-06 15:02:10,415 INFO B[47/80] email hit none=0 profile=1 distractor=0
Setting `pad_token_id` to `eos_token_id`:151645 for open-end generation.
Setting `pad_token_id` to `eos_token_id`:151645 for open-end generation.
Setting `pad_token_id` to `eos_token_id`:151645 for open-end generation.
2026-07-06 15:02:12,179 INFO B[48/80] name hit none=1 profile=1 distractor=1
Setting `pad_token_id` to `eos_token_id`:151645 for open-end generation.
Setting `pad_token_id` to `eos_token_id`:151645 for open-end generation.
Setting `pad_token_id` to `eos_token_id`:151645 for open-end generation.
2026-07-06 15:02:13,095 INFO B[49/80] email hit none=1 profile=1 distractor=1
Setting `pad_token_id` to `eos_token_id`:151645 for open-end generation.
Setting `pad_token_id` to `eos_token_id`:151645 for open-end generation.
Setting `pad_token_id` to `eos_token_id`:151645 for open-end generation.
2026-07-06 15:02:14,588 INFO B[50/80] name hit none=1 profile=1 distractor=1
Setting `pad_token_id` to `eos_token_id`:151645 for open-end generation.
Setting `pad_token_id` to `eos_token_id`:151645 for open-end generation.
Setting `pad_token_id` to `eos_token_id`:151645 for open-end generation.
2026-07-06 15:02:15,517 INFO B[51/80] email hit none=0 profile=1 distractor=0
Setting `pad_token_id` to `eos_token_id`:151645 for open-end generation.
Setting `pad_token_id` to `eos_token_id`:151645 for open-end generation.
Setting `pad_token_id` to `eos_token_id`:151645 for open-end generation.
2026-07-06 15:02:17,387 INFO B[52/80] name hit none=1 profile=1 distractor=1
Setting `pad_token_id` to `eos_token_id`:151645 for open-end generation.
Setting `pad_token_id` to `eos_token_id`:151645 for open-end generation.
Setting `pad_token_id` to `eos_token_id`:151645 for open-end generation.
2026-07-06 15:02:18,368 INFO B[53/80] email hit none=0 profile=0 distractor=0
Setting `pad_token_id` to `eos_token_id`:151645 for open-end generation.
Setting `pad_token_id` to `eos_token_id`:151645 for open-end generation.
Setting `pad_token_id` to `eos_token_id`:151645 for open-end generation.
2026-07-06 15:02:20,091 INFO B[54/80] name hit none=1 profile=1 distractor=1
Setting `pad_token_id` to `eos_token_id`:151645 for open-end generation.
Setting `pad_token_id` to `eos_token_id`:151645 for open-end generation.
Setting `pad_token_id` to `eos_token_id`:151645 for open-end generation.
2026-07-06 15:02:21,079 INFO B[55/80] email hit none=0 profile=1 distractor=0
Setting `pad_token_id` to `eos_token_id`:151645 for open-end generation.
Setting `pad_token_id` to `eos_token_id`:151645 for open-end generation.
Setting `pad_token_id` to `eos_token_id`:151645 for open-end generation.
2026-07-06 15:02:22,857 INFO B[56/80] name hit none=1 profile=1 distractor=1
Setting `pad_token_id` to `eos_token_id`:151645 for open-end generation.
Setting `pad_token_id` to `eos_token_id`:151645 for open-end generation.
Setting `pad_token_id` to `eos_token_id`:151645 for open-end generation.
2026-07-06 15:02:23,850 INFO B[57/80] email hit none=1 profile=1 distractor=0
Setting `pad_token_id` to `eos_token_id`:151645 for open-end generation.
Setting `pad_token_id` to `eos_token_id`:151645 for open-end generation.
Setting `pad_token_id` to `eos_token_id`:151645 for open-end generation.
2026-07-06 15:02:25,237 INFO B[58/80] name hit none=1 profile=1 distractor=1
Setting `pad_token_id` to `eos_token_id`:151645 for open-end generation.
Setting `pad_token_id` to `eos_token_id`:151645 for open-end generation.
Setting `pad_token_id` to `eos_token_id`:151645 for open-end generation.
2026-07-06 15:02:26,277 INFO B[59/80] email hit none=0 profile=1 distractor=0
Setting `pad_token_id` to `eos_token_id`:151645 for open-end generation.
Setting `pad_token_id` to `eos_token_id`:151645 for open-end generation.
Setting `pad_token_id` to `eos_token_id`:151645 for open-end generation.
2026-07-06 15:02:28,142 INFO B[60/80] name hit none=1 profile=1 distractor=1
Setting `pad_token_id` to `eos_token_id`:151645 for open-end generation.
Setting `pad_token_id` to `eos_token_id`:151645 for open-end generation.
Setting `pad_token_id` to `eos_token_id`:151645 for open-end generation.
2026-07-06 15:02:29,167 INFO B[61/80] email hit none=0 profile=1 distractor=0
Setting `pad_token_id` to `eos_token_id`:151645 for open-end generation.
Setting `pad_token_id` to `eos_token_id`:151645 for open-end generation.
Setting `pad_token_id` to `eos_token_id`:151645 for open-end generation.
2026-07-06 15:02:30,828 INFO B[62/80] name hit none=1 profile=1 distractor=1
Setting `pad_token_id` to `eos_token_id`:151645 for open-end generation.
Setting `pad_token_id` to `eos_token_id`:151645 for open-end generation.
Setting `pad_token_id` to `eos_token_id`:151645 for open-end generation.
2026-07-06 15:02:31,704 INFO B[63/80] email hit none=0 profile=1 distractor=0
Setting `pad_token_id` to `eos_token_id`:151645 for open-end generation.
Setting `pad_token_id` to `eos_token_id`:151645 for open-end generation.
Setting `pad_token_id` to `eos_token_id`:151645 for open-end generation.
2026-07-06 15:02:33,313 INFO B[64/80] name hit none=1 profile=1 distractor=1
Setting `pad_token_id` to `eos_token_id`:151645 for open-end generation.
Setting `pad_token_id` to `eos_token_id`:151645 for open-end generation.
Setting `pad_token_id` to `eos_token_id`:151645 for open-end generation.
2026-07-06 15:02:34,353 INFO B[65/80] email hit none=0 profile=1 distractor=0
Setting `pad_token_id` to `eos_token_id`:151645 for open-end generation.
Setting `pad_token_id` to `eos_token_id`:151645 for open-end generation.
Setting `pad_token_id` to `eos_token_id`:151645 for open-end generation.
2026-07-06 15:02:35,698 INFO B[66/80] name hit none=1 profile=1 distractor=1
Setting `pad_token_id` to `eos_token_id`:151645 for open-end generation.
Setting `pad_token_id` to `eos_token_id`:151645 for open-end generation.
Setting `pad_token_id` to `eos_token_id`:151645 for open-end generation.
2026-07-06 15:02:36,685 INFO B[67/80] email hit none=0 profile=1 distractor=0
Setting `pad_token_id` to `eos_token_id`:151645 for open-end generation.
Setting `pad_token_id` to `eos_token_id`:151645 for open-end generation.
Setting `pad_token_id` to `eos_token_id`:151645 for open-end generation.
2026-07-06 15:02:38,489 INFO B[68/80] name hit none=1 profile=1 distractor=1
Setting `pad_token_id` to `eos_token_id`:151645 for open-end generation.
Setting `pad_token_id` to `eos_token_id`:151645 for open-end generation.
Setting `pad_token_id` to `eos_token_id`:151645 for open-end generation.
2026-07-06 15:02:39,547 INFO B[69/80] email hit none=0 profile=1 distractor=0
Setting `pad_token_id` to `eos_token_id`:151645 for open-end generation.
Setting `pad_token_id` to `eos_token_id`:151645 for open-end generation.
Setting `pad_token_id` to `eos_token_id`:151645 for open-end generation.
2026-07-06 15:02:41,366 INFO B[70/80] name hit none=1 profile=1 distractor=1
Setting `pad_token_id` to `eos_token_id`:151645 for open-end generation.
Setting `pad_token_id` to `eos_token_id`:151645 for open-end generation.
Setting `pad_token_id` to `eos_token_id`:151645 for open-end generation.
2026-07-06 15:02:42,196 INFO B[71/80] email hit none=0 profile=1 distractor=0
Setting `pad_token_id` to `eos_token_id`:151645 for open-end generation.
Setting `pad_token_id` to `eos_token_id`:151645 for open-end generation.
Setting `pad_token_id` to `eos_token_id`:151645 for open-end generation.
2026-07-06 15:02:43,602 INFO B[72/80] name hit none=1 profile=1 distractor=1
Setting `pad_token_id` to `eos_token_id`:151645 for open-end generation.
Setting `pad_token_id` to `eos_token_id`:151645 for open-end generation.
Setting `pad_token_id` to `eos_token_id`:151645 for open-end generation.
2026-07-06 15:02:44,485 INFO B[73/80] email hit none=0 profile=1 distractor=0
Setting `pad_token_id` to `eos_token_id`:151645 for open-end generation.
Setting `pad_token_id` to `eos_token_id`:151645 for open-end generation.
Setting `pad_token_id` to `eos_token_id`:151645 for open-end generation.
2026-07-06 15:02:45,934 INFO B[74/80] name hit none=1 profile=1 distractor=1
Setting `pad_token_id` to `eos_token_id`:151645 for open-end generation.
Setting `pad_token_id` to `eos_token_id`:151645 for open-end generation.
Setting `pad_token_id` to `eos_token_id`:151645 for open-end generation.
2026-07-06 15:02:47,020 INFO B[75/80] email hit none=0 profile=1 distractor=0
Setting `pad_token_id` to `eos_token_id`:151645 for open-end generation.
Setting `pad_token_id` to `eos_token_id`:151645 for open-end generation.
Setting `pad_token_id` to `eos_token_id`:151645 for open-end generation.
2026-07-06 15:02:48,634 INFO B[76/80] name hit none=1 profile=1 distractor=1
Setting `pad_token_id` to `eos_token_id`:151645 for open-end generation.
Setting `pad_token_id` to `eos_token_id`:151645 for open-end generation.
Setting `pad_token_id` to `eos_token_id`:151645 for open-end generation.
2026-07-06 15:02:49,690 INFO B[77/80] email hit none=0 profile=0 distractor=0
Setting `pad_token_id` to `eos_token_id`:151645 for open-end generation.
Setting `pad_token_id` to `eos_token_id`:151645 for open-end generation.
Setting `pad_token_id` to `eos_token_id`:151645 for open-end generation.
2026-07-06 15:02:51,598 INFO B[78/80] name hit none=1 profile=1 distractor=1
Setting `pad_token_id` to `eos_token_id`:151645 for open-end generation.
Setting `pad_token_id` to `eos_token_id`:151645 for open-end generation.
Setting `pad_token_id` to `eos_token_id`:151645 for open-end generation.
2026-07-06 15:02:52,556 INFO B[79/80] email hit none=1 profile=1 distractor=0
2026-07-06 15:02:52,557 INFO step  7500  prem=0.48 rec=0.74 | name+=1.00 email+=0.90 | intrusion=0.013
Setting `pad_token_id` to `eos_token_id`:151645 for open-end generation.
Setting `pad_token_id` to `eos_token_id`:151645 for open-end generation.
Setting `pad_token_id` to `eos_token_id`:151645 for open-end generation.
Setting `pad_token_id` to `eos_token_id`:151645 for open-end generation.
Setting `pad_token_id` to `eos_token_id`:151645 for open-end generation.
Setting `pad_token_id` to `eos_token_id`:151645 for open-end generation.
Setting `pad_token_id` to `eos_token_id`:151645 for open-end generation.
Setting `pad_token_id` to `eos_token_id`:151645 for open-end generation.
Setting `pad_token_id` to `eos_token_id`:151645 for open-end generation.
Setting `pad_token_id` to `eos_token_id`:151645 for open-end generation.
Setting `pad_token_id` to `eos_token_id`:151645 for open-end generation.
Setting `pad_token_id` to `eos_token_id`:151645 for open-end generation.
Setting `pad_token_id` to `eos_token_id`:151645 for open-end generation.
Setting `pad_token_id` to `eos_token_id`:151645 for open-end generation.
Setting `pad_token_id` to `eos_token_id`:151645 for open-end generation.
Setting `pad_token_id` to `eos_token_id`:151645 for open-end generation.
Setting `pad_token_id` to `eos_token_id`:151645 for open-end generation.
Setting `pad_token_id` to `eos_token_id`:151645 for open-end generation.
Setting `pad_token_id` to `eos_token_id`:151645 for open-end generation.
Setting `pad_token_id` to `eos_token_id`:151645 for open-end generation.
Setting `pad_token_id` to `eos_token_id`:151645 for open-end generation.
Setting `pad_token_id` to `eos_token_id`:151645 for open-end generation.
Setting `pad_token_id` to `eos_token_id`:151645 for open-end generation.
Setting `pad_token_id` to `eos_token_id`:151645 for open-end generation.
Setting `pad_token_id` to `eos_token_id`:151645 for open-end generation.
Setting `pad_token_id` to `eos_token_id`:151645 for open-end generation.
Setting `pad_token_id` to `eos_token_id`:151645 for open-end generation.
Setting `pad_token_id` to `eos_token_id`:151645 for open-end generation.
Setting `pad_token_id` to `eos_token_id`:151645 for open-end generation.
Setting `pad_token_id` to `eos_token_id`:151645 for open-end generation.
Setting `pad_token_id` to `eos_token_id`:151645 for open-end generation.
Setting `pad_token_id` to `eos_token_id`:151645 for open-end generation.
Setting `pad_token_id` to `eos_token_id`:151645 for open-end generation.
Setting `pad_token_id` to `eos_token_id`:151645 for open-end generation.
Setting `pad_token_id` to `eos_token_id`:151645 for open-end generation.
Setting `pad_token_id` to `eos_token_id`:151645 for open-end generation.
Setting `pad_token_id` to `eos_token_id`:151645 for open-end generation.
Setting `pad_token_id` to `eos_token_id`:151645 for open-end generation.
Setting `pad_token_id` to `eos_token_id`:151645 for open-end generation.
Setting `pad_token_id` to `eos_token_id`:151645 for open-end generation.
Setting `pad_token_id` to `eos_token_id`:151645 for open-end generation.
Setting `pad_token_id` to `eos_token_id`:151645 for open-end generation.
Setting `pad_token_id` to `eos_token_id`:151645 for open-end generation.
Setting `pad_token_id` to `eos_token_id`:151645 for open-end generation.
Setting `pad_token_id` to `eos_token_id`:151645 for open-end generation.
Setting `pad_token_id` to `eos_token_id`:151645 for open-end generation.
Setting `pad_token_id` to `eos_token_id`:151645 for open-end generation.
Setting `pad_token_id` to `eos_token_id`:151645 for open-end generation.
Setting `pad_token_id` to `eos_token_id`:151645 for open-end generation.
Setting `pad_token_id` to `eos_token_id`:151645 for open-end generation.
Setting `pad_token_id` to `eos_token_id`:151645 for open-end generation.
Setting `pad_token_id` to `eos_token_id`:151645 for open-end generation.
Setting `pad_token_id` to `eos_token_id`:151645 for open-end generation.
Setting `pad_token_id` to `eos_token_id`:151645 for open-end generation.
Setting `pad_token_id` to `eos_token_id`:151645 for open-end generation.
Setting `pad_token_id` to `eos_token_id`:151645 for open-end generation.
Setting `pad_token_id` to `eos_token_id`:151645 for open-end generation.
Setting `pad_token_id` to `eos_token_id`:151645 for open-end generation.
Setting `pad_token_id` to `eos_token_id`:151645 for open-end generation.
Setting `pad_token_id` to `eos_token_id`:151645 for open-end generation.
Setting `pad_token_id` to `eos_token_id`:151645 for open-end generation.
Setting `pad_token_id` to `eos_token_id`:151645 for open-end generation.
Setting `pad_token_id` to `eos_token_id`:151645 for open-end generation.
Setting `pad_token_id` to `eos_token_id`:151645 for open-end generation.
Setting `pad_token_id` to `eos_token_id`:151645 for open-end generation.
Setting `pad_token_id` to `eos_token_id`:151645 for open-end generation.
Setting `pad_token_id` to `eos_token_id`:151645 for open-end generation.
Setting `pad_token_id` to `eos_token_id`:151645 for open-end generation.
Setting `pad_token_id` to `eos_token_id`:151645 for open-end generation.
Setting `pad_token_id` to `eos_token_id`:151645 for open-end generation.
Setting `pad_token_id` to `eos_token_id`:151645 for open-end generation.
Setting `pad_token_id` to `eos_token_id`:151645 for open-end generation.
Setting `pad_token_id` to `eos_token_id`:151645 for open-end generation.
Setting `pad_token_id` to `eos_token_id`:151645 for open-end generation.
Setting `pad_token_id` to `eos_token_id`:151645 for open-end generation.
Setting `pad_token_id` to `eos_token_id`:151645 for open-end generation.
Setting `pad_token_id` to `eos_token_id`:151645 for open-end generation.
Setting `pad_token_id` to `eos_token_id`:151645 for open-end generation.
Setting `pad_token_id` to `eos_token_id`:151645 for open-end generation.
Setting `pad_token_id` to `eos_token_id`:151645 for open-end generation.
Setting `pad_token_id` to `eos_token_id`:151645 for open-end generation.
Setting `pad_token_id` to `eos_token_id`:151645 for open-end generation.
Setting `pad_token_id` to `eos_token_id`:151645 for open-end generation.
Setting `pad_token_id` to `eos_token_id`:151645 for open-end generation.
Setting `pad_token_id` to `eos_token_id`:151645 for open-end generation.
Setting `pad_token_id` to `eos_token_id`:151645 for open-end generation.
Setting `pad_token_id` to `eos_token_id`:151645 for open-end generation.
Setting `pad_token_id` to `eos_token_id`:151645 for open-end generation.
Setting `pad_token_id` to `eos_token_id`:151645 for open-end generation.
Setting `pad_token_id` to `eos_token_id`:151645 for open-end generation.
Setting `pad_token_id` to `eos_token_id`:151645 for open-end generation.
Setting `pad_token_id` to `eos_token_id`:151645 for open-end generation.
Setting `pad_token_id` to `eos_token_id`:151645 for open-end generation.
Setting `pad_token_id` to `eos_token_id`:151645 for open-end generation.
Setting `pad_token_id` to `eos_token_id`:151645 for open-end generation.
Setting `pad_token_id` to `eos_token_id`:151645 for open-end generation.
Setting `pad_token_id` to `eos_token_id`:151645 for open-end generation.
Setting `pad_token_id` to `eos_token_id`:151645 for open-end generation.
Setting `pad_token_id` to `eos_token_id`:151645 for open-end generation.
Setting `pad_token_id` to `eos_token_id`:151645 for open-end generation.
Setting `pad_token_id` to `eos_token_id`:151645 for open-end generation.
Setting `pad_token_id` to `eos_token_id`:151645 for open-end generation.
Setting `pad_token_id` to `eos_token_id`:151645 for open-end generation.
Setting `pad_token_id` to `eos_token_id`:151645 for open-end generation.
Setting `pad_token_id` to `eos_token_id`:151645 for open-end generation.
Setting `pad_token_id` to `eos_token_id`:151645 for open-end generation.
Setting `pad_token_id` to `eos_token_id`:151645 for open-end generation.
Setting `pad_token_id` to `eos_token_id`:151645 for open-end generation.
Setting `pad_token_id` to `eos_token_id`:151645 for open-end generation.
Setting `pad_token_id` to `eos_token_id`:151645 for open-end generation.
Setting `pad_token_id` to `eos_token_id`:151645 for open-end generation.
Setting `pad_token_id` to `eos_token_id`:151645 for open-end generation.
Setting `pad_token_id` to `eos_token_id`:151645 for open-end generation.
Setting `pad_token_id` to `eos_token_id`:151645 for open-end generation.
Setting `pad_token_id` to `eos_token_id`:151645 for open-end generation.
Setting `pad_token_id` to `eos_token_id`:151645 for open-end generation.
Setting `pad_token_id` to `eos_token_id`:151645 for open-end generation.
Setting `pad_token_id` to `eos_token_id`:151645 for open-end generation.
Setting `pad_token_id` to `eos_token_id`:151645 for open-end generation.
Setting `pad_token_id` to `eos_token_id`:151645 for open-end generation.
Setting `pad_token_id` to `eos_token_id`:151645 for open-end generation.
Setting `pad_token_id` to `eos_token_id`:151645 for open-end generation.
Setting `pad_token_id` to `eos_token_id`:151645 for open-end generation.
Setting `pad_token_id` to `eos_token_id`:151645 for open-end generation.
Setting `pad_token_id` to `eos_token_id`:151645 for open-end generation.
Setting `pad_token_id` to `eos_token_id`:151645 for open-end generation.
Setting `pad_token_id` to `eos_token_id`:151645 for open-end generation.
Setting `pad_token_id` to `eos_token_id`:151645 for open-end generation.
Setting `pad_token_id` to `eos_token_id`:151645 for open-end generation.
Setting `pad_token_id` to `eos_token_id`:151645 for open-end generation.
Setting `pad_token_id` to `eos_token_id`:151645 for open-end generation.
Setting `pad_token_id` to `eos_token_id`:151645 for open-end generation.
Setting `pad_token_id` to `eos_token_id`:151645 for open-end generation.
Setting `pad_token_id` to `eos_token_id`:151645 for open-end generation.
Setting `pad_token_id` to `eos_token_id`:151645 for open-end generation.
Setting `pad_token_id` to `eos_token_id`:151645 for open-end generation.
Setting `pad_token_id` to `eos_token_id`:151645 for open-end generation.
Setting `pad_token_id` to `eos_token_id`:151645 for open-end generation.
Setting `pad_token_id` to `eos_token_id`:151645 for open-end generation.
Setting `pad_token_id` to `eos_token_id`:151645 for open-end generation.
Setting `pad_token_id` to `eos_token_id`:151645 for open-end generation.
Setting `pad_token_id` to `eos_token_id`:151645 for open-end generation.
Setting `pad_token_id` to `eos_token_id`:151645 for open-end generation.
Setting `pad_token_id` to `eos_token_id`:151645 for open-end generation.
Setting `pad_token_id` to `eos_token_id`:151645 for open-end generation.
Setting `pad_token_id` to `eos_token_id`:151645 for open-end generation.
Setting `pad_token_id` to `eos_token_id`:151645 for open-end generation.
Setting `pad_token_id` to `eos_token_id`:151645 for open-end generation.
Setting `pad_token_id` to `eos_token_id`:151645 for open-end generation.
Setting `pad_token_id` to `eos_token_id`:151645 for open-end generation.
Setting `pad_token_id` to `eos_token_id`:151645 for open-end generation.
Setting `pad_token_id` to `eos_token_id`:151645 for open-end generation.
Setting `pad_token_id` to `eos_token_id`:151645 for open-end generation.
Setting `pad_token_id` to `eos_token_id`:151645 for open-end generation.
Setting `pad_token_id` to `eos_token_id`:151645 for open-end generation.
Setting `pad_token_id` to `eos_token_id`:151645 for open-end generation.
Setting `pad_token_id` to `eos_token_id`:151645 for open-end generation.
Setting `pad_token_id` to `eos_token_id`:151645 for open-end generation.
Setting `pad_token_id` to `eos_token_id`:151645 for open-end generation.
Setting `pad_token_id` to `eos_token_id`:151645 for open-end generation.
Setting `pad_token_id` to `eos_token_id`:151645 for open-end generation.
Setting `pad_token_id` to `eos_token_id`:151645 for open-end generation.
Setting `pad_token_id` to `eos_token_id`:151645 for open-end generation.
Setting `pad_token_id` to `eos_token_id`:151645 for open-end generation.
Setting `pad_token_id` to `eos_token_id`:151645 for open-end generation.
Setting `pad_token_id` to `eos_token_id`:151645 for open-end generation.
Setting `pad_token_id` to `eos_token_id`:151645 for open-end generation.
Setting `pad_token_id` to `eos_token_id`:151645 for open-end generation.
Setting `pad_token_id` to `eos_token_id`:151645 for open-end generation.
Setting `pad_token_id` to `eos_token_id`:151645 for open-end generation.
Setting `pad_token_id` to `eos_token_id`:151645 for open-end generation.
Setting `pad_token_id` to `eos_token_id`:151645 for open-end generation.
Setting `pad_token_id` to `eos_token_id`:151645 for open-end generation.
Setting `pad_token_id` to `eos_token_id`:151645 for open-end generation.
Setting `pad_token_id` to `eos_token_id`:151645 for open-end generation.
Setting `pad_token_id` to `eos_token_id`:151645 for open-end generation.
Setting `pad_token_id` to `eos_token_id`:151645 for open-end generation.
Setting `pad_token_id` to `eos_token_id`:151645 for open-end generation.
Setting `pad_token_id` to `eos_token_id`:151645 for open-end generation.
Setting `pad_token_id` to `eos_token_id`:151645 for open-end generation.
Setting `pad_token_id` to `eos_token_id`:151645 for open-end generation.
Setting `pad_token_id` to `eos_token_id`:151645 for open-end generation.
Setting `pad_token_id` to `eos_token_id`:151645 for open-end generation.
Setting `pad_token_id` to `eos_token_id`:151645 for open-end generation.
Setting `pad_token_id` to `eos_token_id`:151645 for open-end generation.
Setting `pad_token_id` to `eos_token_id`:151645 for open-end generation.
Setting `pad_token_id` to `eos_token_id`:151645 for open-end generation.
Setting `pad_token_id` to `eos_token_id`:151645 for open-end generation.
Setting `pad_token_id` to `eos_token_id`:151645 for open-end generation.
Setting `pad_token_id` to `eos_token_id`:151645 for open-end generation.
Setting `pad_token_id` to `eos_token_id`:151645 for open-end generation.
Setting `pad_token_id` to `eos_token_id`:151645 for open-end generation.
Setting `pad_token_id` to `eos_token_id`:151645 for open-end generation.
Setting `pad_token_id` to `eos_token_id`:151645 for open-end generation.
Setting `pad_token_id` to `eos_token_id`:151645 for open-end generation.
Setting `pad_token_id` to `eos_token_id`:151645 for open-end generation.
Setting `pad_token_id` to `eos_token_id`:151645 for open-end generation.
Setting `pad_token_id` to `eos_token_id`:151645 for open-end generation.
Setting `pad_token_id` to `eos_token_id`:151645 for open-end generation.
Setting `pad_token_id` to `eos_token_id`:151645 for open-end generation.
Setting `pad_token_id` to `eos_token_id`:151645 for open-end generation.
Setting `pad_token_id` to `eos_token_id`:151645 for open-end generation.
Setting `pad_token_id` to `eos_token_id`:151645 for open-end generation.
Setting `pad_token_id` to `eos_token_id`:151645 for open-end generation.
Setting `pad_token_id` to `eos_token_id`:151645 for open-end generation.
Setting `pad_token_id` to `eos_token_id`:151645 for open-end generation.
Setting `pad_token_id` to `eos_token_id`:151645 for open-end generation.
Setting `pad_token_id` to `eos_token_id`:151645 for open-end generation.
Setting `pad_token_id` to `eos_token_id`:151645 for open-end generation.
Setting `pad_token_id` to `eos_token_id`:151645 for open-end generation.
Setting `pad_token_id` to `eos_token_id`:151645 for open-end generation.
Setting `pad_token_id` to `eos_token_id`:151645 for open-end generation.
Setting `pad_token_id` to `eos_token_id`:151645 for open-end generation.
Setting `pad_token_id` to `eos_token_id`:151645 for open-end generation.
Setting `pad_token_id` to `eos_token_id`:151645 for open-end generation.
Setting `pad_token_id` to `eos_token_id`:151645 for open-end generation.
Setting `pad_token_id` to `eos_token_id`:151645 for open-end generation.
Setting `pad_token_id` to `eos_token_id`:151645 for open-end generation.
Setting `pad_token_id` to `eos_token_id`:151645 for open-end generation.
Setting `pad_token_id` to `eos_token_id`:151645 for open-end generation.
Setting `pad_token_id` to `eos_token_id`:151645 for open-end generation.
Setting `pad_token_id` to `eos_token_id`:151645 for open-end generation.
Setting `pad_token_id` to `eos_token_id`:151645 for open-end generation.
Setting `pad_token_id` to `eos_token_id`:151645 for open-end generation.
Setting `pad_token_id` to `eos_token_id`:151645 for open-end generation.
Setting `pad_token_id` to `eos_token_id`:151645 for open-end generation.
Setting `pad_token_id` to `eos_token_id`:151645 for open-end generation.
Setting `pad_token_id` to `eos_token_id`:151645 for open-end generation.
Setting `pad_token_id` to `eos_token_id`:151645 for open-end generation.
Setting `pad_token_id` to `eos_token_id`:151645 for open-end generation.
Setting `pad_token_id` to `eos_token_id`:151645 for open-end generation.
Setting `pad_token_id` to `eos_token_id`:151645 for open-end generation.
Setting `pad_token_id` to `eos_token_id`:151645 for open-end generation.
Setting `pad_token_id` to `eos_token_id`:151645 for open-end generation.
Setting `pad_token_id` to `eos_token_id`:151645 for open-end generation.
Setting `pad_token_id` to `eos_token_id`:151645 for open-end generation.
Setting `pad_token_id` to `eos_token_id`:151645 for open-end generation.
Setting `pad_token_id` to `eos_token_id`:151645 for open-end generation.
Setting `pad_token_id` to `eos_token_id`:151645 for open-end generation.
Setting `pad_token_id` to `eos_token_id`:151645 for open-end generation.
Setting `pad_token_id` to `eos_token_id`:151645 for open-end generation.
Setting `pad_token_id` to `eos_token_id`:151645 for open-end generation.
Setting `pad_token_id` to `eos_token_id`:151645 for open-end generation.
Setting `pad_token_id` to `eos_token_id`:151645 for open-end generation.
Setting `pad_token_id` to `eos_token_id`:151645 for open-end generation.
Setting `pad_token_id` to `eos_token_id`:151645 for open-end generation.
Setting `pad_token_id` to `eos_token_id`:151645 for open-end generation.
Setting `pad_token_id` to `eos_token_id`:151645 for open-end generation.
Setting `pad_token_id` to `eos_token_id`:151645 for open-end generation.
Setting `pad_token_id` to `eos_token_id`:151645 for open-end generation.
Setting `pad_token_id` to `eos_token_id`:151645 for open-end generation.
Setting `pad_token_id` to `eos_token_id`:151645 for open-end generation.
Setting `pad_token_id` to `eos_token_id`:151645 for open-end generation.
Setting `pad_token_id` to `eos_token_id`:151645 for open-end generation.
Setting `pad_token_id` to `eos_token_id`:151645 for open-end generation.
Setting `pad_token_id` to `eos_token_id`:151645 for open-end generation.
Setting `pad_token_id` to `eos_token_id`:151645 for open-end generation.
Setting `pad_token_id` to `eos_token_id`:151645 for open-end generation.
Setting `pad_token_id` to `eos_token_id`:151645 for open-end generation.
Setting `pad_token_id` to `eos_token_id`:151645 for open-end generation.
Setting `pad_token_id` to `eos_token_id`:151645 for open-end generation.
Setting `pad_token_id` to `eos_token_id`:151645 for open-end generation.
Setting `pad_token_id` to `eos_token_id`:151645 for open-end generation.
Setting `pad_token_id` to `eos_token_id`:151645 for open-end generation.
Setting `pad_token_id` to `eos_token_id`:151645 for open-end generation.
Setting `pad_token_id` to `eos_token_id`:151645 for open-end generation.
Setting `pad_token_id` to `eos_token_id`:151645 for open-end generation.
Setting `pad_token_id` to `eos_token_id`:151645 for open-end generation.
Setting `pad_token_id` to `eos_token_id`:151645 for open-end generation.
Setting `pad_token_id` to `eos_token_id`:151645 for open-end generation.
Setting `pad_token_id` to `eos_token_id`:151645 for open-end generation.
Setting `pad_token_id` to `eos_token_id`:151645 for open-end generation.
Setting `pad_token_id` to `eos_token_id`:151645 for open-end generation.
Setting `pad_token_id` to `eos_token_id`:151645 for open-end generation.
Setting `pad_token_id` to `eos_token_id`:151645 for open-end generation.
Setting `pad_token_id` to `eos_token_id`:151645 for open-end generation.
Setting `pad_token_id` to `eos_token_id`:151645 for open-end generation.
Setting `pad_token_id` to `eos_token_id`:151645 for open-end generation.
Setting `pad_token_id` to `eos_token_id`:151645 for open-end generation.
Setting `pad_token_id` to `eos_token_id`:151645 for open-end generation.
Setting `pad_token_id` to `eos_token_id`:151645 for open-end generation.
Setting `pad_token_id` to `eos_token_id`:151645 for open-end generation.
Setting `pad_token_id` to `eos_token_id`:151645 for open-end generation.
Setting `pad_token_id` to `eos_token_id`:151645 for open-end generation.
Setting `pad_token_id` to `eos_token_id`:151645 for open-end generation.
Setting `pad_token_id` to `eos_token_id`:151645 for open-end generation.
Setting `pad_token_id` to `eos_token_id`:151645 for open-end generation.
Setting `pad_token_id` to `eos_token_id`:151645 for open-end generation.
Setting `pad_token_id` to `eos_token_id`:151645 for open-end generation.
Setting `pad_token_id` to `eos_token_id`:151645 for open-end generation.
Setting `pad_token_id` to `eos_token_id`:151645 for open-end generation.
Setting `pad_token_id` to `eos_token_id`:151645 for open-end generation.
Setting `pad_token_id` to `eos_token_id`:151645 for open-end generation.
Setting `pad_token_id` to `eos_token_id`:151645 for open-end generation.
Setting `pad_token_id` to `eos_token_id`:151645 for open-end generation.
Setting `pad_token_id` to `eos_token_id`:151645 for open-end generation.
Setting `pad_token_id` to `eos_token_id`:151645 for open-end generation.
Setting `pad_token_id` to `eos_token_id`:151645 for open-end generation.
Setting `pad_token_id` to `eos_token_id`:151645 for open-end generation.
Setting `pad_token_id` to `eos_token_id`:151645 for open-end generation.
Setting `pad_token_id` to `eos_token_id`:151645 for open-end generation.
Setting `pad_token_id` to `eos_token_id`:151645 for open-end generation.
Setting `pad_token_id` to `eos_token_id`:151645 for open-end generation.
Setting `pad_token_id` to `eos_token_id`:151645 for open-end generation.
Setting `pad_token_id` to `eos_token_id`:151645 for open-end generation.
Setting `pad_token_id` to `eos_token_id`:151645 for open-end generation.
Setting `pad_token_id` to `eos_token_id`:151645 for open-end generation.
Setting `pad_token_id` to `eos_token_id`:151645 for open-end generation.
Setting `pad_token_id` to `eos_token_id`:151645 for open-end generation.
Setting `pad_token_id` to `eos_token_id`:151645 for open-end generation.
Setting `pad_token_id` to `eos_token_id`:151645 for open-end generation.
Setting `pad_token_id` to `eos_token_id`:151645 for open-end generation.
Setting `pad_token_id` to `eos_token_id`:151645 for open-end generation.
Setting `pad_token_id` to `eos_token_id`:151645 for open-end generation.
Setting `pad_token_id` to `eos_token_id`:151645 for open-end generation.
Setting `pad_token_id` to `eos_token_id`:151645 for open-end generation.
Setting `pad_token_id` to `eos_token_id`:151645 for open-end generation.
Setting `pad_token_id` to `eos_token_id`:151645 for open-end generation.
Setting `pad_token_id` to `eos_token_id`:151645 for open-end generation.
Setting `pad_token_id` to `eos_token_id`:151645 for open-end generation.
Setting `pad_token_id` to `eos_token_id`:151645 for open-end generation.
Setting `pad_token_id` to `eos_token_id`:151645 for open-end generation.
Setting `pad_token_id` to `eos_token_id`:151645 for open-end generation.
Setting `pad_token_id` to `eos_token_id`:151645 for open-end generation.
Setting `pad_token_id` to `eos_token_id`:151645 for open-end generation.
Setting `pad_token_id` to `eos_token_id`:151645 for open-end generation.
Setting `pad_token_id` to `eos_token_id`:151645 for open-end generation.
Setting `pad_token_id` to `eos_token_id`:151645 for open-end generation.
Setting `pad_token_id` to `eos_token_id`:151645 for open-end generation.
Setting `pad_token_id` to `eos_token_id`:151645 for open-end generation.
Setting `pad_token_id` to `eos_token_id`:151645 for open-end generation.
Setting `pad_token_id` to `eos_token_id`:151645 for open-end generation.
Setting `pad_token_id` to `eos_token_id`:151645 for open-end generation.
Setting `pad_token_id` to `eos_token_id`:151645 for open-end generation.
Setting `pad_token_id` to `eos_token_id`:151645 for open-end generation.
Setting `pad_token_id` to `eos_token_id`:151645 for open-end generation.
Setting `pad_token_id` to `eos_token_id`:151645 for open-end generation.
Setting `pad_token_id` to `eos_token_id`:151645 for open-end generation.
Setting `pad_token_id` to `eos_token_id`:151645 for open-end generation.
Setting `pad_token_id` to `eos_token_id`:151645 for open-end generation.
Setting `pad_token_id` to `eos_token_id`:151645 for open-end generation.
Setting `pad_token_id` to `eos_token_id`:151645 for open-end generation.
Setting `pad_token_id` to `eos_token_id`:151645 for open-end generation.
Setting `pad_token_id` to `eos_token_id`:151645 for open-end generation.
Setting `pad_token_id` to `eos_token_id`:151645 for open-end generation.
Setting `pad_token_id` to `eos_token_id`:151645 for open-end generation.
Setting `pad_token_id` to `eos_token_id`:151645 for open-end generation.
Setting `pad_token_id` to `eos_token_id`:151645 for open-end generation.
Setting `pad_token_id` to `eos_token_id`:151645 for open-end generation.
Setting `pad_token_id` to `eos_token_id`:151645 for open-end generation.
Setting `pad_token_id` to `eos_token_id`:151645 for open-end generation.
Setting `pad_token_id` to `eos_token_id`:151645 for open-end generation.
Setting `pad_token_id` to `eos_token_id`:151645 for open-end generation.
Setting `pad_token_id` to `eos_token_id`:151645 for open-end generation.
Setting `pad_token_id` to `eos_token_id`:151645 for open-end generation.
Setting `pad_token_id` to `eos_token_id`:151645 for open-end generation.
Setting `pad_token_id` to `eos_token_id`:151645 for open-end generation.
Setting `pad_token_id` to `eos_token_id`:151645 for open-end generation.
Setting `pad_token_id` to `eos_token_id`:151645 for open-end generation.
Setting `pad_token_id` to `eos_token_id`:151645 for open-end generation.
Setting `pad_token_id` to `eos_token_id`:151645 for open-end generation.
Setting `pad_token_id` to `eos_token_id`:151645 for open-end generation.
Setting `pad_token_id` to `eos_token_id`:151645 for open-end generation.
Setting `pad_token_id` to `eos_token_id`:151645 for open-end generation.
Setting `pad_token_id` to `eos_token_id`:151645 for open-end generation.
Setting `pad_token_id` to `eos_token_id`:151645 for open-end generation.
Setting `pad_token_id` to `eos_token_id`:151645 for open-end generation.
Setting `pad_token_id` to `eos_token_id`:151645 for open-end generation.
Setting `pad_token_id` to `eos_token_id`:151645 for open-end generation.
Setting `pad_token_id` to `eos_token_id`:151645 for open-end generation.
Setting `pad_token_id` to `eos_token_id`:151645 for open-end generation.
Setting `pad_token_id` to `eos_token_id`:151645 for open-end generation.
Setting `pad_token_id` to `eos_token_id`:151645 for open-end generation.
Setting `pad_token_id` to `eos_token_id`:151645 for open-end generation.
Setting `pad_token_id` to `eos_token_id`:151645 for open-end generation.
Setting `pad_token_id` to `eos_token_id`:151645 for open-end generation.
Setting `pad_token_id` to `eos_token_id`:151645 for open-end generation.
Setting `pad_token_id` to `eos_token_id`:151645 for open-end generation.
Setting `pad_token_id` to `eos_token_id`:151645 for open-end generation.
Setting `pad_token_id` to `eos_token_id`:151645 for open-end generation.
Setting `pad_token_id` to `eos_token_id`:151645 for open-end generation.
Setting `pad_token_id` to `eos_token_id`:151645 for open-end generation.
Setting `pad_token_id` to `eos_token_id`:151645 for open-end generation.
Setting `pad_token_id` to `eos_token_id`:151645 for open-end generation.
Setting `pad_token_id` to `eos_token_id`:151645 for open-end generation.
Setting `pad_token_id` to `eos_token_id`:151645 for open-end generation.
Setting `pad_token_id` to `eos_token_id`:151645 for open-end generation.
Setting `pad_token_id` to `eos_token_id`:151645 for open-end generation.
Setting `pad_token_id` to `eos_token_id`:151645 for open-end generation.
Setting `pad_token_id` to `eos_token_id`:151645 for open-end generation.
Setting `pad_token_id` to `eos_token_id`:151645 for open-end generation.
Setting `pad_token_id` to `eos_token_id`:151645 for open-end generation.
Setting `pad_token_id` to `eos_token_id`:151645 for open-end generation.
Setting `pad_token_id` to `eos_token_id`:151645 for open-end generation.
Setting `pad_token_id` to `eos_token_id`:151645 for open-end generation.
Setting `pad_token_id` to `eos_token_id`:151645 for open-end generation.
Setting `pad_token_id` to `eos_token_id`:151645 for open-end generation.
Setting `pad_token_id` to `eos_token_id`:151645 for open-end generation.
Setting `pad_token_id` to `eos_token_id`:151645 for open-end generation.
Setting `pad_token_id` to `eos_token_id`:151645 for open-end generation.
Setting `pad_token_id` to `eos_token_id`:151645 for open-end generation.
Setting `pad_token_id` to `eos_token_id`:151645 for open-end generation.
Setting `pad_token_id` to `eos_token_id`:151645 for open-end generation.
Setting `pad_token_id` to `eos_token_id`:151645 for open-end generation.
Setting `pad_token_id` to `eos_token_id`:151645 for open-end generation.
Setting `pad_token_id` to `eos_token_id`:151645 for open-end generation.
Setting `pad_token_id` to `eos_token_id`:151645 for open-end generation.
Setting `pad_token_id` to `eos_token_id`:151645 for open-end generation.
Setting `pad_token_id` to `eos_token_id`:151645 for open-end generation.
Setting `pad_token_id` to `eos_token_id`:151645 for open-end generation.
Setting `pad_token_id` to `eos_token_id`:151645 for open-end generation.
Setting `pad_token_id` to `eos_token_id`:151645 for open-end generation.
Setting `pad_token_id` to `eos_token_id`:151645 for open-end generation.
Setting `pad_token_id` to `eos_token_id`:151645 for open-end generation.
Setting `pad_token_id` to `eos_token_id`:151645 for open-end generation.
Setting `pad_token_id` to `eos_token_id`:151645 for open-end generation.
Setting `pad_token_id` to `eos_token_id`:151645 for open-end generation.
Setting `pad_token_id` to `eos_token_id`:151645 for open-end generation.
Setting `pad_token_id` to `eos_token_id`:151645 for open-end generation.
Setting `pad_token_id` to `eos_token_id`:151645 for open-end generation.
Setting `pad_token_id` to `eos_token_id`:151645 for open-end generation.
Setting `pad_token_id` to `eos_token_id`:151645 for open-end generation.
Setting `pad_token_id` to `eos_token_id`:151645 for open-end generation.
Setting `pad_token_id` to `eos_token_id`:151645 for open-end generation.
Setting `pad_token_id` to `eos_token_id`:151645 for open-end generation.
Setting `pad_token_id` to `eos_token_id`:151645 for open-end generation.
Setting `pad_token_id` to `eos_token_id`:151645 for open-end generation.
Setting `pad_token_id` to `eos_token_id`:151645 for open-end generation.
Setting `pad_token_id` to `eos_token_id`:151645 for open-end generation.
Setting `pad_token_id` to `eos_token_id`:151645 for open-end generation.
Setting `pad_token_id` to `eos_token_id`:151645 for open-end generation.
Setting `pad_token_id` to `eos_token_id`:151645 for open-end generation.
Setting `pad_token_id` to `eos_token_id`:151645 for open-end generation.
Setting `pad_token_id` to `eos_token_id`:151645 for open-end generation.
Setting `pad_token_id` to `eos_token_id`:151645 for open-end generation.
Setting `pad_token_id` to `eos_token_id`:151645 for open-end generation.
Setting `pad_token_id` to `eos_token_id`:151645 for open-end generation.
Setting `pad_token_id` to `eos_token_id`:151645 for open-end generation.
Setting `pad_token_id` to `eos_token_id`:151645 for open-end generation.
Setting `pad_token_id` to `eos_token_id`:151645 for open-end generation.
Setting `pad_token_id` to `eos_token_id`:151645 for open-end generation.
Setting `pad_token_id` to `eos_token_id`:151645 for open-end generation.
Setting `pad_token_id` to `eos_token_id`:151645 for open-end generation.
Setting `pad_token_id` to `eos_token_id`:151645 for open-end generation.
Setting `pad_token_id` to `eos_token_id`:151645 for open-end generation.
Setting `pad_token_id` to `eos_token_id`:151645 for open-end generation.
Setting `pad_token_id` to `eos_token_id`:151645 for open-end generation.
Setting `pad_token_id` to `eos_token_id`:151645 for open-end generation.
Setting `pad_token_id` to `eos_token_id`:151645 for open-end generation.
Setting `pad_token_id` to `eos_token_id`:151645 for open-end generation.
Setting `pad_token_id` to `eos_token_id`:151645 for open-end generation.
Setting `pad_token_id` to `eos_token_id`:151645 for open-end generation.
Setting `pad_token_id` to `eos_token_id`:151645 for open-end generation.
Setting `pad_token_id` to `eos_token_id`:151645 for open-end generation.
Setting `pad_token_id` to `eos_token_id`:151645 for open-end generation.
Setting `pad_token_id` to `eos_token_id`:151645 for open-end generation.
Setting `pad_token_id` to `eos_token_id`:151645 for open-end generation.
Setting `pad_token_id` to `eos_token_id`:151645 for open-end generation.
Setting `pad_token_id` to `eos_token_id`:151645 for open-end generation.
Setting `pad_token_id` to `eos_token_id`:151645 for open-end generation.
Setting `pad_token_id` to `eos_token_id`:151645 for open-end generation.
Setting `pad_token_id` to `eos_token_id`:151645 for open-end generation.
Setting `pad_token_id` to `eos_token_id`:151645 for open-end generation.
Setting `pad_token_id` to `eos_token_id`:151645 for open-end generation.
Setting `pad_token_id` to `eos_token_id`:151645 for open-end generation.
Setting `pad_token_id` to `eos_token_id`:151645 for open-end generation.
Setting `pad_token_id` to `eos_token_id`:151645 for open-end generation.
Setting `pad_token_id` to `eos_token_id`:151645 for open-end generation.
Setting `pad_token_id` to `eos_token_id`:151645 for open-end generation.
Setting `pad_token_id` to `eos_token_id`:151645 for open-end generation.
Setting `pad_token_id` to `eos_token_id`:151645 for open-end generation.
Setting `pad_token_id` to `eos_token_id`:151645 for open-end generation.
Setting `pad_token_id` to `eos_token_id`:151645 for open-end generation.
Setting `pad_token_id` to `eos_token_id`:151645 for open-end generation.
Setting `pad_token_id` to `eos_token_id`:151645 for open-end generation.
Setting `pad_token_id` to `eos_token_id`:151645 for open-end generation.
Setting `pad_token_id` to `eos_token_id`:151645 for open-end generation.
Setting `pad_token_id` to `eos_token_id`:151645 for open-end generation.
Setting `pad_token_id` to `eos_token_id`:151645 for open-end generation.
Setting `pad_token_id` to `eos_token_id`:151645 for open-end generation.
Setting `pad_token_id` to `eos_token_id`:151645 for open-end generation.
Setting `pad_token_id` to `eos_token_id`:151645 for open-end generation.
Setting `pad_token_id` to `eos_token_id`:151645 for open-end generation.
Setting `pad_token_id` to `eos_token_id`:151645 for open-end generation.
Setting `pad_token_id` to `eos_token_id`:151645 for open-end generation.
Setting `pad_token_id` to `eos_token_id`:151645 for open-end generation.
Setting `pad_token_id` to `eos_token_id`:151645 for open-end generation.
Setting `pad_token_id` to `eos_token_id`:151645 for open-end generation.
Setting `pad_token_id` to `eos_token_id`:151645 for open-end generation.
Setting `pad_token_id` to `eos_token_id`:151645 for open-end generation.
Setting `pad_token_id` to `eos_token_id`:151645 for open-end generation.
Setting `pad_token_id` to `eos_token_id`:151645 for open-end generation.
Setting `pad_token_id` to `eos_token_id`:151645 for open-end generation.
Setting `pad_token_id` to `eos_token_id`:151645 for open-end generation.
Setting `pad_token_id` to `eos_token_id`:151645 for open-end generation.
Setting `pad_token_id` to `eos_token_id`:151645 for open-end generation.
Setting `pad_token_id` to `eos_token_id`:151645 for open-end generation.
Setting `pad_token_id` to `eos_token_id`:151645 for open-end generation.
Setting `pad_token_id` to `eos_token_id`:151645 for open-end generation.
Setting `pad_token_id` to `eos_token_id`:151645 for open-end generation.
Setting `pad_token_id` to `eos_token_id`:151645 for open-end generation.
Setting `pad_token_id` to `eos_token_id`:151645 for open-end generation.
Setting `pad_token_id` to `eos_token_id`:151645 for open-end generation.
Setting `pad_token_id` to `eos_token_id`:151645 for open-end generation.
Setting `pad_token_id` to `eos_token_id`:151645 for open-end generation.
Setting `pad_token_id` to `eos_token_id`:151645 for open-end generation.
Setting `pad_token_id` to `eos_token_id`:151645 for open-end generation.
Setting `pad_token_id` to `eos_token_id`:151645 for open-end generation.
Setting `pad_token_id` to `eos_token_id`:151645 for open-end generation.
Setting `pad_token_id` to `eos_token_id`:151645 for open-end generation.
Setting `pad_token_id` to `eos_token_id`:151645 for open-end generation.
Setting `pad_token_id` to `eos_token_id`:151645 for open-end generation.
Setting `pad_token_id` to `eos_token_id`:151645 for open-end generation.
Setting `pad_token_id` to `eos_token_id`:151645 for open-end generation.
Setting `pad_token_id` to `eos_token_id`:151645 for open-end generation.
Setting `pad_token_id` to `eos_token_id`:151645 for open-end generation.
Setting `pad_token_id` to `eos_token_id`:151645 for open-end generation.
Setting `pad_token_id` to `eos_token_id`:151645 for open-end generation.
Setting `pad_token_id` to `eos_token_id`:151645 for open-end generation.
Setting `pad_token_id` to `eos_token_id`:151645 for open-end generation.
Setting `pad_token_id` to `eos_token_id`:151645 for open-end generation.
Setting `pad_token_id` to `eos_token_id`:151645 for open-end generation.
Setting `pad_token_id` to `eos_token_id`:151645 for open-end generation.
Setting `pad_token_id` to `eos_token_id`:151645 for open-end generation.
Setting `pad_token_id` to `eos_token_id`:151645 for open-end generation.
Setting `pad_token_id` to `eos_token_id`:151645 for open-end generation.
Setting `pad_token_id` to `eos_token_id`:151645 for open-end generation.
Setting `pad_token_id` to `eos_token_id`:151645 for open-end generation.
Setting `pad_token_id` to `eos_token_id`:151645 for open-end generation.
Setting `pad_token_id` to `eos_token_id`:151645 for open-end generation.
Setting `pad_token_id` to `eos_token_id`:151645 for open-end generation.
Setting `pad_token_id` to `eos_token_id`:151645 for open-end generation.
Setting `pad_token_id` to `eos_token_id`:151645 for open-end generation.
Setting `pad_token_id` to `eos_token_id`:151645 for open-end generation.
Setting `pad_token_id` to `eos_token_id`:151645 for open-end generation.
Setting `pad_token_id` to `eos_token_id`:151645 for open-end generation.
Setting `pad_token_id` to `eos_token_id`:151645 for open-end generation.
Setting `pad_token_id` to `eos_token_id`:151645 for open-end generation.
Setting `pad_token_id` to `eos_token_id`:151645 for open-end generation.
Setting `pad_token_id` to `eos_token_id`:151645 for open-end generation.
Setting `pad_token_id` to `eos_token_id`:151645 for open-end generation.
Setting `pad_token_id` to `eos_token_id`:151645 for open-end generation.
Setting `pad_token_id` to `eos_token_id`:151645 for open-end generation.
Setting `pad_token_id` to `eos_token_id`:151645 for open-end generation.
Setting `pad_token_id` to `eos_token_id`:151645 for open-end generation.
Setting `pad_token_id` to `eos_token_id`:151645 for open-end generation.
Setting `pad_token_id` to `eos_token_id`:151645 for open-end generation.
Setting `pad_token_id` to `eos_token_id`:151645 for open-end generation.
Setting `pad_token_id` to `eos_token_id`:151645 for open-end generation.
Setting `pad_token_id` to `eos_token_id`:151645 for open-end generation.
Setting `pad_token_id` to `eos_token_id`:151645 for open-end generation.
Setting `pad_token_id` to `eos_token_id`:151645 for open-end generation.
Setting `pad_token_id` to `eos_token_id`:151645 for open-end generation.
Setting `pad_token_id` to `eos_token_id`:151645 for open-end generation.
Setting `pad_token_id` to `eos_token_id`:151645 for open-end generation.
Setting `pad_token_id` to `eos_token_id`:151645 for open-end generation.
Setting `pad_token_id` to `eos_token_id`:151645 for open-end generation.
Setting `pad_token_id` to `eos_token_id`:151645 for open-end generation.
Setting `pad_token_id` to `eos_token_id`:151645 for open-end generation.
Setting `pad_token_id` to `eos_token_id`:151645 for open-end generation.
Setting `pad_token_id` to `eos_token_id`:151645 for open-end generation.
Setting `pad_token_id` to `eos_token_id`:151645 for open-end generation.
Setting `pad_token_id` to `eos_token_id`:151645 for open-end generation.
Setting `pad_token_id` to `eos_token_id`:151645 for open-end generation.
Setting `pad_token_id` to `eos_token_id`:151645 for open-end generation.
Setting `pad_token_id` to `eos_token_id`:151645 for open-end generation.
Setting `pad_token_id` to `eos_token_id`:151645 for open-end generation.
Setting `pad_token_id` to `eos_token_id`:151645 for open-end generation.
Setting `pad_token_id` to `eos_token_id`:151645 for open-end generation.
Setting `pad_token_id` to `eos_token_id`:151645 for open-end generation.
Setting `pad_token_id` to `eos_token_id`:151645 for open-end generation.
Setting `pad_token_id` to `eos_token_id`:151645 for open-end generation.
Setting `pad_token_id` to `eos_token_id`:151645 for open-end generation.
Setting `pad_token_id` to `eos_token_id`:151645 for open-end generation.
Setting `pad_token_id` to `eos_token_id`:151645 for open-end generation.
Setting `pad_token_id` to `eos_token_id`:151645 for open-end generation.
Setting `pad_token_id` to `eos_token_id`:151645 for open-end generation.
Setting `pad_token_id` to `eos_token_id`:151645 for open-end generation.
Setting `pad_token_id` to `eos_token_id`:151645 for open-end generation.
Setting `pad_token_id` to `eos_token_id`:151645 for open-end generation.
Setting `pad_token_id` to `eos_token_id`:151645 for open-end generation.
Setting `pad_token_id` to `eos_token_id`:151645 for open-end generation.
Setting `pad_token_id` to `eos_token_id`:151645 for open-end generation.
Setting `pad_token_id` to `eos_token_id`:151645 for open-end generation.
Setting `pad_token_id` to `eos_token_id`:151645 for open-end generation.
Setting `pad_token_id` to `eos_token_id`:151645 for open-end generation.
Setting `pad_token_id` to `eos_token_id`:151645 for open-end generation.
Setting `pad_token_id` to `eos_token_id`:151645 for open-end generation.
Setting `pad_token_id` to `eos_token_id`:151645 for open-end generation.
Setting `pad_token_id` to `eos_token_id`:151645 for open-end generation.
Setting `pad_token_id` to `eos_token_id`:151645 for open-end generation.
Setting `pad_token_id` to `eos_token_id`:151645 for open-end generation.
Setting `pad_token_id` to `eos_token_id`:151645 for open-end generation.
Setting `pad_token_id` to `eos_token_id`:151645 for open-end generation.
Setting `pad_token_id` to `eos_token_id`:151645 for open-end generation.
Setting `pad_token_id` to `eos_token_id`:151645 for open-end generation.
Setting `pad_token_id` to `eos_token_id`:151645 for open-end generation.
Setting `pad_token_id` to `eos_token_id`:151645 for open-end generation.
Setting `pad_token_id` to `eos_token_id`:151645 for open-end generation.
Setting `pad_token_id` to `eos_token_id`:151645 for open-end generation.
Setting `pad_token_id` to `eos_token_id`:151645 for open-end generation.
Setting `pad_token_id` to `eos_token_id`:151645 for open-end generation.
Setting `pad_token_id` to `eos_token_id`:151645 for open-end generation.
Setting `pad_token_id` to `eos_token_id`:151645 for open-end generation.
Setting `pad_token_id` to `eos_token_id`:151645 for open-end generation.
Setting `pad_token_id` to `eos_token_id`:151645 for open-end generation.
Setting `pad_token_id` to `eos_token_id`:151645 for open-end generation.
Setting `pad_token_id` to `eos_token_id`:151645 for open-end generation.
Setting `pad_token_id` to `eos_token_id`:151645 for open-end generation.
Setting `pad_token_id` to `eos_token_id`:151645 for open-end generation.
Setting `pad_token_id` to `eos_token_id`:151645 for open-end generation.
Setting `pad_token_id` to `eos_token_id`:151645 for open-end generation.
Setting `pad_token_id` to `eos_token_id`:151645 for open-end generation.
Setting `pad_token_id` to `eos_token_id`:151645 for open-end generation.
Setting `pad_token_id` to `eos_token_id`:151645 for open-end generation.
Setting `pad_token_id` to `eos_token_id`:151645 for open-end generation.
Setting `pad_token_id` to `eos_token_id`:151645 for open-end generation.
Setting `pad_token_id` to `eos_token_id`:151645 for open-end generation.
Setting `pad_token_id` to `eos_token_id`:151645 for open-end generation.
Setting `pad_token_id` to `eos_token_id`:151645 for open-end generation.
Setting `pad_token_id` to `eos_token_id`:151645 for open-end generation.
Setting `pad_token_id` to `eos_token_id`:151645 for open-end generation.
Setting `pad_token_id` to `eos_token_id`:151645 for open-end generation.
Setting `pad_token_id` to `eos_token_id`:151645 for open-end generation.
Setting `pad_token_id` to `eos_token_id`:151645 for open-end generation.
Setting `pad_token_id` to `eos_token_id`:151645 for open-end generation.
Setting `pad_token_id` to `eos_token_id`:151645 for open-end generation.
Setting `pad_token_id` to `eos_token_id`:151645 for open-end generation.
Setting `pad_token_id` to `eos_token_id`:151645 for open-end generation.
Setting `pad_token_id` to `eos_token_id`:151645 for open-end generation.
Setting `pad_token_id` to `eos_token_id`:151645 for open-end generation.
Setting `pad_token_id` to `eos_token_id`:151645 for open-end generation.
Setting `pad_token_id` to `eos_token_id`:151645 for open-end generation.
Setting `pad_token_id` to `eos_token_id`:151645 for open-end generation.
Setting `pad_token_id` to `eos_token_id`:151645 for open-end generation.
Setting `pad_token_id` to `eos_token_id`:151645 for open-end generation.
Setting `pad_token_id` to `eos_token_id`:151645 for open-end generation.
Setting `pad_token_id` to `eos_token_id`:151645 for open-end generation.
Setting `pad_token_id` to `eos_token_id`:151645 for open-end generation.
Setting `pad_token_id` to `eos_token_id`:151645 for open-end generation.
Setting `pad_token_id` to `eos_token_id`:151645 for open-end generation.
Setting `pad_token_id` to `eos_token_id`:151645 for open-end generation.
Setting `pad_token_id` to `eos_token_id`:151645 for open-end generation.
Setting `pad_token_id` to `eos_token_id`:151645 for open-end generation.
Setting `pad_token_id` to `eos_token_id`:151645 for open-end generation.
Setting `pad_token_id` to `eos_token_id`:151645 for open-end generation.
Setting `pad_token_id` to `eos_token_id`:151645 for open-end generation.
Setting `pad_token_id` to `eos_token_id`:151645 for open-end generation.
Setting `pad_token_id` to `eos_token_id`:151645 for open-end generation.
Setting `pad_token_id` to `eos_token_id`:151645 for open-end generation.
Setting `pad_token_id` to `eos_token_id`:151645 for open-end generation.
Setting `pad_token_id` to `eos_token_id`:151645 for open-end generation.
Setting `pad_token_id` to `eos_token_id`:151645 for open-end generation.
Setting `pad_token_id` to `eos_token_id`:151645 for open-end generation.
Setting `pad_token_id` to `eos_token_id`:151645 for open-end generation.
Setting `pad_token_id` to `eos_token_id`:151645 for open-end generation.
Setting `pad_token_id` to `eos_token_id`:151645 for open-end generation.
Setting `pad_token_id` to `eos_token_id`:151645 for open-end generation.
Setting `pad_token_id` to `eos_token_id`:151645 for open-end generation.
Setting `pad_token_id` to `eos_token_id`:151645 for open-end generation.
Setting `pad_token_id` to `eos_token_id`:151645 for open-end generation.
Setting `pad_token_id` to `eos_token_id`:151645 for open-end generation.
Setting `pad_token_id` to `eos_token_id`:151645 for open-end generation.
Setting `pad_token_id` to `eos_token_id`:151645 for open-end generation.
Setting `pad_token_id` to `eos_token_id`:151645 for open-end generation.
Setting `pad_token_id` to `eos_token_id`:151645 for open-end generation.
Setting `pad_token_id` to `eos_token_id`:151645 for open-end generation.
Setting `pad_token_id` to `eos_token_id`:151645 for open-end generation.
Setting `pad_token_id` to `eos_token_id`:151645 for open-end generation.
Setting `pad_token_id` to `eos_token_id`:151645 for open-end generation.
Setting `pad_token_id` to `eos_token_id`:151645 for open-end generation.
Setting `pad_token_id` to `eos_token_id`:151645 for open-end generation.
Setting `pad_token_id` to `eos_token_id`:151645 for open-end generation.
Setting `pad_token_id` to `eos_token_id`:151645 for open-end generation.
Setting `pad_token_id` to `eos_token_id`:151645 for open-end generation.
Setting `pad_token_id` to `eos_token_id`:151645 for open-end generation.
Setting `pad_token_id` to `eos_token_id`:151645 for open-end generation.
Setting `pad_token_id` to `eos_token_id`:151645 for open-end generation.
Setting `pad_token_id` to `eos_token_id`:151645 for open-end generation.
Setting `pad_token_id` to `eos_token_id`:151645 for open-end generation.
Setting `pad_token_id` to `eos_token_id`:151645 for open-end generation.
Setting `pad_token_id` to `eos_token_id`:151645 for open-end generation.
Setting `pad_token_id` to `eos_token_id`:151645 for open-end generation.
Setting `pad_token_id` to `eos_token_id`:151645 for open-end generation.
Setting `pad_token_id` to `eos_token_id`:151645 for open-end generation.
Setting `pad_token_id` to `eos_token_id`:151645 for open-end generation.
Setting `pad_token_id` to `eos_token_id`:151645 for open-end generation.
Setting `pad_token_id` to `eos_token_id`:151645 for open-end generation.
Setting `pad_token_id` to `eos_token_id`:151645 for open-end generation.
Setting `pad_token_id` to `eos_token_id`:151645 for open-end generation.
Setting `pad_token_id` to `eos_token_id`:151645 for open-end generation.
Setting `pad_token_id` to `eos_token_id`:151645 for open-end generation.
Setting `pad_token_id` to `eos_token_id`:151645 for open-end generation.
Setting `pad_token_id` to `eos_token_id`:151645 for open-end generation.
Setting `pad_token_id` to `eos_token_id`:151645 for open-end generation.
Setting `pad_token_id` to `eos_token_id`:151645 for open-end generation.
Setting `pad_token_id` to `eos_token_id`:151645 for open-end generation.
Setting `pad_token_id` to `eos_token_id`:151645 for open-end generation.
Setting `pad_token_id` to `eos_token_id`:151645 for open-end generation.
Setting `pad_token_id` to `eos_token_id`:151645 for open-end generation.
Setting `pad_token_id` to `eos_token_id`:151645 for open-end generation.
Setting `pad_token_id` to `eos_token_id`:151645 for open-end generation.
Setting `pad_token_id` to `eos_token_id`:151645 for open-end generation.
Setting `pad_token_id` to `eos_token_id`:151645 for open-end generation.
Setting `pad_token_id` to `eos_token_id`:151645 for open-end generation.
Setting `pad_token_id` to `eos_token_id`:151645 for open-end generation.
Setting `pad_token_id` to `eos_token_id`:151645 for open-end generation.
Setting `pad_token_id` to `eos_token_id`:151645 for open-end generation.
Setting `pad_token_id` to `eos_token_id`:151645 for open-end generation.
Setting `pad_token_id` to `eos_token_id`:151645 for open-end generation.
Setting `pad_token_id` to `eos_token_id`:151645 for open-end generation.
Setting `pad_token_id` to `eos_token_id`:151645 for open-end generation.
Setting `pad_token_id` to `eos_token_id`:151645 for open-end generation.
Setting `pad_token_id` to `eos_token_id`:151645 for open-end generation.
Setting `pad_token_id` to `eos_token_id`:151645 for open-end generation.
Setting `pad_token_id` to `eos_token_id`:151645 for open-end generation.
Setting `pad_token_id` to `eos_token_id`:151645 for open-end generation.
Setting `pad_token_id` to `eos_token_id`:151645 for open-end generation.
Setting `pad_token_id` to `eos_token_id`:151645 for open-end generation.
Setting `pad_token_id` to `eos_token_id`:151645 for open-end generation.
Setting `pad_token_id` to `eos_token_id`:151645 for open-end generation.
Setting `pad_token_id` to `eos_token_id`:151645 for open-end generation.
Setting `pad_token_id` to `eos_token_id`:151645 for open-end generation.
Setting `pad_token_id` to `eos_token_id`:151645 for open-end generation.
Setting `pad_token_id` to `eos_token_id`:151645 for open-end generation.
Setting `pad_token_id` to `eos_token_id`:151645 for open-end generation.
Setting `pad_token_id` to `eos_token_id`:151645 for open-end generation.
Setting `pad_token_id` to `eos_token_id`:151645 for open-end generation.
Setting `pad_token_id` to `eos_token_id`:151645 for open-end generation.
Setting `pad_token_id` to `eos_token_id`:151645 for open-end generation.
Setting `pad_token_id` to `eos_token_id`:151645 for open-end generation.
Setting `pad_token_id` to `eos_token_id`:151645 for open-end generation.
Setting `pad_token_id` to `eos_token_id`:151645 for open-end generation.
Setting `pad_token_id` to `eos_token_id`:151645 for open-end generation.
Setting `pad_token_id` to `eos_token_id`:151645 for open-end generation.
Setting `pad_token_id` to `eos_token_id`:151645 for open-end generation.
Setting `pad_token_id` to `eos_token_id`:151645 for open-end generation.
Setting `pad_token_id` to `eos_token_id`:151645 for open-end generation.
Setting `pad_token_id` to `eos_token_id`:151645 for open-end generation.
Setting `pad_token_id` to `eos_token_id`:151645 for open-end generation.
Setting `pad_token_id` to `eos_token_id`:151645 for open-end generation.
Setting `pad_token_id` to `eos_token_id`:151645 for open-end generation.
Setting `pad_token_id` to `eos_token_id`:151645 for open-end generation.
Setting `pad_token_id` to `eos_token_id`:151645 for open-end generation.
Setting `pad_token_id` to `eos_token_id`:151645 for open-end generation.
Setting `pad_token_id` to `eos_token_id`:151645 for open-end generation.
Setting `pad_token_id` to `eos_token_id`:151645 for open-end generation.
Setting `pad_token_id` to `eos_token_id`:151645 for open-end generation.
Setting `pad_token_id` to `eos_token_id`:151645 for open-end generation.
Setting `pad_token_id` to `eos_token_id`:151645 for open-end generation.
Setting `pad_token_id` to `eos_token_id`:151645 for open-end generation.
Setting `pad_token_id` to `eos_token_id`:151645 for open-end generation.
Setting `pad_token_id` to `eos_token_id`:151645 for open-end generation.
Setting `pad_token_id` to `eos_token_id`:151645 for open-end generation.
Setting `pad_token_id` to `eos_token_id`:151645 for open-end generation.
Setting `pad_token_id` to `eos_token_id`:151645 for open-end generation.
Setting `pad_token_id` to `eos_token_id`:151645 for open-end generation.
Setting `pad_token_id` to `eos_token_id`:151645 for open-end generation.
Setting `pad_token_id` to `eos_token_id`:151645 for open-end generation.
Setting `pad_token_id` to `eos_token_id`:151645 for open-end generation.
Setting `pad_token_id` to `eos_token_id`:151645 for open-end generation.
Setting `pad_token_id` to `eos_token_id`:151645 for open-end generation.
Setting `pad_token_id` to `eos_token_id`:151645 for open-end generation.
Setting `pad_token_id` to `eos_token_id`:151645 for open-end generation.
Setting `pad_token_id` to `eos_token_id`:151645 for open-end generation.
Setting `pad_token_id` to `eos_token_id`:151645 for open-end generation.
Setting `pad_token_id` to `eos_token_id`:151645 for open-end generation.
Setting `pad_token_id` to `eos_token_id`:151645 for open-end generation.
Setting `pad_token_id` to `eos_token_id`:151645 for open-end generation.
Setting `pad_token_id` to `eos_token_id`:151645 for open-end generation.
Setting `pad_token_id` to `eos_token_id`:151645 for open-end generation.
Setting `pad_token_id` to `eos_token_id`:151645 for open-end generation.
Setting `pad_token_id` to `eos_token_id`:151645 for open-end generation.
Setting `pad_token_id` to `eos_token_id`:151645 for open-end generation.
Setting `pad_token_id` to `eos_token_id`:151645 for open-end generation.
Setting `pad_token_id` to `eos_token_id`:151645 for open-end generation.
Setting `pad_token_id` to `eos_token_id`:151645 for open-end generation.
Setting `pad_token_id` to `eos_token_id`:151645 for open-end generation.
Setting `pad_token_id` to `eos_token_id`:151645 for open-end generation.
Setting `pad_token_id` to `eos_token_id`:151645 for open-end generation.
Setting `pad_token_id` to `eos_token_id`:151645 for open-end generation.
Setting `pad_token_id` to `eos_token_id`:151645 for open-end generation.
Setting `pad_token_id` to `eos_token_id`:151645 for open-end generation.
Setting `pad_token_id` to `eos_token_id`:151645 for open-end generation.
Setting `pad_token_id` to `eos_token_id`:151645 for open-end generation.
Setting `pad_token_id` to `eos_token_id`:151645 for open-end generation.
Setting `pad_token_id` to `eos_token_id`:151645 for open-end generation.
Setting `pad_token_id` to `eos_token_id`:151645 for open-end generation.
Setting `pad_token_id` to `eos_token_id`:151645 for open-end generation.
Setting `pad_token_id` to `eos_token_id`:151645 for open-end generation.
Setting `pad_token_id` to `eos_token_id`:151645 for open-end generation.
Setting `pad_token_id` to `eos_token_id`:151645 for open-end generation.
Setting `pad_token_id` to `eos_token_id`:151645 for open-end generation.
Setting `pad_token_id` to `eos_token_id`:151645 for open-end generation.
Setting `pad_token_id` to `eos_token_id`:151645 for open-end generation.
Setting `pad_token_id` to `eos_token_id`:151645 for open-end generation.
Setting `pad_token_id` to `eos_token_id`:151645 for open-end generation.
Setting `pad_token_id` to `eos_token_id`:151645 for open-end generation.
Setting `pad_token_id` to `eos_token_id`:151645 for open-end generation.
Setting `pad_token_id` to `eos_token_id`:151645 for open-end generation.
Setting `pad_token_id` to `eos_token_id`:151645 for open-end generation.
Setting `pad_token_id` to `eos_token_id`:151645 for open-end generation.
Setting `pad_token_id` to `eos_token_id`:151645 for open-end generation.
Setting `pad_token_id` to `eos_token_id`:151645 for open-end generation.
Setting `pad_token_id` to `eos_token_id`:151645 for open-end generation.
Setting `pad_token_id` to `eos_token_id`:151645 for open-end generation.
Setting `pad_token_id` to `eos_token_id`:151645 for open-end generation.
Setting `pad_token_id` to `eos_token_id`:151645 for open-end generation.
Setting `pad_token_id` to `eos_token_id`:151645 for open-end generation.
Setting `pad_token_id` to `eos_token_id`:151645 for open-end generation.
Setting `pad_token_id` to `eos_token_id`:151645 for open-end generation.
Setting `pad_token_id` to `eos_token_id`:151645 for open-end generation.
Setting `pad_token_id` to `eos_token_id`:151645 for open-end generation.
Setting `pad_token_id` to `eos_token_id`:151645 for open-end generation.
Setting `pad_token_id` to `eos_token_id`:151645 for open-end generation.
Setting `pad_token_id` to `eos_token_id`:151645 for open-end generation.
Setting `pad_token_id` to `eos_token_id`:151645 for open-end generation.
Setting `pad_token_id` to `eos_token_id`:151645 for open-end generation.
Setting `pad_token_id` to `eos_token_id`:151645 for open-end generation.
Setting `pad_token_id` to `eos_token_id`:151645 for open-end generation.
Setting `pad_token_id` to `eos_token_id`:151645 for open-end generation.
Setting `pad_token_id` to `eos_token_id`:151645 for open-end generation.
Setting `pad_token_id` to `eos_token_id`:151645 for open-end generation.
Setting `pad_token_id` to `eos_token_id`:151645 for open-end generation.
Setting `pad_token_id` to `eos_token_id`:151645 for open-end generation.
Setting `pad_token_id` to `eos_token_id`:151645 for open-end generation.
Setting `pad_token_id` to `eos_token_id`:151645 for open-end generation.
Setting `pad_token_id` to `eos_token_id`:151645 for open-end generation.
Setting `pad_token_id` to `eos_token_id`:151645 for open-end generation.
Setting `pad_token_id` to `eos_token_id`:151645 for open-end generation.
Setting `pad_token_id` to `eos_token_id`:151645 for open-end generation.
Setting `pad_token_id` to `eos_token_id`:151645 for open-end generation.
Setting `pad_token_id` to `eos_token_id`:151645 for open-end generation.
Setting `pad_token_id` to `eos_token_id`:151645 for open-end generation.
Setting `pad_token_id` to `eos_token_id`:151645 for open-end generation.
Setting `pad_token_id` to `eos_token_id`:151645 for open-end generation.
Setting `pad_token_id` to `eos_token_id`:151645 for open-end generation.
Setting `pad_token_id` to `eos_token_id`:151645 for open-end generation.
Setting `pad_token_id` to `eos_token_id`:151645 for open-end generation.
Setting `pad_token_id` to `eos_token_id`:151645 for open-end generation.
Setting `pad_token_id` to `eos_token_id`:151645 for open-end generation.
Setting `pad_token_id` to `eos_token_id`:151645 for open-end generation.
Setting `pad_token_id` to `eos_token_id`:151645 for open-end generation.
Setting `pad_token_id` to `eos_token_id`:151645 for open-end generation.
Setting `pad_token_id` to `eos_token_id`:151645 for open-end generation.
Setting `pad_token_id` to `eos_token_id`:151645 for open-end generation.
Setting `pad_token_id` to `eos_token_id`:151645 for open-end generation.
Setting `pad_token_id` to `eos_token_id`:151645 for open-end generation.
Setting `pad_token_id` to `eos_token_id`:151645 for open-end generation.
Setting `pad_token_id` to `eos_token_id`:151645 for open-end generation.
Setting `pad_token_id` to `eos_token_id`:151645 for open-end generation.
2026-07-06 15:04:10,276 INFO B[0/80] name hit none=1 profile=1 distractor=1
Setting `pad_token_id` to `eos_token_id`:151645 for open-end generation.
Setting `pad_token_id` to `eos_token_id`:151645 for open-end generation.
Setting `pad_token_id` to `eos_token_id`:151645 for open-end generation.
2026-07-06 15:04:11,300 INFO B[1/80] email hit none=1 profile=1 distractor=1
Setting `pad_token_id` to `eos_token_id`:151645 for open-end generation.
Setting `pad_token_id` to `eos_token_id`:151645 for open-end generation.
Setting `pad_token_id` to `eos_token_id`:151645 for open-end generation.
2026-07-06 15:04:12,898 INFO B[2/80] name hit none=1 profile=1 distractor=1
Setting `pad_token_id` to `eos_token_id`:151645 for open-end generation.
Setting `pad_token_id` to `eos_token_id`:151645 for open-end generation.
Setting `pad_token_id` to `eos_token_id`:151645 for open-end generation.
2026-07-06 15:04:13,943 INFO B[3/80] email hit none=0 profile=1 distractor=0
Setting `pad_token_id` to `eos_token_id`:151645 for open-end generation.
Setting `pad_token_id` to `eos_token_id`:151645 for open-end generation.
Setting `pad_token_id` to `eos_token_id`:151645 for open-end generation.
2026-07-06 15:04:15,222 INFO B[4/80] name hit none=1 profile=1 distractor=1
Setting `pad_token_id` to `eos_token_id`:151645 for open-end generation.
Setting `pad_token_id` to `eos_token_id`:151645 for open-end generation.
Setting `pad_token_id` to `eos_token_id`:151645 for open-end generation.
2026-07-06 15:04:16,157 INFO B[5/80] email hit none=0 profile=1 distractor=0
Setting `pad_token_id` to `eos_token_id`:151645 for open-end generation.
Setting `pad_token_id` to `eos_token_id`:151645 for open-end generation.
Setting `pad_token_id` to `eos_token_id`:151645 for open-end generation.
2026-07-06 15:04:17,726 INFO B[6/80] name hit none=1 profile=1 distractor=1
Setting `pad_token_id` to `eos_token_id`:151645 for open-end generation.
Setting `pad_token_id` to `eos_token_id`:151645 for open-end generation.
Setting `pad_token_id` to `eos_token_id`:151645 for open-end generation.
2026-07-06 15:04:18,787 INFO B[7/80] email hit none=0 profile=1 distractor=0
Setting `pad_token_id` to `eos_token_id`:151645 for open-end generation.
Setting `pad_token_id` to `eos_token_id`:151645 for open-end generation.
Setting `pad_token_id` to `eos_token_id`:151645 for open-end generation.
2026-07-06 15:04:20,428 INFO B[8/80] name hit none=1 profile=1 distractor=1
Setting `pad_token_id` to `eos_token_id`:151645 for open-end generation.
Setting `pad_token_id` to `eos_token_id`:151645 for open-end generation.
Setting `pad_token_id` to `eos_token_id`:151645 for open-end generation.
2026-07-06 15:04:21,487 INFO B[9/80] email hit none=0 profile=1 distractor=0
Setting `pad_token_id` to `eos_token_id`:151645 for open-end generation.
Setting `pad_token_id` to `eos_token_id`:151645 for open-end generation.
Setting `pad_token_id` to `eos_token_id`:151645 for open-end generation.
2026-07-06 15:04:23,271 INFO B[10/80] name hit none=1 profile=1 distractor=1
Setting `pad_token_id` to `eos_token_id`:151645 for open-end generation.
Setting `pad_token_id` to `eos_token_id`:151645 for open-end generation.
Setting `pad_token_id` to `eos_token_id`:151645 for open-end generation.
2026-07-06 15:04:24,199 INFO B[11/80] email hit none=0 profile=1 distractor=0
Setting `pad_token_id` to `eos_token_id`:151645 for open-end generation.
Setting `pad_token_id` to `eos_token_id`:151645 for open-end generation.
Setting `pad_token_id` to `eos_token_id`:151645 for open-end generation.
2026-07-06 15:04:26,202 INFO B[12/80] name hit none=1 profile=1 distractor=1
Setting `pad_token_id` to `eos_token_id`:151645 for open-end generation.
Setting `pad_token_id` to `eos_token_id`:151645 for open-end generation.
Setting `pad_token_id` to `eos_token_id`:151645 for open-end generation.
2026-07-06 15:04:27,267 INFO B[13/80] email hit none=0 profile=1 distractor=0
Setting `pad_token_id` to `eos_token_id`:151645 for open-end generation.
Setting `pad_token_id` to `eos_token_id`:151645 for open-end generation.
Setting `pad_token_id` to `eos_token_id`:151645 for open-end generation.
2026-07-06 15:04:28,936 INFO B[14/80] name hit none=1 profile=1 distractor=1
Setting `pad_token_id` to `eos_token_id`:151645 for open-end generation.
Setting `pad_token_id` to `eos_token_id`:151645 for open-end generation.
Setting `pad_token_id` to `eos_token_id`:151645 for open-end generation.
2026-07-06 15:04:29,920 INFO B[15/80] email hit none=0 profile=1 distractor=0
Setting `pad_token_id` to `eos_token_id`:151645 for open-end generation.
Setting `pad_token_id` to `eos_token_id`:151645 for open-end generation.
Setting `pad_token_id` to `eos_token_id`:151645 for open-end generation.
2026-07-06 15:04:31,941 INFO B[16/80] name hit none=1 profile=1 distractor=1
Setting `pad_token_id` to `eos_token_id`:151645 for open-end generation.
Setting `pad_token_id` to `eos_token_id`:151645 for open-end generation.
Setting `pad_token_id` to `eos_token_id`:151645 for open-end generation.
2026-07-06 15:04:33,007 INFO B[17/80] email hit none=0 profile=1 distractor=0
Setting `pad_token_id` to `eos_token_id`:151645 for open-end generation.
Setting `pad_token_id` to `eos_token_id`:151645 for open-end generation.
Setting `pad_token_id` to `eos_token_id`:151645 for open-end generation.
2026-07-06 15:04:34,577 INFO B[18/80] name hit none=0 profile=1 distractor=0
Setting `pad_token_id` to `eos_token_id`:151645 for open-end generation.
Setting `pad_token_id` to `eos_token_id`:151645 for open-end generation.
Setting `pad_token_id` to `eos_token_id`:151645 for open-end generation.
2026-07-06 15:04:35,591 INFO B[19/80] email hit none=0 profile=0 distractor=0
Setting `pad_token_id` to `eos_token_id`:151645 for open-end generation.
Setting `pad_token_id` to `eos_token_id`:151645 for open-end generation.
Setting `pad_token_id` to `eos_token_id`:151645 for open-end generation.
2026-07-06 15:04:37,289 INFO B[20/80] name hit none=1 profile=1 distractor=1
Setting `pad_token_id` to `eos_token_id`:151645 for open-end generation.
Setting `pad_token_id` to `eos_token_id`:151645 for open-end generation.
Setting `pad_token_id` to `eos_token_id`:151645 for open-end generation.
2026-07-06 15:04:38,234 INFO B[21/80] email hit none=0 profile=1 distractor=0
Setting `pad_token_id` to `eos_token_id`:151645 for open-end generation.
Setting `pad_token_id` to `eos_token_id`:151645 for open-end generation.
Setting `pad_token_id` to `eos_token_id`:151645 for open-end generation.
2026-07-06 15:04:39,927 INFO B[22/80] name hit none=1 profile=1 distractor=1
Setting `pad_token_id` to `eos_token_id`:151645 for open-end generation.
Setting `pad_token_id` to `eos_token_id`:151645 for open-end generation.
Setting `pad_token_id` to `eos_token_id`:151645 for open-end generation.
2026-07-06 15:04:40,970 INFO B[23/80] email hit none=0 profile=1 distractor=0
Setting `pad_token_id` to `eos_token_id`:151645 for open-end generation.
Setting `pad_token_id` to `eos_token_id`:151645 for open-end generation.
Setting `pad_token_id` to `eos_token_id`:151645 for open-end generation.
2026-07-06 15:04:43,304 INFO B[24/80] name hit none=1 profile=1 distractor=1
Setting `pad_token_id` to `eos_token_id`:151645 for open-end generation.
Setting `pad_token_id` to `eos_token_id`:151645 for open-end generation.
Setting `pad_token_id` to `eos_token_id`:151645 for open-end generation.
2026-07-06 15:04:44,298 INFO B[25/80] email hit none=0 profile=1 distractor=0
Setting `pad_token_id` to `eos_token_id`:151645 for open-end generation.
Setting `pad_token_id` to `eos_token_id`:151645 for open-end generation.
Setting `pad_token_id` to `eos_token_id`:151645 for open-end generation.
2026-07-06 15:04:45,907 INFO B[26/80] name hit none=1 profile=1 distractor=1
Setting `pad_token_id` to `eos_token_id`:151645 for open-end generation.
Setting `pad_token_id` to `eos_token_id`:151645 for open-end generation.
Setting `pad_token_id` to `eos_token_id`:151645 for open-end generation.
2026-07-06 15:04:46,893 INFO B[27/80] email hit none=0 profile=0 distractor=0
Setting `pad_token_id` to `eos_token_id`:151645 for open-end generation.
Setting `pad_token_id` to `eos_token_id`:151645 for open-end generation.
Setting `pad_token_id` to `eos_token_id`:151645 for open-end generation.
2026-07-06 15:04:48,621 INFO B[28/80] name hit none=1 profile=1 distractor=1
Setting `pad_token_id` to `eos_token_id`:151645 for open-end generation.
Setting `pad_token_id` to `eos_token_id`:151645 for open-end generation.
Setting `pad_token_id` to `eos_token_id`:151645 for open-end generation.
2026-07-06 15:04:49,689 INFO B[29/80] email hit none=0 profile=0 distractor=0
Setting `pad_token_id` to `eos_token_id`:151645 for open-end generation.
Setting `pad_token_id` to `eos_token_id`:151645 for open-end generation.
Setting `pad_token_id` to `eos_token_id`:151645 for open-end generation.
2026-07-06 15:04:51,539 INFO B[30/80] name hit none=1 profile=1 distractor=1
Setting `pad_token_id` to `eos_token_id`:151645 for open-end generation.
Setting `pad_token_id` to `eos_token_id`:151645 for open-end generation.
Setting `pad_token_id` to `eos_token_id`:151645 for open-end generation.
2026-07-06 15:04:52,640 INFO B[31/80] email hit none=0 profile=1 distractor=0
Setting `pad_token_id` to `eos_token_id`:151645 for open-end generation.
Setting `pad_token_id` to `eos_token_id`:151645 for open-end generation.
Setting `pad_token_id` to `eos_token_id`:151645 for open-end generation.
2026-07-06 15:04:54,196 INFO B[32/80] name hit none=1 profile=1 distractor=1
Setting `pad_token_id` to `eos_token_id`:151645 for open-end generation.
Setting `pad_token_id` to `eos_token_id`:151645 for open-end generation.
Setting `pad_token_id` to `eos_token_id`:151645 for open-end generation.
2026-07-06 15:04:55,189 INFO B[33/80] email hit none=0 profile=0 distractor=0
Setting `pad_token_id` to `eos_token_id`:151645 for open-end generation.
Setting `pad_token_id` to `eos_token_id`:151645 for open-end generation.
Setting `pad_token_id` to `eos_token_id`:151645 for open-end generation.
2026-07-06 15:04:56,882 INFO B[34/80] name hit none=1 profile=1 distractor=1
Setting `pad_token_id` to `eos_token_id`:151645 for open-end generation.
Setting `pad_token_id` to `eos_token_id`:151645 for open-end generation.
Setting `pad_token_id` to `eos_token_id`:151645 for open-end generation.
2026-07-06 15:04:57,815 INFO B[35/80] email hit none=0 profile=1 distractor=0
Setting `pad_token_id` to `eos_token_id`:151645 for open-end generation.
Setting `pad_token_id` to `eos_token_id`:151645 for open-end generation.
Setting `pad_token_id` to `eos_token_id`:151645 for open-end generation.
2026-07-06 15:04:59,459 INFO B[36/80] name hit none=1 profile=1 distractor=1
Setting `pad_token_id` to `eos_token_id`:151645 for open-end generation.
Setting `pad_token_id` to `eos_token_id`:151645 for open-end generation.
Setting `pad_token_id` to `eos_token_id`:151645 for open-end generation.
2026-07-06 15:05:00,363 INFO B[37/80] email hit none=0 profile=1 distractor=0
Setting `pad_token_id` to `eos_token_id`:151645 for open-end generation.
Setting `pad_token_id` to `eos_token_id`:151645 for open-end generation.
Setting `pad_token_id` to `eos_token_id`:151645 for open-end generation.
2026-07-06 15:05:01,952 INFO B[38/80] name hit none=1 profile=1 distractor=1
Setting `pad_token_id` to `eos_token_id`:151645 for open-end generation.
Setting `pad_token_id` to `eos_token_id`:151645 for open-end generation.
Setting `pad_token_id` to `eos_token_id`:151645 for open-end generation.
2026-07-06 15:05:02,849 INFO B[39/80] email hit none=0 profile=1 distractor=0
Setting `pad_token_id` to `eos_token_id`:151645 for open-end generation.
Setting `pad_token_id` to `eos_token_id`:151645 for open-end generation.
Setting `pad_token_id` to `eos_token_id`:151645 for open-end generation.
2026-07-06 15:05:04,405 INFO B[40/80] name hit none=1 profile=1 distractor=1
Setting `pad_token_id` to `eos_token_id`:151645 for open-end generation.
Setting `pad_token_id` to `eos_token_id`:151645 for open-end generation.
Setting `pad_token_id` to `eos_token_id`:151645 for open-end generation.
2026-07-06 15:05:05,432 INFO B[41/80] email hit none=0 profile=1 distractor=0
Setting `pad_token_id` to `eos_token_id`:151645 for open-end generation.
Setting `pad_token_id` to `eos_token_id`:151645 for open-end generation.
Setting `pad_token_id` to `eos_token_id`:151645 for open-end generation.
2026-07-06 15:05:06,733 INFO B[42/80] name hit none=1 profile=1 distractor=1
Setting `pad_token_id` to `eos_token_id`:151645 for open-end generation.
Setting `pad_token_id` to `eos_token_id`:151645 for open-end generation.
Setting `pad_token_id` to `eos_token_id`:151645 for open-end generation.
2026-07-06 15:05:07,762 INFO B[43/80] email hit none=0 profile=1 distractor=0
Setting `pad_token_id` to `eos_token_id`:151645 for open-end generation.
Setting `pad_token_id` to `eos_token_id`:151645 for open-end generation.
Setting `pad_token_id` to `eos_token_id`:151645 for open-end generation.
2026-07-06 15:05:09,561 INFO B[44/80] name hit none=1 profile=1 distractor=1
Setting `pad_token_id` to `eos_token_id`:151645 for open-end generation.
Setting `pad_token_id` to `eos_token_id`:151645 for open-end generation.
Setting `pad_token_id` to `eos_token_id`:151645 for open-end generation.
2026-07-06 15:05:10,536 INFO B[45/80] email hit none=0 profile=1 distractor=0
Setting `pad_token_id` to `eos_token_id`:151645 for open-end generation.
Setting `pad_token_id` to `eos_token_id`:151645 for open-end generation.
Setting `pad_token_id` to `eos_token_id`:151645 for open-end generation.
2026-07-06 15:05:12,623 INFO B[46/80] name hit none=1 profile=1 distractor=1
Setting `pad_token_id` to `eos_token_id`:151645 for open-end generation.
Setting `pad_token_id` to `eos_token_id`:151645 for open-end generation.
Setting `pad_token_id` to `eos_token_id`:151645 for open-end generation.
2026-07-06 15:05:13,697 INFO B[47/80] email hit none=0 profile=1 distractor=0
Setting `pad_token_id` to `eos_token_id`:151645 for open-end generation.
Setting `pad_token_id` to `eos_token_id`:151645 for open-end generation.
Setting `pad_token_id` to `eos_token_id`:151645 for open-end generation.
2026-07-06 15:05:15,477 INFO B[48/80] name hit none=1 profile=1 distractor=1
Setting `pad_token_id` to `eos_token_id`:151645 for open-end generation.
Setting `pad_token_id` to `eos_token_id`:151645 for open-end generation.
Setting `pad_token_id` to `eos_token_id`:151645 for open-end generation.
2026-07-06 15:05:16,402 INFO B[49/80] email hit none=1 profile=1 distractor=1
Setting `pad_token_id` to `eos_token_id`:151645 for open-end generation.
Setting `pad_token_id` to `eos_token_id`:151645 for open-end generation.
Setting `pad_token_id` to `eos_token_id`:151645 for open-end generation.
2026-07-06 15:05:17,908 INFO B[50/80] name hit none=1 profile=1 distractor=1
Setting `pad_token_id` to `eos_token_id`:151645 for open-end generation.
Setting `pad_token_id` to `eos_token_id`:151645 for open-end generation.
Setting `pad_token_id` to `eos_token_id`:151645 for open-end generation.
2026-07-06 15:05:18,834 INFO B[51/80] email hit none=0 profile=1 distractor=0
Setting `pad_token_id` to `eos_token_id`:151645 for open-end generation.
Setting `pad_token_id` to `eos_token_id`:151645 for open-end generation.
Setting `pad_token_id` to `eos_token_id`:151645 for open-end generation.
2026-07-06 15:05:20,721 INFO B[52/80] name hit none=1 profile=1 distractor=1
Setting `pad_token_id` to `eos_token_id`:151645 for open-end generation.
Setting `pad_token_id` to `eos_token_id`:151645 for open-end generation.
Setting `pad_token_id` to `eos_token_id`:151645 for open-end generation.
2026-07-06 15:05:21,758 INFO B[53/80] email hit none=0 profile=0 distractor=0
Setting `pad_token_id` to `eos_token_id`:151645 for open-end generation.
Setting `pad_token_id` to `eos_token_id`:151645 for open-end generation.
Setting `pad_token_id` to `eos_token_id`:151645 for open-end generation.
2026-07-06 15:05:23,511 INFO B[54/80] name hit none=1 profile=1 distractor=1
Setting `pad_token_id` to `eos_token_id`:151645 for open-end generation.
Setting `pad_token_id` to `eos_token_id`:151645 for open-end generation.
Setting `pad_token_id` to `eos_token_id`:151645 for open-end generation.
2026-07-06 15:05:24,542 INFO B[55/80] email hit none=0 profile=1 distractor=0
Setting `pad_token_id` to `eos_token_id`:151645 for open-end generation.
Setting `pad_token_id` to `eos_token_id`:151645 for open-end generation.
Setting `pad_token_id` to `eos_token_id`:151645 for open-end generation.
2026-07-06 15:05:26,356 INFO B[56/80] name hit none=1 profile=1 distractor=1
Setting `pad_token_id` to `eos_token_id`:151645 for open-end generation.
Setting `pad_token_id` to `eos_token_id`:151645 for open-end generation.
Setting `pad_token_id` to `eos_token_id`:151645 for open-end generation.
2026-07-06 15:05:27,361 INFO B[57/80] email hit none=1 profile=1 distractor=0
Setting `pad_token_id` to `eos_token_id`:151645 for open-end generation.
Setting `pad_token_id` to `eos_token_id`:151645 for open-end generation.
Setting `pad_token_id` to `eos_token_id`:151645 for open-end generation.
2026-07-06 15:05:28,785 INFO B[58/80] name hit none=1 profile=1 distractor=1
Setting `pad_token_id` to `eos_token_id`:151645 for open-end generation.
Setting `pad_token_id` to `eos_token_id`:151645 for open-end generation.
Setting `pad_token_id` to `eos_token_id`:151645 for open-end generation.
2026-07-06 15:05:29,851 INFO B[59/80] email hit none=0 profile=1 distractor=0
Setting `pad_token_id` to `eos_token_id`:151645 for open-end generation.
Setting `pad_token_id` to `eos_token_id`:151645 for open-end generation.
Setting `pad_token_id` to `eos_token_id`:151645 for open-end generation.
2026-07-06 15:05:31,751 INFO B[60/80] name hit none=1 profile=1 distractor=1
Setting `pad_token_id` to `eos_token_id`:151645 for open-end generation.
Setting `pad_token_id` to `eos_token_id`:151645 for open-end generation.
Setting `pad_token_id` to `eos_token_id`:151645 for open-end generation.
2026-07-06 15:05:32,849 INFO B[61/80] email hit none=0 profile=1 distractor=0
Setting `pad_token_id` to `eos_token_id`:151645 for open-end generation.
Setting `pad_token_id` to `eos_token_id`:151645 for open-end generation.
Setting `pad_token_id` to `eos_token_id`:151645 for open-end generation.
2026-07-06 15:05:34,516 INFO B[62/80] name hit none=1 profile=1 distractor=1
Setting `pad_token_id` to `eos_token_id`:151645 for open-end generation.
Setting `pad_token_id` to `eos_token_id`:151645 for open-end generation.
Setting `pad_token_id` to `eos_token_id`:151645 for open-end generation.
2026-07-06 15:05:35,404 INFO B[63/80] email hit none=0 profile=1 distractor=0
Setting `pad_token_id` to `eos_token_id`:151645 for open-end generation.
Setting `pad_token_id` to `eos_token_id`:151645 for open-end generation.
Setting `pad_token_id` to `eos_token_id`:151645 for open-end generation.
2026-07-06 15:05:37,098 INFO B[64/80] name hit none=1 profile=1 distractor=1
Setting `pad_token_id` to `eos_token_id`:151645 for open-end generation.
Setting `pad_token_id` to `eos_token_id`:151645 for open-end generation.
Setting `pad_token_id` to `eos_token_id`:151645 for open-end generation.
2026-07-06 15:05:38,154 INFO B[65/80] email hit none=0 profile=1 distractor=0
Setting `pad_token_id` to `eos_token_id`:151645 for open-end generation.
Setting `pad_token_id` to `eos_token_id`:151645 for open-end generation.
Setting `pad_token_id` to `eos_token_id`:151645 for open-end generation.
2026-07-06 15:05:39,521 INFO B[66/80] name hit none=1 profile=1 distractor=1
Setting `pad_token_id` to `eos_token_id`:151645 for open-end generation.
Setting `pad_token_id` to `eos_token_id`:151645 for open-end generation.
Setting `pad_token_id` to `eos_token_id`:151645 for open-end generation.
2026-07-06 15:05:40,596 INFO B[67/80] email hit none=0 profile=1 distractor=0
Setting `pad_token_id` to `eos_token_id`:151645 for open-end generation.
Setting `pad_token_id` to `eos_token_id`:151645 for open-end generation.
Setting `pad_token_id` to `eos_token_id`:151645 for open-end generation.
2026-07-06 15:05:42,609 INFO B[68/80] name hit none=1 profile=1 distractor=1
Setting `pad_token_id` to `eos_token_id`:151645 for open-end generation.
Setting `pad_token_id` to `eos_token_id`:151645 for open-end generation.
Setting `pad_token_id` to `eos_token_id`:151645 for open-end generation.
2026-07-06 15:05:43,737 INFO B[69/80] email hit none=0 profile=1 distractor=0
Setting `pad_token_id` to `eos_token_id`:151645 for open-end generation.
Setting `pad_token_id` to `eos_token_id`:151645 for open-end generation.
Setting `pad_token_id` to `eos_token_id`:151645 for open-end generation.
2026-07-06 15:05:45,725 INFO B[70/80] name hit none=1 profile=1 distractor=1
Setting `pad_token_id` to `eos_token_id`:151645 for open-end generation.
Setting `pad_token_id` to `eos_token_id`:151645 for open-end generation.
Setting `pad_token_id` to `eos_token_id`:151645 for open-end generation.
2026-07-06 15:05:46,614 INFO B[71/80] email hit none=0 profile=1 distractor=0
Setting `pad_token_id` to `eos_token_id`:151645 for open-end generation.
Setting `pad_token_id` to `eos_token_id`:151645 for open-end generation.
Setting `pad_token_id` to `eos_token_id`:151645 for open-end generation.
2026-07-06 15:05:48,109 INFO B[72/80] name hit none=1 profile=1 distractor=1
Setting `pad_token_id` to `eos_token_id`:151645 for open-end generation.
Setting `pad_token_id` to `eos_token_id`:151645 for open-end generation.
Setting `pad_token_id` to `eos_token_id`:151645 for open-end generation.
2026-07-06 15:05:49,135 INFO B[73/80] email hit none=0 profile=1 distractor=0
Setting `pad_token_id` to `eos_token_id`:151645 for open-end generation.
Setting `pad_token_id` to `eos_token_id`:151645 for open-end generation.
Setting `pad_token_id` to `eos_token_id`:151645 for open-end generation.
2026-07-06 15:05:50,713 INFO B[74/80] name hit none=1 profile=1 distractor=1
Setting `pad_token_id` to `eos_token_id`:151645 for open-end generation.
Setting `pad_token_id` to `eos_token_id`:151645 for open-end generation.
Setting `pad_token_id` to `eos_token_id`:151645 for open-end generation.
2026-07-06 15:05:51,835 INFO B[75/80] email hit none=0 profile=1 distractor=0
Setting `pad_token_id` to `eos_token_id`:151645 for open-end generation.
Setting `pad_token_id` to `eos_token_id`:151645 for open-end generation.
Setting `pad_token_id` to `eos_token_id`:151645 for open-end generation.
2026-07-06 15:05:53,487 INFO B[76/80] name hit none=1 profile=1 distractor=1
Setting `pad_token_id` to `eos_token_id`:151645 for open-end generation.
Setting `pad_token_id` to `eos_token_id`:151645 for open-end generation.
Setting `pad_token_id` to `eos_token_id`:151645 for open-end generation.
2026-07-06 15:05:54,588 INFO B[77/80] email hit none=0 profile=0 distractor=0
Setting `pad_token_id` to `eos_token_id`:151645 for open-end generation.
Setting `pad_token_id` to `eos_token_id`:151645 for open-end generation.
Setting `pad_token_id` to `eos_token_id`:151645 for open-end generation.
2026-07-06 15:05:56,565 INFO B[78/80] name hit none=1 profile=1 distractor=1
Setting `pad_token_id` to `eos_token_id`:151645 for open-end generation.
Setting `pad_token_id` to `eos_token_id`:151645 for open-end generation.
Setting `pad_token_id` to `eos_token_id`:151645 for open-end generation.
2026-07-06 15:05:57,584 INFO B[79/80] email hit none=1 profile=1 distractor=0
2026-07-06 15:05:57,584 INFO step  9000  prem=0.16 rec=0.86 | name+=1.00 email+=0.85 | intrusion=0.000
Setting `pad_token_id` to `eos_token_id`:151645 for open-end generation.
Setting `pad_token_id` to `eos_token_id`:151645 for open-end generation.
Setting `pad_token_id` to `eos_token_id`:151645 for open-end generation.
Setting `pad_token_id` to `eos_token_id`:151645 for open-end generation.
Setting `pad_token_id` to `eos_token_id`:151645 for open-end generation.
Setting `pad_token_id` to `eos_token_id`:151645 for open-end generation.
Setting `pad_token_id` to `eos_token_id`:151645 for open-end generation.
Setting `pad_token_id` to `eos_token_id`:151645 for open-end generation.
Setting `pad_token_id` to `eos_token_id`:151645 for open-end generation.
Setting `pad_token_id` to `eos_token_id`:151645 for open-end generation.
Setting `pad_token_id` to `eos_token_id`:151645 for open-end generation.
Setting `pad_token_id` to `eos_token_id`:151645 for open-end generation.
Setting `pad_token_id` to `eos_token_id`:151645 for open-end generation.
Setting `pad_token_id` to `eos_token_id`:151645 for open-end generation.
Setting `pad_token_id` to `eos_token_id`:151645 for open-end generation.
Setting `pad_token_id` to `eos_token_id`:151645 for open-end generation.
Setting `pad_token_id` to `eos_token_id`:151645 for open-end generation.
Setting `pad_token_id` to `eos_token_id`:151645 for open-end generation.
Setting `pad_token_id` to `eos_token_id`:151645 for open-end generation.
Setting `pad_token_id` to `eos_token_id`:151645 for open-end generation.
Setting `pad_token_id` to `eos_token_id`:151645 for open-end generation.
Setting `pad_token_id` to `eos_token_id`:151645 for open-end generation.
Setting `pad_token_id` to `eos_token_id`:151645 for open-end generation.
Setting `pad_token_id` to `eos_token_id`:151645 for open-end generation.
Setting `pad_token_id` to `eos_token_id`:151645 for open-end generation.
Setting `pad_token_id` to `eos_token_id`:151645 for open-end generation.
Setting `pad_token_id` to `eos_token_id`:151645 for open-end generation.
Setting `pad_token_id` to `eos_token_id`:151645 for open-end generation.
Setting `pad_token_id` to `eos_token_id`:151645 for open-end generation.
Setting `pad_token_id` to `eos_token_id`:151645 for open-end generation.
Setting `pad_token_id` to `eos_token_id`:151645 for open-end generation.
Setting `pad_token_id` to `eos_token_id`:151645 for open-end generation.
Setting `pad_token_id` to `eos_token_id`:151645 for open-end generation.
Setting `pad_token_id` to `eos_token_id`:151645 for open-end generation.
Setting `pad_token_id` to `eos_token_id`:151645 for open-end generation.
Setting `pad_token_id` to `eos_token_id`:151645 for open-end generation.
Setting `pad_token_id` to `eos_token_id`:151645 for open-end generation.
Setting `pad_token_id` to `eos_token_id`:151645 for open-end generation.
Setting `pad_token_id` to `eos_token_id`:151645 for open-end generation.
Setting `pad_token_id` to `eos_token_id`:151645 for open-end generation.
Setting `pad_token_id` to `eos_token_id`:151645 for open-end generation.
Setting `pad_token_id` to `eos_token_id`:151645 for open-end generation.
Setting `pad_token_id` to `eos_token_id`:151645 for open-end generation.
Setting `pad_token_id` to `eos_token_id`:151645 for open-end generation.
Setting `pad_token_id` to `eos_token_id`:151645 for open-end generation.
Setting `pad_token_id` to `eos_token_id`:151645 for open-end generation.
Setting `pad_token_id` to `eos_token_id`:151645 for open-end generation.
Setting `pad_token_id` to `eos_token_id`:151645 for open-end generation.
Setting `pad_token_id` to `eos_token_id`:151645 for open-end generation.
Setting `pad_token_id` to `eos_token_id`:151645 for open-end generation.
Setting `pad_token_id` to `eos_token_id`:151645 for open-end generation.
Setting `pad_token_id` to `eos_token_id`:151645 for open-end generation.
Setting `pad_token_id` to `eos_token_id`:151645 for open-end generation.
Setting `pad_token_id` to `eos_token_id`:151645 for open-end generation.
Setting `pad_token_id` to `eos_token_id`:151645 for open-end generation.
Setting `pad_token_id` to `eos_token_id`:151645 for open-end generation.
Setting `pad_token_id` to `eos_token_id`:151645 for open-end generation.
Setting `pad_token_id` to `eos_token_id`:151645 for open-end generation.
Setting `pad_token_id` to `eos_token_id`:151645 for open-end generation.
Setting `pad_token_id` to `eos_token_id`:151645 for open-end generation.
Setting `pad_token_id` to `eos_token_id`:151645 for open-end generation.
Setting `pad_token_id` to `eos_token_id`:151645 for open-end generation.
Setting `pad_token_id` to `eos_token_id`:151645 for open-end generation.
Setting `pad_token_id` to `eos_token_id`:151645 for open-end generation.
Setting `pad_token_id` to `eos_token_id`:151645 for open-end generation.
Setting `pad_token_id` to `eos_token_id`:151645 for open-end generation.
Setting `pad_token_id` to `eos_token_id`:151645 for open-end generation.
Setting `pad_token_id` to `eos_token_id`:151645 for open-end generation.
Setting `pad_token_id` to `eos_token_id`:151645 for open-end generation.
Setting `pad_token_id` to `eos_token_id`:151645 for open-end generation.
Setting `pad_token_id` to `eos_token_id`:151645 for open-end generation.
Setting `pad_token_id` to `eos_token_id`:151645 for open-end generation.
Setting `pad_token_id` to `eos_token_id`:151645 for open-end generation.
Setting `pad_token_id` to `eos_token_id`:151645 for open-end generation.
Setting `pad_token_id` to `eos_token_id`:151645 for open-end generation.
Setting `pad_token_id` to `eos_token_id`:151645 for open-end generation.
Setting `pad_token_id` to `eos_token_id`:151645 for open-end generation.
Setting `pad_token_id` to `eos_token_id`:151645 for open-end generation.
Setting `pad_token_id` to `eos_token_id`:151645 for open-end generation.
Setting `pad_token_id` to `eos_token_id`:151645 for open-end generation.
Setting `pad_token_id` to `eos_token_id`:151645 for open-end generation.
Setting `pad_token_id` to `eos_token_id`:151645 for open-end generation.
Setting `pad_token_id` to `eos_token_id`:151645 for open-end generation.
Setting `pad_token_id` to `eos_token_id`:151645 for open-end generation.
Setting `pad_token_id` to `eos_token_id`:151645 for open-end generation.
Setting `pad_token_id` to `eos_token_id`:151645 for open-end generation.
Setting `pad_token_id` to `eos_token_id`:151645 for open-end generation.
Setting `pad_token_id` to `eos_token_id`:151645 for open-end generation.
Setting `pad_token_id` to `eos_token_id`:151645 for open-end generation.
Setting `pad_token_id` to `eos_token_id`:151645 for open-end generation.
Setting `pad_token_id` to `eos_token_id`:151645 for open-end generation.
Setting `pad_token_id` to `eos_token_id`:151645 for open-end generation.
Setting `pad_token_id` to `eos_token_id`:151645 for open-end generation.
Setting `pad_token_id` to `eos_token_id`:151645 for open-end generation.
Setting `pad_token_id` to `eos_token_id`:151645 for open-end generation.
Setting `pad_token_id` to `eos_token_id`:151645 for open-end generation.
Setting `pad_token_id` to `eos_token_id`:151645 for open-end generation.
Setting `pad_token_id` to `eos_token_id`:151645 for open-end generation.
Setting `pad_token_id` to `eos_token_id`:151645 for open-end generation.
Setting `pad_token_id` to `eos_token_id`:151645 for open-end generation.
Setting `pad_token_id` to `eos_token_id`:151645 for open-end generation.
Setting `pad_token_id` to `eos_token_id`:151645 for open-end generation.
Setting `pad_token_id` to `eos_token_id`:151645 for open-end generation.
Setting `pad_token_id` to `eos_token_id`:151645 for open-end generation.
Setting `pad_token_id` to `eos_token_id`:151645 for open-end generation.
Setting `pad_token_id` to `eos_token_id`:151645 for open-end generation.
Setting `pad_token_id` to `eos_token_id`:151645 for open-end generation.
Setting `pad_token_id` to `eos_token_id`:151645 for open-end generation.
Setting `pad_token_id` to `eos_token_id`:151645 for open-end generation.
Setting `pad_token_id` to `eos_token_id`:151645 for open-end generation.
Setting `pad_token_id` to `eos_token_id`:151645 for open-end generation.
Setting `pad_token_id` to `eos_token_id`:151645 for open-end generation.
Setting `pad_token_id` to `eos_token_id`:151645 for open-end generation.
Setting `pad_token_id` to `eos_token_id`:151645 for open-end generation.
Setting `pad_token_id` to `eos_token_id`:151645 for open-end generation.
Setting `pad_token_id` to `eos_token_id`:151645 for open-end generation.
Setting `pad_token_id` to `eos_token_id`:151645 for open-end generation.
Setting `pad_token_id` to `eos_token_id`:151645 for open-end generation.
Setting `pad_token_id` to `eos_token_id`:151645 for open-end generation.
Setting `pad_token_id` to `eos_token_id`:151645 for open-end generation.
Setting `pad_token_id` to `eos_token_id`:151645 for open-end generation.
Setting `pad_token_id` to `eos_token_id`:151645 for open-end generation.
Setting `pad_token_id` to `eos_token_id`:151645 for open-end generation.
Setting `pad_token_id` to `eos_token_id`:151645 for open-end generation.
Setting `pad_token_id` to `eos_token_id`:151645 for open-end generation.
Setting `pad_token_id` to `eos_token_id`:151645 for open-end generation.
Setting `pad_token_id` to `eos_token_id`:151645 for open-end generation.
Setting `pad_token_id` to `eos_token_id`:151645 for open-end generation.
Setting `pad_token_id` to `eos_token_id`:151645 for open-end generation.
Setting `pad_token_id` to `eos_token_id`:151645 for open-end generation.
Setting `pad_token_id` to `eos_token_id`:151645 for open-end generation.
Setting `pad_token_id` to `eos_token_id`:151645 for open-end generation.
Setting `pad_token_id` to `eos_token_id`:151645 for open-end generation.
Setting `pad_token_id` to `eos_token_id`:151645 for open-end generation.
Setting `pad_token_id` to `eos_token_id`:151645 for open-end generation.
Setting `pad_token_id` to `eos_token_id`:151645 for open-end generation.
Setting `pad_token_id` to `eos_token_id`:151645 for open-end generation.
Setting `pad_token_id` to `eos_token_id`:151645 for open-end generation.
Setting `pad_token_id` to `eos_token_id`:151645 for open-end generation.
Setting `pad_token_id` to `eos_token_id`:151645 for open-end generation.
Setting `pad_token_id` to `eos_token_id`:151645 for open-end generation.
Setting `pad_token_id` to `eos_token_id`:151645 for open-end generation.
Setting `pad_token_id` to `eos_token_id`:151645 for open-end generation.
Setting `pad_token_id` to `eos_token_id`:151645 for open-end generation.
Setting `pad_token_id` to `eos_token_id`:151645 for open-end generation.
Setting `pad_token_id` to `eos_token_id`:151645 for open-end generation.
Setting `pad_token_id` to `eos_token_id`:151645 for open-end generation.
Setting `pad_token_id` to `eos_token_id`:151645 for open-end generation.
Setting `pad_token_id` to `eos_token_id`:151645 for open-end generation.
Setting `pad_token_id` to `eos_token_id`:151645 for open-end generation.
Setting `pad_token_id` to `eos_token_id`:151645 for open-end generation.
Setting `pad_token_id` to `eos_token_id`:151645 for open-end generation.
Setting `pad_token_id` to `eos_token_id`:151645 for open-end generation.
Setting `pad_token_id` to `eos_token_id`:151645 for open-end generation.
Setting `pad_token_id` to `eos_token_id`:151645 for open-end generation.
Setting `pad_token_id` to `eos_token_id`:151645 for open-end generation.
Setting `pad_token_id` to `eos_token_id`:151645 for open-end generation.
Setting `pad_token_id` to `eos_token_id`:151645 for open-end generation.
Setting `pad_token_id` to `eos_token_id`:151645 for open-end generation.
Setting `pad_token_id` to `eos_token_id`:151645 for open-end generation.
Setting `pad_token_id` to `eos_token_id`:151645 for open-end generation.
Setting `pad_token_id` to `eos_token_id`:151645 for open-end generation.
Setting `pad_token_id` to `eos_token_id`:151645 for open-end generation.
Setting `pad_token_id` to `eos_token_id`:151645 for open-end generation.
Setting `pad_token_id` to `eos_token_id`:151645 for open-end generation.
Setting `pad_token_id` to `eos_token_id`:151645 for open-end generation.
Setting `pad_token_id` to `eos_token_id`:151645 for open-end generation.
Setting `pad_token_id` to `eos_token_id`:151645 for open-end generation.
Setting `pad_token_id` to `eos_token_id`:151645 for open-end generation.
Setting `pad_token_id` to `eos_token_id`:151645 for open-end generation.
Setting `pad_token_id` to `eos_token_id`:151645 for open-end generation.
Setting `pad_token_id` to `eos_token_id`:151645 for open-end generation.
Setting `pad_token_id` to `eos_token_id`:151645 for open-end generation.
Setting `pad_token_id` to `eos_token_id`:151645 for open-end generation.
Setting `pad_token_id` to `eos_token_id`:151645 for open-end generation.
Setting `pad_token_id` to `eos_token_id`:151645 for open-end generation.
Setting `pad_token_id` to `eos_token_id`:151645 for open-end generation.
Setting `pad_token_id` to `eos_token_id`:151645 for open-end generation.
Setting `pad_token_id` to `eos_token_id`:151645 for open-end generation.
Setting `pad_token_id` to `eos_token_id`:151645 for open-end generation.
Setting `pad_token_id` to `eos_token_id`:151645 for open-end generation.
Setting `pad_token_id` to `eos_token_id`:151645 for open-end generation.
Setting `pad_token_id` to `eos_token_id`:151645 for open-end generation.
Setting `pad_token_id` to `eos_token_id`:151645 for open-end generation.
Setting `pad_token_id` to `eos_token_id`:151645 for open-end generation.
Setting `pad_token_id` to `eos_token_id`:151645 for open-end generation.
Setting `pad_token_id` to `eos_token_id`:151645 for open-end generation.
Setting `pad_token_id` to `eos_token_id`:151645 for open-end generation.
Setting `pad_token_id` to `eos_token_id`:151645 for open-end generation.
Setting `pad_token_id` to `eos_token_id`:151645 for open-end generation.
Setting `pad_token_id` to `eos_token_id`:151645 for open-end generation.
Setting `pad_token_id` to `eos_token_id`:151645 for open-end generation.
Setting `pad_token_id` to `eos_token_id`:151645 for open-end generation.
Setting `pad_token_id` to `eos_token_id`:151645 for open-end generation.
Setting `pad_token_id` to `eos_token_id`:151645 for open-end generation.
Setting `pad_token_id` to `eos_token_id`:151645 for open-end generation.
Setting `pad_token_id` to `eos_token_id`:151645 for open-end generation.
Setting `pad_token_id` to `eos_token_id`:151645 for open-end generation.
Setting `pad_token_id` to `eos_token_id`:151645 for open-end generation.
Setting `pad_token_id` to `eos_token_id`:151645 for open-end generation.
Setting `pad_token_id` to `eos_token_id`:151645 for open-end generation.
Setting `pad_token_id` to `eos_token_id`:151645 for open-end generation.
Setting `pad_token_id` to `eos_token_id`:151645 for open-end generation.
Setting `pad_token_id` to `eos_token_id`:151645 for open-end generation.
Setting `pad_token_id` to `eos_token_id`:151645 for open-end generation.
Setting `pad_token_id` to `eos_token_id`:151645 for open-end generation.
Setting `pad_token_id` to `eos_token_id`:151645 for open-end generation.
Setting `pad_token_id` to `eos_token_id`:151645 for open-end generation.
Setting `pad_token_id` to `eos_token_id`:151645 for open-end generation.
Setting `pad_token_id` to `eos_token_id`:151645 for open-end generation.
Setting `pad_token_id` to `eos_token_id`:151645 for open-end generation.
Setting `pad_token_id` to `eos_token_id`:151645 for open-end generation.
Setting `pad_token_id` to `eos_token_id`:151645 for open-end generation.
Setting `pad_token_id` to `eos_token_id`:151645 for open-end generation.
Setting `pad_token_id` to `eos_token_id`:151645 for open-end generation.
Setting `pad_token_id` to `eos_token_id`:151645 for open-end generation.
Setting `pad_token_id` to `eos_token_id`:151645 for open-end generation.
Setting `pad_token_id` to `eos_token_id`:151645 for open-end generation.
Setting `pad_token_id` to `eos_token_id`:151645 for open-end generation.
Setting `pad_token_id` to `eos_token_id`:151645 for open-end generation.
Setting `pad_token_id` to `eos_token_id`:151645 for open-end generation.
Setting `pad_token_id` to `eos_token_id`:151645 for open-end generation.
Setting `pad_token_id` to `eos_token_id`:151645 for open-end generation.
Setting `pad_token_id` to `eos_token_id`:151645 for open-end generation.
Setting `pad_token_id` to `eos_token_id`:151645 for open-end generation.
Setting `pad_token_id` to `eos_token_id`:151645 for open-end generation.
Setting `pad_token_id` to `eos_token_id`:151645 for open-end generation.
Setting `pad_token_id` to `eos_token_id`:151645 for open-end generation.
Setting `pad_token_id` to `eos_token_id`:151645 for open-end generation.
Setting `pad_token_id` to `eos_token_id`:151645 for open-end generation.
Setting `pad_token_id` to `eos_token_id`:151645 for open-end generation.
Setting `pad_token_id` to `eos_token_id`:151645 for open-end generation.
Setting `pad_token_id` to `eos_token_id`:151645 for open-end generation.
Setting `pad_token_id` to `eos_token_id`:151645 for open-end generation.
Setting `pad_token_id` to `eos_token_id`:151645 for open-end generation.
Setting `pad_token_id` to `eos_token_id`:151645 for open-end generation.
Setting `pad_token_id` to `eos_token_id`:151645 for open-end generation.
Setting `pad_token_id` to `eos_token_id`:151645 for open-end generation.
Setting `pad_token_id` to `eos_token_id`:151645 for open-end generation.
Setting `pad_token_id` to `eos_token_id`:151645 for open-end generation.
Setting `pad_token_id` to `eos_token_id`:151645 for open-end generation.
Setting `pad_token_id` to `eos_token_id`:151645 for open-end generation.
Setting `pad_token_id` to `eos_token_id`:151645 for open-end generation.
Setting `pad_token_id` to `eos_token_id`:151645 for open-end generation.
Setting `pad_token_id` to `eos_token_id`:151645 for open-end generation.
Setting `pad_token_id` to `eos_token_id`:151645 for open-end generation.
Setting `pad_token_id` to `eos_token_id`:151645 for open-end generation.
Setting `pad_token_id` to `eos_token_id`:151645 for open-end generation.
Setting `pad_token_id` to `eos_token_id`:151645 for open-end generation.
Setting `pad_token_id` to `eos_token_id`:151645 for open-end generation.
Setting `pad_token_id` to `eos_token_id`:151645 for open-end generation.
Setting `pad_token_id` to `eos_token_id`:151645 for open-end generation.
Setting `pad_token_id` to `eos_token_id`:151645 for open-end generation.
Setting `pad_token_id` to `eos_token_id`:151645 for open-end generation.
Setting `pad_token_id` to `eos_token_id`:151645 for open-end generation.
Setting `pad_token_id` to `eos_token_id`:151645 for open-end generation.
Setting `pad_token_id` to `eos_token_id`:151645 for open-end generation.
Setting `pad_token_id` to `eos_token_id`:151645 for open-end generation.
Setting `pad_token_id` to `eos_token_id`:151645 for open-end generation.
Setting `pad_token_id` to `eos_token_id`:151645 for open-end generation.
Setting `pad_token_id` to `eos_token_id`:151645 for open-end generation.
Setting `pad_token_id` to `eos_token_id`:151645 for open-end generation.
Setting `pad_token_id` to `eos_token_id`:151645 for open-end generation.
Setting `pad_token_id` to `eos_token_id`:151645 for open-end generation.
Setting `pad_token_id` to `eos_token_id`:151645 for open-end generation.
Setting `pad_token_id` to `eos_token_id`:151645 for open-end generation.
Setting `pad_token_id` to `eos_token_id`:151645 for open-end generation.
Setting `pad_token_id` to `eos_token_id`:151645 for open-end generation.
Setting `pad_token_id` to `eos_token_id`:151645 for open-end generation.
Setting `pad_token_id` to `eos_token_id`:151645 for open-end generation.
Setting `pad_token_id` to `eos_token_id`:151645 for open-end generation.
Setting `pad_token_id` to `eos_token_id`:151645 for open-end generation.
Setting `pad_token_id` to `eos_token_id`:151645 for open-end generation.
Setting `pad_token_id` to `eos_token_id`:151645 for open-end generation.
Setting `pad_token_id` to `eos_token_id`:151645 for open-end generation.
Setting `pad_token_id` to `eos_token_id`:151645 for open-end generation.
Setting `pad_token_id` to `eos_token_id`:151645 for open-end generation.
Setting `pad_token_id` to `eos_token_id`:151645 for open-end generation.
Setting `pad_token_id` to `eos_token_id`:151645 for open-end generation.
Setting `pad_token_id` to `eos_token_id`:151645 for open-end generation.
Setting `pad_token_id` to `eos_token_id`:151645 for open-end generation.
Setting `pad_token_id` to `eos_token_id`:151645 for open-end generation.
Setting `pad_token_id` to `eos_token_id`:151645 for open-end generation.
Setting `pad_token_id` to `eos_token_id`:151645 for open-end generation.
Setting `pad_token_id` to `eos_token_id`:151645 for open-end generation.
Setting `pad_token_id` to `eos_token_id`:151645 for open-end generation.
Setting `pad_token_id` to `eos_token_id`:151645 for open-end generation.
Setting `pad_token_id` to `eos_token_id`:151645 for open-end generation.
Setting `pad_token_id` to `eos_token_id`:151645 for open-end generation.
Setting `pad_token_id` to `eos_token_id`:151645 for open-end generation.
Setting `pad_token_id` to `eos_token_id`:151645 for open-end generation.
Setting `pad_token_id` to `eos_token_id`:151645 for open-end generation.
Setting `pad_token_id` to `eos_token_id`:151645 for open-end generation.
Setting `pad_token_id` to `eos_token_id`:151645 for open-end generation.
Setting `pad_token_id` to `eos_token_id`:151645 for open-end generation.
Setting `pad_token_id` to `eos_token_id`:151645 for open-end generation.
Setting `pad_token_id` to `eos_token_id`:151645 for open-end generation.
Setting `pad_token_id` to `eos_token_id`:151645 for open-end generation.
Setting `pad_token_id` to `eos_token_id`:151645 for open-end generation.
Setting `pad_token_id` to `eos_token_id`:151645 for open-end generation.
Setting `pad_token_id` to `eos_token_id`:151645 for open-end generation.
Setting `pad_token_id` to `eos_token_id`:151645 for open-end generation.
Setting `pad_token_id` to `eos_token_id`:151645 for open-end generation.
Setting `pad_token_id` to `eos_token_id`:151645 for open-end generation.
Setting `pad_token_id` to `eos_token_id`:151645 for open-end generation.
Setting `pad_token_id` to `eos_token_id`:151645 for open-end generation.
Setting `pad_token_id` to `eos_token_id`:151645 for open-end generation.
Setting `pad_token_id` to `eos_token_id`:151645 for open-end generation.
Setting `pad_token_id` to `eos_token_id`:151645 for open-end generation.
Setting `pad_token_id` to `eos_token_id`:151645 for open-end generation.
Setting `pad_token_id` to `eos_token_id`:151645 for open-end generation.
Setting `pad_token_id` to `eos_token_id`:151645 for open-end generation.
Setting `pad_token_id` to `eos_token_id`:151645 for open-end generation.
Setting `pad_token_id` to `eos_token_id`:151645 for open-end generation.
Setting `pad_token_id` to `eos_token_id`:151645 for open-end generation.
Setting `pad_token_id` to `eos_token_id`:151645 for open-end generation.
Setting `pad_token_id` to `eos_token_id`:151645 for open-end generation.
Setting `pad_token_id` to `eos_token_id`:151645 for open-end generation.
Setting `pad_token_id` to `eos_token_id`:151645 for open-end generation.
Setting `pad_token_id` to `eos_token_id`:151645 for open-end generation.
Setting `pad_token_id` to `eos_token_id`:151645 for open-end generation.
Setting `pad_token_id` to `eos_token_id`:151645 for open-end generation.
Setting `pad_token_id` to `eos_token_id`:151645 for open-end generation.
Setting `pad_token_id` to `eos_token_id`:151645 for open-end generation.
Setting `pad_token_id` to `eos_token_id`:151645 for open-end generation.
Setting `pad_token_id` to `eos_token_id`:151645 for open-end generation.
Setting `pad_token_id` to `eos_token_id`:151645 for open-end generation.
Setting `pad_token_id` to `eos_token_id`:151645 for open-end generation.
Setting `pad_token_id` to `eos_token_id`:151645 for open-end generation.
Setting `pad_token_id` to `eos_token_id`:151645 for open-end generation.
Setting `pad_token_id` to `eos_token_id`:151645 for open-end generation.
Setting `pad_token_id` to `eos_token_id`:151645 for open-end generation.
Setting `pad_token_id` to `eos_token_id`:151645 for open-end generation.
Setting `pad_token_id` to `eos_token_id`:151645 for open-end generation.
Setting `pad_token_id` to `eos_token_id`:151645 for open-end generation.
Setting `pad_token_id` to `eos_token_id`:151645 for open-end generation.
Setting `pad_token_id` to `eos_token_id`:151645 for open-end generation.
Setting `pad_token_id` to `eos_token_id`:151645 for open-end generation.
Setting `pad_token_id` to `eos_token_id`:151645 for open-end generation.
Setting `pad_token_id` to `eos_token_id`:151645 for open-end generation.
Setting `pad_token_id` to `eos_token_id`:151645 for open-end generation.
Setting `pad_token_id` to `eos_token_id`:151645 for open-end generation.
Setting `pad_token_id` to `eos_token_id`:151645 for open-end generation.
Setting `pad_token_id` to `eos_token_id`:151645 for open-end generation.
Setting `pad_token_id` to `eos_token_id`:151645 for open-end generation.
Setting `pad_token_id` to `eos_token_id`:151645 for open-end generation.
Setting `pad_token_id` to `eos_token_id`:151645 for open-end generation.
Setting `pad_token_id` to `eos_token_id`:151645 for open-end generation.
Setting `pad_token_id` to `eos_token_id`:151645 for open-end generation.
Setting `pad_token_id` to `eos_token_id`:151645 for open-end generation.
Setting `pad_token_id` to `eos_token_id`:151645 for open-end generation.
Setting `pad_token_id` to `eos_token_id`:151645 for open-end generation.
Setting `pad_token_id` to `eos_token_id`:151645 for open-end generation.
Setting `pad_token_id` to `eos_token_id`:151645 for open-end generation.
Setting `pad_token_id` to `eos_token_id`:151645 for open-end generation.
Setting `pad_token_id` to `eos_token_id`:151645 for open-end generation.
Setting `pad_token_id` to `eos_token_id`:151645 for open-end generation.
Setting `pad_token_id` to `eos_token_id`:151645 for open-end generation.
Setting `pad_token_id` to `eos_token_id`:151645 for open-end generation.
Setting `pad_token_id` to `eos_token_id`:151645 for open-end generation.
Setting `pad_token_id` to `eos_token_id`:151645 for open-end generation.
Setting `pad_token_id` to `eos_token_id`:151645 for open-end generation.
Setting `pad_token_id` to `eos_token_id`:151645 for open-end generation.
Setting `pad_token_id` to `eos_token_id`:151645 for open-end generation.
Setting `pad_token_id` to `eos_token_id`:151645 for open-end generation.
Setting `pad_token_id` to `eos_token_id`:151645 for open-end generation.
Setting `pad_token_id` to `eos_token_id`:151645 for open-end generation.
Setting `pad_token_id` to `eos_token_id`:151645 for open-end generation.
Setting `pad_token_id` to `eos_token_id`:151645 for open-end generation.
Setting `pad_token_id` to `eos_token_id`:151645 for open-end generation.
Setting `pad_token_id` to `eos_token_id`:151645 for open-end generation.
Setting `pad_token_id` to `eos_token_id`:151645 for open-end generation.
Setting `pad_token_id` to `eos_token_id`:151645 for open-end generation.
Setting `pad_token_id` to `eos_token_id`:151645 for open-end generation.
Setting `pad_token_id` to `eos_token_id`:151645 for open-end generation.
Setting `pad_token_id` to `eos_token_id`:151645 for open-end generation.
Setting `pad_token_id` to `eos_token_id`:151645 for open-end generation.
Setting `pad_token_id` to `eos_token_id`:151645 for open-end generation.
Setting `pad_token_id` to `eos_token_id`:151645 for open-end generation.
Setting `pad_token_id` to `eos_token_id`:151645 for open-end generation.
Setting `pad_token_id` to `eos_token_id`:151645 for open-end generation.
Setting `pad_token_id` to `eos_token_id`:151645 for open-end generation.
Setting `pad_token_id` to `eos_token_id`:151645 for open-end generation.
Setting `pad_token_id` to `eos_token_id`:151645 for open-end generation.
Setting `pad_token_id` to `eos_token_id`:151645 for open-end generation.
Setting `pad_token_id` to `eos_token_id`:151645 for open-end generation.
Setting `pad_token_id` to `eos_token_id`:151645 for open-end generation.
Setting `pad_token_id` to `eos_token_id`:151645 for open-end generation.
Setting `pad_token_id` to `eos_token_id`:151645 for open-end generation.
Setting `pad_token_id` to `eos_token_id`:151645 for open-end generation.
Setting `pad_token_id` to `eos_token_id`:151645 for open-end generation.
Setting `pad_token_id` to `eos_token_id`:151645 for open-end generation.
Setting `pad_token_id` to `eos_token_id`:151645 for open-end generation.
Setting `pad_token_id` to `eos_token_id`:151645 for open-end generation.
Setting `pad_token_id` to `eos_token_id`:151645 for open-end generation.
Setting `pad_token_id` to `eos_token_id`:151645 for open-end generation.
Setting `pad_token_id` to `eos_token_id`:151645 for open-end generation.
Setting `pad_token_id` to `eos_token_id`:151645 for open-end generation.
Setting `pad_token_id` to `eos_token_id`:151645 for open-end generation.
Setting `pad_token_id` to `eos_token_id`:151645 for open-end generation.
Setting `pad_token_id` to `eos_token_id`:151645 for open-end generation.
Setting `pad_token_id` to `eos_token_id`:151645 for open-end generation.
Setting `pad_token_id` to `eos_token_id`:151645 for open-end generation.
Setting `pad_token_id` to `eos_token_id`:151645 for open-end generation.
Setting `pad_token_id` to `eos_token_id`:151645 for open-end generation.
Setting `pad_token_id` to `eos_token_id`:151645 for open-end generation.
Setting `pad_token_id` to `eos_token_id`:151645 for open-end generation.
Setting `pad_token_id` to `eos_token_id`:151645 for open-end generation.
Setting `pad_token_id` to `eos_token_id`:151645 for open-end generation.
Setting `pad_token_id` to `eos_token_id`:151645 for open-end generation.
Setting `pad_token_id` to `eos_token_id`:151645 for open-end generation.
Setting `pad_token_id` to `eos_token_id`:151645 for open-end generation.
Setting `pad_token_id` to `eos_token_id`:151645 for open-end generation.
Setting `pad_token_id` to `eos_token_id`:151645 for open-end generation.
Setting `pad_token_id` to `eos_token_id`:151645 for open-end generation.
Setting `pad_token_id` to `eos_token_id`:151645 for open-end generation.
Setting `pad_token_id` to `eos_token_id`:151645 for open-end generation.
Setting `pad_token_id` to `eos_token_id`:151645 for open-end generation.
Setting `pad_token_id` to `eos_token_id`:151645 for open-end generation.
Setting `pad_token_id` to `eos_token_id`:151645 for open-end generation.
Setting `pad_token_id` to `eos_token_id`:151645 for open-end generation.
Setting `pad_token_id` to `eos_token_id`:151645 for open-end generation.
Setting `pad_token_id` to `eos_token_id`:151645 for open-end generation.
Setting `pad_token_id` to `eos_token_id`:151645 for open-end generation.
Setting `pad_token_id` to `eos_token_id`:151645 for open-end generation.
Setting `pad_token_id` to `eos_token_id`:151645 for open-end generation.
Setting `pad_token_id` to `eos_token_id`:151645 for open-end generation.
Setting `pad_token_id` to `eos_token_id`:151645 for open-end generation.
Setting `pad_token_id` to `eos_token_id`:151645 for open-end generation.
Setting `pad_token_id` to `eos_token_id`:151645 for open-end generation.
Setting `pad_token_id` to `eos_token_id`:151645 for open-end generation.
Setting `pad_token_id` to `eos_token_id`:151645 for open-end generation.
Setting `pad_token_id` to `eos_token_id`:151645 for open-end generation.
Setting `pad_token_id` to `eos_token_id`:151645 for open-end generation.
Setting `pad_token_id` to `eos_token_id`:151645 for open-end generation.
Setting `pad_token_id` to `eos_token_id`:151645 for open-end generation.
Setting `pad_token_id` to `eos_token_id`:151645 for open-end generation.
Setting `pad_token_id` to `eos_token_id`:151645 for open-end generation.
Setting `pad_token_id` to `eos_token_id`:151645 for open-end generation.
Setting `pad_token_id` to `eos_token_id`:151645 for open-end generation.
Setting `pad_token_id` to `eos_token_id`:151645 for open-end generation.
Setting `pad_token_id` to `eos_token_id`:151645 for open-end generation.
Setting `pad_token_id` to `eos_token_id`:151645 for open-end generation.
Setting `pad_token_id` to `eos_token_id`:151645 for open-end generation.
Setting `pad_token_id` to `eos_token_id`:151645 for open-end generation.
Setting `pad_token_id` to `eos_token_id`:151645 for open-end generation.
Setting `pad_token_id` to `eos_token_id`:151645 for open-end generation.
Setting `pad_token_id` to `eos_token_id`:151645 for open-end generation.
Setting `pad_token_id` to `eos_token_id`:151645 for open-end generation.
Setting `pad_token_id` to `eos_token_id`:151645 for open-end generation.
Setting `pad_token_id` to `eos_token_id`:151645 for open-end generation.
Setting `pad_token_id` to `eos_token_id`:151645 for open-end generation.
Setting `pad_token_id` to `eos_token_id`:151645 for open-end generation.
Setting `pad_token_id` to `eos_token_id`:151645 for open-end generation.
Setting `pad_token_id` to `eos_token_id`:151645 for open-end generation.
Setting `pad_token_id` to `eos_token_id`:151645 for open-end generation.
Setting `pad_token_id` to `eos_token_id`:151645 for open-end generation.
Setting `pad_token_id` to `eos_token_id`:151645 for open-end generation.
Setting `pad_token_id` to `eos_token_id`:151645 for open-end generation.
Setting `pad_token_id` to `eos_token_id`:151645 for open-end generation.
Setting `pad_token_id` to `eos_token_id`:151645 for open-end generation.
Setting `pad_token_id` to `eos_token_id`:151645 for open-end generation.
Setting `pad_token_id` to `eos_token_id`:151645 for open-end generation.
Setting `pad_token_id` to `eos_token_id`:151645 for open-end generation.
Setting `pad_token_id` to `eos_token_id`:151645 for open-end generation.
Setting `pad_token_id` to `eos_token_id`:151645 for open-end generation.
Setting `pad_token_id` to `eos_token_id`:151645 for open-end generation.
Setting `pad_token_id` to `eos_token_id`:151645 for open-end generation.
Setting `pad_token_id` to `eos_token_id`:151645 for open-end generation.
Setting `pad_token_id` to `eos_token_id`:151645 for open-end generation.
Setting `pad_token_id` to `eos_token_id`:151645 for open-end generation.
Setting `pad_token_id` to `eos_token_id`:151645 for open-end generation.
Setting `pad_token_id` to `eos_token_id`:151645 for open-end generation.
Setting `pad_token_id` to `eos_token_id`:151645 for open-end generation.
Setting `pad_token_id` to `eos_token_id`:151645 for open-end generation.
Setting `pad_token_id` to `eos_token_id`:151645 for open-end generation.
Setting `pad_token_id` to `eos_token_id`:151645 for open-end generation.
Setting `pad_token_id` to `eos_token_id`:151645 for open-end generation.
Setting `pad_token_id` to `eos_token_id`:151645 for open-end generation.
Setting `pad_token_id` to `eos_token_id`:151645 for open-end generation.
Setting `pad_token_id` to `eos_token_id`:151645 for open-end generation.
Setting `pad_token_id` to `eos_token_id`:151645 for open-end generation.
Setting `pad_token_id` to `eos_token_id`:151645 for open-end generation.
Setting `pad_token_id` to `eos_token_id`:151645 for open-end generation.
Setting `pad_token_id` to `eos_token_id`:151645 for open-end generation.
Setting `pad_token_id` to `eos_token_id`:151645 for open-end generation.
Setting `pad_token_id` to `eos_token_id`:151645 for open-end generation.
Setting `pad_token_id` to `eos_token_id`:151645 for open-end generation.
Setting `pad_token_id` to `eos_token_id`:151645 for open-end generation.
Setting `pad_token_id` to `eos_token_id`:151645 for open-end generation.
Setting `pad_token_id` to `eos_token_id`:151645 for open-end generation.
Setting `pad_token_id` to `eos_token_id`:151645 for open-end generation.
Setting `pad_token_id` to `eos_token_id`:151645 for open-end generation.
Setting `pad_token_id` to `eos_token_id`:151645 for open-end generation.
Setting `pad_token_id` to `eos_token_id`:151645 for open-end generation.
Setting `pad_token_id` to `eos_token_id`:151645 for open-end generation.
Setting `pad_token_id` to `eos_token_id`:151645 for open-end generation.
Setting `pad_token_id` to `eos_token_id`:151645 for open-end generation.
Setting `pad_token_id` to `eos_token_id`:151645 for open-end generation.
Setting `pad_token_id` to `eos_token_id`:151645 for open-end generation.
Setting `pad_token_id` to `eos_token_id`:151645 for open-end generation.
Setting `pad_token_id` to `eos_token_id`:151645 for open-end generation.
Setting `pad_token_id` to `eos_token_id`:151645 for open-end generation.
Setting `pad_token_id` to `eos_token_id`:151645 for open-end generation.
Setting `pad_token_id` to `eos_token_id`:151645 for open-end generation.
Setting `pad_token_id` to `eos_token_id`:151645 for open-end generation.
Setting `pad_token_id` to `eos_token_id`:151645 for open-end generation.
Setting `pad_token_id` to `eos_token_id`:151645 for open-end generation.
Setting `pad_token_id` to `eos_token_id`:151645 for open-end generation.
Setting `pad_token_id` to `eos_token_id`:151645 for open-end generation.
Setting `pad_token_id` to `eos_token_id`:151645 for open-end generation.
Setting `pad_token_id` to `eos_token_id`:151645 for open-end generation.
Setting `pad_token_id` to `eos_token_id`:151645 for open-end generation.
Setting `pad_token_id` to `eos_token_id`:151645 for open-end generation.
Setting `pad_token_id` to `eos_token_id`:151645 for open-end generation.
Setting `pad_token_id` to `eos_token_id`:151645 for open-end generation.
Setting `pad_token_id` to `eos_token_id`:151645 for open-end generation.
Setting `pad_token_id` to `eos_token_id`:151645 for open-end generation.
Setting `pad_token_id` to `eos_token_id`:151645 for open-end generation.
Setting `pad_token_id` to `eos_token_id`:151645 for open-end generation.
Setting `pad_token_id` to `eos_token_id`:151645 for open-end generation.
Setting `pad_token_id` to `eos_token_id`:151645 for open-end generation.
Setting `pad_token_id` to `eos_token_id`:151645 for open-end generation.
Setting `pad_token_id` to `eos_token_id`:151645 for open-end generation.
Setting `pad_token_id` to `eos_token_id`:151645 for open-end generation.
Setting `pad_token_id` to `eos_token_id`:151645 for open-end generation.
Setting `pad_token_id` to `eos_token_id`:151645 for open-end generation.
Setting `pad_token_id` to `eos_token_id`:151645 for open-end generation.
Setting `pad_token_id` to `eos_token_id`:151645 for open-end generation.
Setting `pad_token_id` to `eos_token_id`:151645 for open-end generation.
Setting `pad_token_id` to `eos_token_id`:151645 for open-end generation.
Setting `pad_token_id` to `eos_token_id`:151645 for open-end generation.
Setting `pad_token_id` to `eos_token_id`:151645 for open-end generation.
Setting `pad_token_id` to `eos_token_id`:151645 for open-end generation.
Setting `pad_token_id` to `eos_token_id`:151645 for open-end generation.
Setting `pad_token_id` to `eos_token_id`:151645 for open-end generation.
Setting `pad_token_id` to `eos_token_id`:151645 for open-end generation.
Setting `pad_token_id` to `eos_token_id`:151645 for open-end generation.
Setting `pad_token_id` to `eos_token_id`:151645 for open-end generation.
Setting `pad_token_id` to `eos_token_id`:151645 for open-end generation.
Setting `pad_token_id` to `eos_token_id`:151645 for open-end generation.
Setting `pad_token_id` to `eos_token_id`:151645 for open-end generation.
Setting `pad_token_id` to `eos_token_id`:151645 for open-end generation.
Setting `pad_token_id` to `eos_token_id`:151645 for open-end generation.
Setting `pad_token_id` to `eos_token_id`:151645 for open-end generation.
Setting `pad_token_id` to `eos_token_id`:151645 for open-end generation.
Setting `pad_token_id` to `eos_token_id`:151645 for open-end generation.
Setting `pad_token_id` to `eos_token_id`:151645 for open-end generation.
Setting `pad_token_id` to `eos_token_id`:151645 for open-end generation.
Setting `pad_token_id` to `eos_token_id`:151645 for open-end generation.
Setting `pad_token_id` to `eos_token_id`:151645 for open-end generation.
Setting `pad_token_id` to `eos_token_id`:151645 for open-end generation.
Setting `pad_token_id` to `eos_token_id`:151645 for open-end generation.
Setting `pad_token_id` to `eos_token_id`:151645 for open-end generation.
Setting `pad_token_id` to `eos_token_id`:151645 for open-end generation.
Setting `pad_token_id` to `eos_token_id`:151645 for open-end generation.
Setting `pad_token_id` to `eos_token_id`:151645 for open-end generation.
Setting `pad_token_id` to `eos_token_id`:151645 for open-end generation.
Setting `pad_token_id` to `eos_token_id`:151645 for open-end generation.
Setting `pad_token_id` to `eos_token_id`:151645 for open-end generation.
Setting `pad_token_id` to `eos_token_id`:151645 for open-end generation.
Setting `pad_token_id` to `eos_token_id`:151645 for open-end generation.
Setting `pad_token_id` to `eos_token_id`:151645 for open-end generation.
Setting `pad_token_id` to `eos_token_id`:151645 for open-end generation.
Setting `pad_token_id` to `eos_token_id`:151645 for open-end generation.
Setting `pad_token_id` to `eos_token_id`:151645 for open-end generation.
Setting `pad_token_id` to `eos_token_id`:151645 for open-end generation.
Setting `pad_token_id` to `eos_token_id`:151645 for open-end generation.
Setting `pad_token_id` to `eos_token_id`:151645 for open-end generation.
Setting `pad_token_id` to `eos_token_id`:151645 for open-end generation.
Setting `pad_token_id` to `eos_token_id`:151645 for open-end generation.
Setting `pad_token_id` to `eos_token_id`:151645 for open-end generation.
Setting `pad_token_id` to `eos_token_id`:151645 for open-end generation.
Setting `pad_token_id` to `eos_token_id`:151645 for open-end generation.
Setting `pad_token_id` to `eos_token_id`:151645 for open-end generation.
Setting `pad_token_id` to `eos_token_id`:151645 for open-end generation.
Setting `pad_token_id` to `eos_token_id`:151645 for open-end generation.
Setting `pad_token_id` to `eos_token_id`:151645 for open-end generation.
Setting `pad_token_id` to `eos_token_id`:151645 for open-end generation.
Setting `pad_token_id` to `eos_token_id`:151645 for open-end generation.
Setting `pad_token_id` to `eos_token_id`:151645 for open-end generation.
Setting `pad_token_id` to `eos_token_id`:151645 for open-end generation.
Setting `pad_token_id` to `eos_token_id`:151645 for open-end generation.
Setting `pad_token_id` to `eos_token_id`:151645 for open-end generation.
Setting `pad_token_id` to `eos_token_id`:151645 for open-end generation.
Setting `pad_token_id` to `eos_token_id`:151645 for open-end generation.
Setting `pad_token_id` to `eos_token_id`:151645 for open-end generation.
Setting `pad_token_id` to `eos_token_id`:151645 for open-end generation.
Setting `pad_token_id` to `eos_token_id`:151645 for open-end generation.
Setting `pad_token_id` to `eos_token_id`:151645 for open-end generation.
Setting `pad_token_id` to `eos_token_id`:151645 for open-end generation.
Setting `pad_token_id` to `eos_token_id`:151645 for open-end generation.
Setting `pad_token_id` to `eos_token_id`:151645 for open-end generation.
Setting `pad_token_id` to `eos_token_id`:151645 for open-end generation.
Setting `pad_token_id` to `eos_token_id`:151645 for open-end generation.
Setting `pad_token_id` to `eos_token_id`:151645 for open-end generation.
Setting `pad_token_id` to `eos_token_id`:151645 for open-end generation.
Setting `pad_token_id` to `eos_token_id`:151645 for open-end generation.
Setting `pad_token_id` to `eos_token_id`:151645 for open-end generation.
Setting `pad_token_id` to `eos_token_id`:151645 for open-end generation.
Setting `pad_token_id` to `eos_token_id`:151645 for open-end generation.
Setting `pad_token_id` to `eos_token_id`:151645 for open-end generation.
Setting `pad_token_id` to `eos_token_id`:151645 for open-end generation.
Setting `pad_token_id` to `eos_token_id`:151645 for open-end generation.
Setting `pad_token_id` to `eos_token_id`:151645 for open-end generation.
Setting `pad_token_id` to `eos_token_id`:151645 for open-end generation.
Setting `pad_token_id` to `eos_token_id`:151645 for open-end generation.
Setting `pad_token_id` to `eos_token_id`:151645 for open-end generation.
Setting `pad_token_id` to `eos_token_id`:151645 for open-end generation.
Setting `pad_token_id` to `eos_token_id`:151645 for open-end generation.
Setting `pad_token_id` to `eos_token_id`:151645 for open-end generation.
Setting `pad_token_id` to `eos_token_id`:151645 for open-end generation.
Setting `pad_token_id` to `eos_token_id`:151645 for open-end generation.
Setting `pad_token_id` to `eos_token_id`:151645 for open-end generation.
Setting `pad_token_id` to `eos_token_id`:151645 for open-end generation.
Setting `pad_token_id` to `eos_token_id`:151645 for open-end generation.
Setting `pad_token_id` to `eos_token_id`:151645 for open-end generation.
Setting `pad_token_id` to `eos_token_id`:151645 for open-end generation.
Setting `pad_token_id` to `eos_token_id`:151645 for open-end generation.
Setting `pad_token_id` to `eos_token_id`:151645 for open-end generation.
Setting `pad_token_id` to `eos_token_id`:151645 for open-end generation.
Setting `pad_token_id` to `eos_token_id`:151645 for open-end generation.
Setting `pad_token_id` to `eos_token_id`:151645 for open-end generation.
Setting `pad_token_id` to `eos_token_id`:151645 for open-end generation.
Setting `pad_token_id` to `eos_token_id`:151645 for open-end generation.
Setting `pad_token_id` to `eos_token_id`:151645 for open-end generation.
Setting `pad_token_id` to `eos_token_id`:151645 for open-end generation.
Setting `pad_token_id` to `eos_token_id`:151645 for open-end generation.
Setting `pad_token_id` to `eos_token_id`:151645 for open-end generation.
Setting `pad_token_id` to `eos_token_id`:151645 for open-end generation.
Setting `pad_token_id` to `eos_token_id`:151645 for open-end generation.
Setting `pad_token_id` to `eos_token_id`:151645 for open-end generation.
Setting `pad_token_id` to `eos_token_id`:151645 for open-end generation.
Setting `pad_token_id` to `eos_token_id`:151645 for open-end generation.
Setting `pad_token_id` to `eos_token_id`:151645 for open-end generation.
Setting `pad_token_id` to `eos_token_id`:151645 for open-end generation.
Setting `pad_token_id` to `eos_token_id`:151645 for open-end generation.
Setting `pad_token_id` to `eos_token_id`:151645 for open-end generation.
Setting `pad_token_id` to `eos_token_id`:151645 for open-end generation.
Setting `pad_token_id` to `eos_token_id`:151645 for open-end generation.
Setting `pad_token_id` to `eos_token_id`:151645 for open-end generation.
Setting `pad_token_id` to `eos_token_id`:151645 for open-end generation.
Setting `pad_token_id` to `eos_token_id`:151645 for open-end generation.
Setting `pad_token_id` to `eos_token_id`:151645 for open-end generation.
Setting `pad_token_id` to `eos_token_id`:151645 for open-end generation.
Setting `pad_token_id` to `eos_token_id`:151645 for open-end generation.
Setting `pad_token_id` to `eos_token_id`:151645 for open-end generation.
Setting `pad_token_id` to `eos_token_id`:151645 for open-end generation.
Setting `pad_token_id` to `eos_token_id`:151645 for open-end generation.
Setting `pad_token_id` to `eos_token_id`:151645 for open-end generation.
Setting `pad_token_id` to `eos_token_id`:151645 for open-end generation.
Setting `pad_token_id` to `eos_token_id`:151645 for open-end generation.
Setting `pad_token_id` to `eos_token_id`:151645 for open-end generation.
Setting `pad_token_id` to `eos_token_id`:151645 for open-end generation.
Setting `pad_token_id` to `eos_token_id`:151645 for open-end generation.
Setting `pad_token_id` to `eos_token_id`:151645 for open-end generation.
Setting `pad_token_id` to `eos_token_id`:151645 for open-end generation.
Setting `pad_token_id` to `eos_token_id`:151645 for open-end generation.
Setting `pad_token_id` to `eos_token_id`:151645 for open-end generation.
Setting `pad_token_id` to `eos_token_id`:151645 for open-end generation.
Setting `pad_token_id` to `eos_token_id`:151645 for open-end generation.
Setting `pad_token_id` to `eos_token_id`:151645 for open-end generation.
Setting `pad_token_id` to `eos_token_id`:151645 for open-end generation.
Setting `pad_token_id` to `eos_token_id`:151645 for open-end generation.
Setting `pad_token_id` to `eos_token_id`:151645 for open-end generation.
Setting `pad_token_id` to `eos_token_id`:151645 for open-end generation.
Setting `pad_token_id` to `eos_token_id`:151645 for open-end generation.
Setting `pad_token_id` to `eos_token_id`:151645 for open-end generation.
Setting `pad_token_id` to `eos_token_id`:151645 for open-end generation.
Setting `pad_token_id` to `eos_token_id`:151645 for open-end generation.
Setting `pad_token_id` to `eos_token_id`:151645 for open-end generation.
Setting `pad_token_id` to `eos_token_id`:151645 for open-end generation.
Setting `pad_token_id` to `eos_token_id`:151645 for open-end generation.
Setting `pad_token_id` to `eos_token_id`:151645 for open-end generation.
Setting `pad_token_id` to `eos_token_id`:151645 for open-end generation.
Setting `pad_token_id` to `eos_token_id`:151645 for open-end generation.
Setting `pad_token_id` to `eos_token_id`:151645 for open-end generation.
Setting `pad_token_id` to `eos_token_id`:151645 for open-end generation.
Setting `pad_token_id` to `eos_token_id`:151645 for open-end generation.
Setting `pad_token_id` to `eos_token_id`:151645 for open-end generation.
Setting `pad_token_id` to `eos_token_id`:151645 for open-end generation.
Setting `pad_token_id` to `eos_token_id`:151645 for open-end generation.
Setting `pad_token_id` to `eos_token_id`:151645 for open-end generation.
Setting `pad_token_id` to `eos_token_id`:151645 for open-end generation.
Setting `pad_token_id` to `eos_token_id`:151645 for open-end generation.
Setting `pad_token_id` to `eos_token_id`:151645 for open-end generation.
Setting `pad_token_id` to `eos_token_id`:151645 for open-end generation.
Setting `pad_token_id` to `eos_token_id`:151645 for open-end generation.
Setting `pad_token_id` to `eos_token_id`:151645 for open-end generation.
Setting `pad_token_id` to `eos_token_id`:151645 for open-end generation.
Setting `pad_token_id` to `eos_token_id`:151645 for open-end generation.
Setting `pad_token_id` to `eos_token_id`:151645 for open-end generation.
Setting `pad_token_id` to `eos_token_id`:151645 for open-end generation.
Setting `pad_token_id` to `eos_token_id`:151645 for open-end generation.
Setting `pad_token_id` to `eos_token_id`:151645 for open-end generation.
Setting `pad_token_id` to `eos_token_id`:151645 for open-end generation.
Setting `pad_token_id` to `eos_token_id`:151645 for open-end generation.
Setting `pad_token_id` to `eos_token_id`:151645 for open-end generation.
Setting `pad_token_id` to `eos_token_id`:151645 for open-end generation.
Setting `pad_token_id` to `eos_token_id`:151645 for open-end generation.
Setting `pad_token_id` to `eos_token_id`:151645 for open-end generation.
Setting `pad_token_id` to `eos_token_id`:151645 for open-end generation.
Setting `pad_token_id` to `eos_token_id`:151645 for open-end generation.
Setting `pad_token_id` to `eos_token_id`:151645 for open-end generation.
Setting `pad_token_id` to `eos_token_id`:151645 for open-end generation.
Setting `pad_token_id` to `eos_token_id`:151645 for open-end generation.
Setting `pad_token_id` to `eos_token_id`:151645 for open-end generation.
Setting `pad_token_id` to `eos_token_id`:151645 for open-end generation.
Setting `pad_token_id` to `eos_token_id`:151645 for open-end generation.
Setting `pad_token_id` to `eos_token_id`:151645 for open-end generation.
Setting `pad_token_id` to `eos_token_id`:151645 for open-end generation.
Setting `pad_token_id` to `eos_token_id`:151645 for open-end generation.
Setting `pad_token_id` to `eos_token_id`:151645 for open-end generation.
Setting `pad_token_id` to `eos_token_id`:151645 for open-end generation.
Setting `pad_token_id` to `eos_token_id`:151645 for open-end generation.
Setting `pad_token_id` to `eos_token_id`:151645 for open-end generation.
Setting `pad_token_id` to `eos_token_id`:151645 for open-end generation.
Setting `pad_token_id` to `eos_token_id`:151645 for open-end generation.
Setting `pad_token_id` to `eos_token_id`:151645 for open-end generation.
Setting `pad_token_id` to `eos_token_id`:151645 for open-end generation.
Setting `pad_token_id` to `eos_token_id`:151645 for open-end generation.
Setting `pad_token_id` to `eos_token_id`:151645 for open-end generation.
Setting `pad_token_id` to `eos_token_id`:151645 for open-end generation.
Setting `pad_token_id` to `eos_token_id`:151645 for open-end generation.
Setting `pad_token_id` to `eos_token_id`:151645 for open-end generation.
Setting `pad_token_id` to `eos_token_id`:151645 for open-end generation.
Setting `pad_token_id` to `eos_token_id`:151645 for open-end generation.
Setting `pad_token_id` to `eos_token_id`:151645 for open-end generation.
Setting `pad_token_id` to `eos_token_id`:151645 for open-end generation.
Setting `pad_token_id` to `eos_token_id`:151645 for open-end generation.
Setting `pad_token_id` to `eos_token_id`:151645 for open-end generation.
Setting `pad_token_id` to `eos_token_id`:151645 for open-end generation.
Setting `pad_token_id` to `eos_token_id`:151645 for open-end generation.
Setting `pad_token_id` to `eos_token_id`:151645 for open-end generation.
Setting `pad_token_id` to `eos_token_id`:151645 for open-end generation.
Setting `pad_token_id` to `eos_token_id`:151645 for open-end generation.
Setting `pad_token_id` to `eos_token_id`:151645 for open-end generation.
Setting `pad_token_id` to `eos_token_id`:151645 for open-end generation.
Setting `pad_token_id` to `eos_token_id`:151645 for open-end generation.
Setting `pad_token_id` to `eos_token_id`:151645 for open-end generation.
Setting `pad_token_id` to `eos_token_id`:151645 for open-end generation.
Setting `pad_token_id` to `eos_token_id`:151645 for open-end generation.
Setting `pad_token_id` to `eos_token_id`:151645 for open-end generation.
Setting `pad_token_id` to `eos_token_id`:151645 for open-end generation.
Setting `pad_token_id` to `eos_token_id`:151645 for open-end generation.
Setting `pad_token_id` to `eos_token_id`:151645 for open-end generation.
Setting `pad_token_id` to `eos_token_id`:151645 for open-end generation.
Setting `pad_token_id` to `eos_token_id`:151645 for open-end generation.
Setting `pad_token_id` to `eos_token_id`:151645 for open-end generation.
Setting `pad_token_id` to `eos_token_id`:151645 for open-end generation.
Setting `pad_token_id` to `eos_token_id`:151645 for open-end generation.
Setting `pad_token_id` to `eos_token_id`:151645 for open-end generation.
Setting `pad_token_id` to `eos_token_id`:151645 for open-end generation.
Setting `pad_token_id` to `eos_token_id`:151645 for open-end generation.
Setting `pad_token_id` to `eos_token_id`:151645 for open-end generation.
Setting `pad_token_id` to `eos_token_id`:151645 for open-end generation.
Setting `pad_token_id` to `eos_token_id`:151645 for open-end generation.
Setting `pad_token_id` to `eos_token_id`:151645 for open-end generation.
Setting `pad_token_id` to `eos_token_id`:151645 for open-end generation.
Setting `pad_token_id` to `eos_token_id`:151645 for open-end generation.
Setting `pad_token_id` to `eos_token_id`:151645 for open-end generation.
Setting `pad_token_id` to `eos_token_id`:151645 for open-end generation.
Setting `pad_token_id` to `eos_token_id`:151645 for open-end generation.
Setting `pad_token_id` to `eos_token_id`:151645 for open-end generation.
Setting `pad_token_id` to `eos_token_id`:151645 for open-end generation.
Setting `pad_token_id` to `eos_token_id`:151645 for open-end generation.
Setting `pad_token_id` to `eos_token_id`:151645 for open-end generation.
Setting `pad_token_id` to `eos_token_id`:151645 for open-end generation.
Setting `pad_token_id` to `eos_token_id`:151645 for open-end generation.
Setting `pad_token_id` to `eos_token_id`:151645 for open-end generation.
Setting `pad_token_id` to `eos_token_id`:151645 for open-end generation.
Setting `pad_token_id` to `eos_token_id`:151645 for open-end generation.
Setting `pad_token_id` to `eos_token_id`:151645 for open-end generation.
Setting `pad_token_id` to `eos_token_id`:151645 for open-end generation.
Setting `pad_token_id` to `eos_token_id`:151645 for open-end generation.
Setting `pad_token_id` to `eos_token_id`:151645 for open-end generation.
Setting `pad_token_id` to `eos_token_id`:151645 for open-end generation.
Setting `pad_token_id` to `eos_token_id`:151645 for open-end generation.
Setting `pad_token_id` to `eos_token_id`:151645 for open-end generation.
Setting `pad_token_id` to `eos_token_id`:151645 for open-end generation.
Setting `pad_token_id` to `eos_token_id`:151645 for open-end generation.
Setting `pad_token_id` to `eos_token_id`:151645 for open-end generation.
Setting `pad_token_id` to `eos_token_id`:151645 for open-end generation.
Setting `pad_token_id` to `eos_token_id`:151645 for open-end generation.
Setting `pad_token_id` to `eos_token_id`:151645 for open-end generation.
Setting `pad_token_id` to `eos_token_id`:151645 for open-end generation.
Setting `pad_token_id` to `eos_token_id`:151645 for open-end generation.
Setting `pad_token_id` to `eos_token_id`:151645 for open-end generation.
Setting `pad_token_id` to `eos_token_id`:151645 for open-end generation.
Setting `pad_token_id` to `eos_token_id`:151645 for open-end generation.
Setting `pad_token_id` to `eos_token_id`:151645 for open-end generation.
Setting `pad_token_id` to `eos_token_id`:151645 for open-end generation.
Setting `pad_token_id` to `eos_token_id`:151645 for open-end generation.
Setting `pad_token_id` to `eos_token_id`:151645 for open-end generation.
Setting `pad_token_id` to `eos_token_id`:151645 for open-end generation.
Setting `pad_token_id` to `eos_token_id`:151645 for open-end generation.
Setting `pad_token_id` to `eos_token_id`:151645 for open-end generation.
Setting `pad_token_id` to `eos_token_id`:151645 for open-end generation.
Setting `pad_token_id` to `eos_token_id`:151645 for open-end generation.
Setting `pad_token_id` to `eos_token_id`:151645 for open-end generation.
Setting `pad_token_id` to `eos_token_id`:151645 for open-end generation.
Setting `pad_token_id` to `eos_token_id`:151645 for open-end generation.
Setting `pad_token_id` to `eos_token_id`:151645 for open-end generation.
Setting `pad_token_id` to `eos_token_id`:151645 for open-end generation.
Setting `pad_token_id` to `eos_token_id`:151645 for open-end generation.
Setting `pad_token_id` to `eos_token_id`:151645 for open-end generation.
Setting `pad_token_id` to `eos_token_id`:151645 for open-end generation.
Setting `pad_token_id` to `eos_token_id`:151645 for open-end generation.
Setting `pad_token_id` to `eos_token_id`:151645 for open-end generation.
Setting `pad_token_id` to `eos_token_id`:151645 for open-end generation.
Setting `pad_token_id` to `eos_token_id`:151645 for open-end generation.
Setting `pad_token_id` to `eos_token_id`:151645 for open-end generation.
Setting `pad_token_id` to `eos_token_id`:151645 for open-end generation.
Setting `pad_token_id` to `eos_token_id`:151645 for open-end generation.
Setting `pad_token_id` to `eos_token_id`:151645 for open-end generation.
Setting `pad_token_id` to `eos_token_id`:151645 for open-end generation.
Setting `pad_token_id` to `eos_token_id`:151645 for open-end generation.
Setting `pad_token_id` to `eos_token_id`:151645 for open-end generation.
Setting `pad_token_id` to `eos_token_id`:151645 for open-end generation.
Setting `pad_token_id` to `eos_token_id`:151645 for open-end generation.
Setting `pad_token_id` to `eos_token_id`:151645 for open-end generation.
Setting `pad_token_id` to `eos_token_id`:151645 for open-end generation.
Setting `pad_token_id` to `eos_token_id`:151645 for open-end generation.
Setting `pad_token_id` to `eos_token_id`:151645 for open-end generation.
Setting `pad_token_id` to `eos_token_id`:151645 for open-end generation.
Setting `pad_token_id` to `eos_token_id`:151645 for open-end generation.
Setting `pad_token_id` to `eos_token_id`:151645 for open-end generation.
Setting `pad_token_id` to `eos_token_id`:151645 for open-end generation.
Setting `pad_token_id` to `eos_token_id`:151645 for open-end generation.
Setting `pad_token_id` to `eos_token_id`:151645 for open-end generation.
Setting `pad_token_id` to `eos_token_id`:151645 for open-end generation.
Setting `pad_token_id` to `eos_token_id`:151645 for open-end generation.
Setting `pad_token_id` to `eos_token_id`:151645 for open-end generation.
Setting `pad_token_id` to `eos_token_id`:151645 for open-end generation.
Setting `pad_token_id` to `eos_token_id`:151645 for open-end generation.
Setting `pad_token_id` to `eos_token_id`:151645 for open-end generation.
Setting `pad_token_id` to `eos_token_id`:151645 for open-end generation.
Setting `pad_token_id` to `eos_token_id`:151645 for open-end generation.
Setting `pad_token_id` to `eos_token_id`:151645 for open-end generation.
Setting `pad_token_id` to `eos_token_id`:151645 for open-end generation.
Setting `pad_token_id` to `eos_token_id`:151645 for open-end generation.
Setting `pad_token_id` to `eos_token_id`:151645 for open-end generation.
Setting `pad_token_id` to `eos_token_id`:151645 for open-end generation.
Setting `pad_token_id` to `eos_token_id`:151645 for open-end generation.
Setting `pad_token_id` to `eos_token_id`:151645 for open-end generation.
Setting `pad_token_id` to `eos_token_id`:151645 for open-end generation.
Setting `pad_token_id` to `eos_token_id`:151645 for open-end generation.
Setting `pad_token_id` to `eos_token_id`:151645 for open-end generation.
Setting `pad_token_id` to `eos_token_id`:151645 for open-end generation.
Setting `pad_token_id` to `eos_token_id`:151645 for open-end generation.
Setting `pad_token_id` to `eos_token_id`:151645 for open-end generation.
Setting `pad_token_id` to `eos_token_id`:151645 for open-end generation.
Setting `pad_token_id` to `eos_token_id`:151645 for open-end generation.
Setting `pad_token_id` to `eos_token_id`:151645 for open-end generation.
Setting `pad_token_id` to `eos_token_id`:151645 for open-end generation.
Setting `pad_token_id` to `eos_token_id`:151645 for open-end generation.
Setting `pad_token_id` to `eos_token_id`:151645 for open-end generation.
Setting `pad_token_id` to `eos_token_id`:151645 for open-end generation.
Setting `pad_token_id` to `eos_token_id`:151645 for open-end generation.
2026-07-06 15:07:17,581 INFO B[0/80] name hit none=1 profile=1 distractor=1
Setting `pad_token_id` to `eos_token_id`:151645 for open-end generation.
Setting `pad_token_id` to `eos_token_id`:151645 for open-end generation.
Setting `pad_token_id` to `eos_token_id`:151645 for open-end generation.
2026-07-06 15:07:18,608 INFO B[1/80] email hit none=1 profile=1 distractor=1
Setting `pad_token_id` to `eos_token_id`:151645 for open-end generation.
Setting `pad_token_id` to `eos_token_id`:151645 for open-end generation.
Setting `pad_token_id` to `eos_token_id`:151645 for open-end generation.
2026-07-06 15:07:20,215 INFO B[2/80] name hit none=1 profile=1 distractor=1
Setting `pad_token_id` to `eos_token_id`:151645 for open-end generation.
Setting `pad_token_id` to `eos_token_id`:151645 for open-end generation.
Setting `pad_token_id` to `eos_token_id`:151645 for open-end generation.
2026-07-06 15:07:21,264 INFO B[3/80] email hit none=0 profile=1 distractor=0
Setting `pad_token_id` to `eos_token_id`:151645 for open-end generation.
Setting `pad_token_id` to `eos_token_id`:151645 for open-end generation.
Setting `pad_token_id` to `eos_token_id`:151645 for open-end generation.
2026-07-06 15:07:22,559 INFO B[4/80] name hit none=1 profile=1 distractor=1
Setting `pad_token_id` to `eos_token_id`:151645 for open-end generation.
Setting `pad_token_id` to `eos_token_id`:151645 for open-end generation.
Setting `pad_token_id` to `eos_token_id`:151645 for open-end generation.
2026-07-06 15:07:23,500 INFO B[5/80] email hit none=0 profile=1 distractor=0
Setting `pad_token_id` to `eos_token_id`:151645 for open-end generation.
Setting `pad_token_id` to `eos_token_id`:151645 for open-end generation.
Setting `pad_token_id` to `eos_token_id`:151645 for open-end generation.
2026-07-06 15:07:25,076 INFO B[6/80] name hit none=1 profile=1 distractor=1
Setting `pad_token_id` to `eos_token_id`:151645 for open-end generation.
Setting `pad_token_id` to `eos_token_id`:151645 for open-end generation.
Setting `pad_token_id` to `eos_token_id`:151645 for open-end generation.
2026-07-06 15:07:26,108 INFO B[7/80] email hit none=0 profile=1 distractor=0
Setting `pad_token_id` to `eos_token_id`:151645 for open-end generation.
Setting `pad_token_id` to `eos_token_id`:151645 for open-end generation.
Setting `pad_token_id` to `eos_token_id`:151645 for open-end generation.
2026-07-06 15:07:27,755 INFO B[8/80] name hit none=1 profile=1 distractor=1
Setting `pad_token_id` to `eos_token_id`:151645 for open-end generation.
Setting `pad_token_id` to `eos_token_id`:151645 for open-end generation.
Setting `pad_token_id` to `eos_token_id`:151645 for open-end generation.
2026-07-06 15:07:28,813 INFO B[9/80] email hit none=0 profile=1 distractor=0
Setting `pad_token_id` to `eos_token_id`:151645 for open-end generation.
Setting `pad_token_id` to `eos_token_id`:151645 for open-end generation.
Setting `pad_token_id` to `eos_token_id`:151645 for open-end generation.
2026-07-06 15:07:30,601 INFO B[10/80] name hit none=1 profile=1 distractor=1
Setting `pad_token_id` to `eos_token_id`:151645 for open-end generation.
Setting `pad_token_id` to `eos_token_id`:151645 for open-end generation.
Setting `pad_token_id` to `eos_token_id`:151645 for open-end generation.
2026-07-06 15:07:31,547 INFO B[11/80] email hit none=0 profile=1 distractor=0
Setting `pad_token_id` to `eos_token_id`:151645 for open-end generation.
Setting `pad_token_id` to `eos_token_id`:151645 for open-end generation.
Setting `pad_token_id` to `eos_token_id`:151645 for open-end generation.
2026-07-06 15:07:33,509 INFO B[12/80] name hit none=1 profile=1 distractor=1
Setting `pad_token_id` to `eos_token_id`:151645 for open-end generation.
Setting `pad_token_id` to `eos_token_id`:151645 for open-end generation.
Setting `pad_token_id` to `eos_token_id`:151645 for open-end generation.
2026-07-06 15:07:34,534 INFO B[13/80] email hit none=0 profile=1 distractor=0
Setting `pad_token_id` to `eos_token_id`:151645 for open-end generation.
Setting `pad_token_id` to `eos_token_id`:151645 for open-end generation.
Setting `pad_token_id` to `eos_token_id`:151645 for open-end generation.
2026-07-06 15:07:36,188 INFO B[14/80] name hit none=1 profile=1 distractor=1
Setting `pad_token_id` to `eos_token_id`:151645 for open-end generation.
Setting `pad_token_id` to `eos_token_id`:151645 for open-end generation.
Setting `pad_token_id` to `eos_token_id`:151645 for open-end generation.
2026-07-06 15:07:37,172 INFO B[15/80] email hit none=0 profile=1 distractor=0
Setting `pad_token_id` to `eos_token_id`:151645 for open-end generation.
Setting `pad_token_id` to `eos_token_id`:151645 for open-end generation.
Setting `pad_token_id` to `eos_token_id`:151645 for open-end generation.
2026-07-06 15:07:39,189 INFO B[16/80] name hit none=1 profile=1 distractor=1
Setting `pad_token_id` to `eos_token_id`:151645 for open-end generation.
Setting `pad_token_id` to `eos_token_id`:151645 for open-end generation.
Setting `pad_token_id` to `eos_token_id`:151645 for open-end generation.
2026-07-06 15:07:40,262 INFO B[17/80] email hit none=0 profile=1 distractor=0
Setting `pad_token_id` to `eos_token_id`:151645 for open-end generation.
Setting `pad_token_id` to `eos_token_id`:151645 for open-end generation.
Setting `pad_token_id` to `eos_token_id`:151645 for open-end generation.
2026-07-06 15:07:41,831 INFO B[18/80] name hit none=1 profile=1 distractor=0
Setting `pad_token_id` to `eos_token_id`:151645 for open-end generation.
Setting `pad_token_id` to `eos_token_id`:151645 for open-end generation.
Setting `pad_token_id` to `eos_token_id`:151645 for open-end generation.
2026-07-06 15:07:42,846 INFO B[19/80] email hit none=0 profile=0 distractor=0
Setting `pad_token_id` to `eos_token_id`:151645 for open-end generation.
Setting `pad_token_id` to `eos_token_id`:151645 for open-end generation.
Setting `pad_token_id` to `eos_token_id`:151645 for open-end generation.
2026-07-06 15:07:44,546 INFO B[20/80] name hit none=1 profile=1 distractor=1
Setting `pad_token_id` to `eos_token_id`:151645 for open-end generation.
Setting `pad_token_id` to `eos_token_id`:151645 for open-end generation.
Setting `pad_token_id` to `eos_token_id`:151645 for open-end generation.
2026-07-06 15:07:45,496 INFO B[21/80] email hit none=0 profile=1 distractor=0
Setting `pad_token_id` to `eos_token_id`:151645 for open-end generation.
Setting `pad_token_id` to `eos_token_id`:151645 for open-end generation.
Setting `pad_token_id` to `eos_token_id`:151645 for open-end generation.
2026-07-06 15:07:47,151 INFO B[22/80] name hit none=1 profile=1 distractor=1
Setting `pad_token_id` to `eos_token_id`:151645 for open-end generation.
Setting `pad_token_id` to `eos_token_id`:151645 for open-end generation.
Setting `pad_token_id` to `eos_token_id`:151645 for open-end generation.
2026-07-06 15:07:48,195 INFO B[23/80] email hit none=0 profile=1 distractor=0
Setting `pad_token_id` to `eos_token_id`:151645 for open-end generation.
Setting `pad_token_id` to `eos_token_id`:151645 for open-end generation.
Setting `pad_token_id` to `eos_token_id`:151645 for open-end generation.
2026-07-06 15:07:50,536 INFO B[24/80] name hit none=1 profile=1 distractor=1
Setting `pad_token_id` to `eos_token_id`:151645 for open-end generation.
Setting `pad_token_id` to `eos_token_id`:151645 for open-end generation.
Setting `pad_token_id` to `eos_token_id`:151645 for open-end generation.
2026-07-06 15:07:51,532 INFO B[25/80] email hit none=0 profile=1 distractor=0
Setting `pad_token_id` to `eos_token_id`:151645 for open-end generation.
Setting `pad_token_id` to `eos_token_id`:151645 for open-end generation.
Setting `pad_token_id` to `eos_token_id`:151645 for open-end generation.
2026-07-06 15:07:53,143 INFO B[26/80] name hit none=1 profile=1 distractor=1
Setting `pad_token_id` to `eos_token_id`:151645 for open-end generation.
Setting `pad_token_id` to `eos_token_id`:151645 for open-end generation.
Setting `pad_token_id` to `eos_token_id`:151645 for open-end generation.
2026-07-06 15:07:54,147 INFO B[27/80] email hit none=0 profile=0 distractor=0
Setting `pad_token_id` to `eos_token_id`:151645 for open-end generation.
Setting `pad_token_id` to `eos_token_id`:151645 for open-end generation.
Setting `pad_token_id` to `eos_token_id`:151645 for open-end generation.
2026-07-06 15:07:55,870 INFO B[28/80] name hit none=1 profile=1 distractor=1
Setting `pad_token_id` to `eos_token_id`:151645 for open-end generation.
Setting `pad_token_id` to `eos_token_id`:151645 for open-end generation.
Setting `pad_token_id` to `eos_token_id`:151645 for open-end generation.
2026-07-06 15:07:56,953 INFO B[29/80] email hit none=0 profile=1 distractor=0
Setting `pad_token_id` to `eos_token_id`:151645 for open-end generation.
Setting `pad_token_id` to `eos_token_id`:151645 for open-end generation.
Setting `pad_token_id` to `eos_token_id`:151645 for open-end generation.
2026-07-06 15:07:58,807 INFO B[30/80] name hit none=1 profile=1 distractor=1
Setting `pad_token_id` to `eos_token_id`:151645 for open-end generation.
Setting `pad_token_id` to `eos_token_id`:151645 for open-end generation.
Setting `pad_token_id` to `eos_token_id`:151645 for open-end generation.
2026-07-06 15:07:59,911 INFO B[31/80] email hit none=0 profile=1 distractor=0
Setting `pad_token_id` to `eos_token_id`:151645 for open-end generation.
Setting `pad_token_id` to `eos_token_id`:151645 for open-end generation.
Setting `pad_token_id` to `eos_token_id`:151645 for open-end generation.
2026-07-06 15:08:01,561 INFO B[32/80] name hit none=1 profile=1 distractor=1
Setting `pad_token_id` to `eos_token_id`:151645 for open-end generation.
Setting `pad_token_id` to `eos_token_id`:151645 for open-end generation.
Setting `pad_token_id` to `eos_token_id`:151645 for open-end generation.
2026-07-06 15:08:02,586 INFO B[33/80] email hit none=0 profile=1 distractor=0
Setting `pad_token_id` to `eos_token_id`:151645 for open-end generation.
Setting `pad_token_id` to `eos_token_id`:151645 for open-end generation.
Setting `pad_token_id` to `eos_token_id`:151645 for open-end generation.
2026-07-06 15:08:04,321 INFO B[34/80] name hit none=1 profile=1 distractor=1
Setting `pad_token_id` to `eos_token_id`:151645 for open-end generation.
Setting `pad_token_id` to `eos_token_id`:151645 for open-end generation.
Setting `pad_token_id` to `eos_token_id`:151645 for open-end generation.
2026-07-06 15:08:05,284 INFO B[35/80] email hit none=0 profile=1 distractor=0
Setting `pad_token_id` to `eos_token_id`:151645 for open-end generation.
Setting `pad_token_id` to `eos_token_id`:151645 for open-end generation.
Setting `pad_token_id` to `eos_token_id`:151645 for open-end generation.
2026-07-06 15:08:06,949 INFO B[36/80] name hit none=1 profile=1 distractor=1
Setting `pad_token_id` to `eos_token_id`:151645 for open-end generation.
Setting `pad_token_id` to `eos_token_id`:151645 for open-end generation.
Setting `pad_token_id` to `eos_token_id`:151645 for open-end generation.
2026-07-06 15:08:07,859 INFO B[37/80] email hit none=0 profile=1 distractor=0
Setting `pad_token_id` to `eos_token_id`:151645 for open-end generation.
Setting `pad_token_id` to `eos_token_id`:151645 for open-end generation.
Setting `pad_token_id` to `eos_token_id`:151645 for open-end generation.
2026-07-06 15:08:09,431 INFO B[38/80] name hit none=1 profile=1 distractor=1
Setting `pad_token_id` to `eos_token_id`:151645 for open-end generation.
Setting `pad_token_id` to `eos_token_id`:151645 for open-end generation.
Setting `pad_token_id` to `eos_token_id`:151645 for open-end generation.
2026-07-06 15:08:10,344 INFO B[39/80] email hit none=0 profile=1 distractor=0
Setting `pad_token_id` to `eos_token_id`:151645 for open-end generation.
Setting `pad_token_id` to `eos_token_id`:151645 for open-end generation.
Setting `pad_token_id` to `eos_token_id`:151645 for open-end generation.
2026-07-06 15:08:11,906 INFO B[40/80] name hit none=1 profile=1 distractor=1
Setting `pad_token_id` to `eos_token_id`:151645 for open-end generation.
Setting `pad_token_id` to `eos_token_id`:151645 for open-end generation.
Setting `pad_token_id` to `eos_token_id`:151645 for open-end generation.
2026-07-06 15:08:12,908 INFO B[41/80] email hit none=0 profile=1 distractor=0
Setting `pad_token_id` to `eos_token_id`:151645 for open-end generation.
Setting `pad_token_id` to `eos_token_id`:151645 for open-end generation.
Setting `pad_token_id` to `eos_token_id`:151645 for open-end generation.
2026-07-06 15:08:14,217 INFO B[42/80] name hit none=1 profile=1 distractor=1
Setting `pad_token_id` to `eos_token_id`:151645 for open-end generation.
Setting `pad_token_id` to `eos_token_id`:151645 for open-end generation.
Setting `pad_token_id` to `eos_token_id`:151645 for open-end generation.
2026-07-06 15:08:15,269 INFO B[43/80] email hit none=0 profile=1 distractor=0
Setting `pad_token_id` to `eos_token_id`:151645 for open-end generation.
Setting `pad_token_id` to `eos_token_id`:151645 for open-end generation.
Setting `pad_token_id` to `eos_token_id`:151645 for open-end generation.
2026-07-06 15:08:17,107 INFO B[44/80] name hit none=1 profile=1 distractor=1
Setting `pad_token_id` to `eos_token_id`:151645 for open-end generation.
Setting `pad_token_id` to `eos_token_id`:151645 for open-end generation.
Setting `pad_token_id` to `eos_token_id`:151645 for open-end generation.
2026-07-06 15:08:18,087 INFO B[45/80] email hit none=0 profile=1 distractor=0
Setting `pad_token_id` to `eos_token_id`:151645 for open-end generation.
Setting `pad_token_id` to `eos_token_id`:151645 for open-end generation.
Setting `pad_token_id` to `eos_token_id`:151645 for open-end generation.
2026-07-06 15:08:20,197 INFO B[46/80] name hit none=1 profile=1 distractor=1
Setting `pad_token_id` to `eos_token_id`:151645 for open-end generation.
Setting `pad_token_id` to `eos_token_id`:151645 for open-end generation.
Setting `pad_token_id` to `eos_token_id`:151645 for open-end generation.
2026-07-06 15:08:21,262 INFO B[47/80] email hit none=0 profile=1 distractor=0
Setting `pad_token_id` to `eos_token_id`:151645 for open-end generation.
Setting `pad_token_id` to `eos_token_id`:151645 for open-end generation.
Setting `pad_token_id` to `eos_token_id`:151645 for open-end generation.
2026-07-06 15:08:23,074 INFO B[48/80] name hit none=1 profile=1 distractor=1
Setting `pad_token_id` to `eos_token_id`:151645 for open-end generation.
Setting `pad_token_id` to `eos_token_id`:151645 for open-end generation.
Setting `pad_token_id` to `eos_token_id`:151645 for open-end generation.
2026-07-06 15:08:24,055 INFO B[49/80] email hit none=1 profile=1 distractor=1
Setting `pad_token_id` to `eos_token_id`:151645 for open-end generation.
Setting `pad_token_id` to `eos_token_id`:151645 for open-end generation.
Setting `pad_token_id` to `eos_token_id`:151645 for open-end generation.
2026-07-06 15:08:25,653 INFO B[50/80] name hit none=1 profile=1 distractor=1
Setting `pad_token_id` to `eos_token_id`:151645 for open-end generation.
Setting `pad_token_id` to `eos_token_id`:151645 for open-end generation.
Setting `pad_token_id` to `eos_token_id`:151645 for open-end generation.
2026-07-06 15:08:26,573 INFO B[51/80] email hit none=0 profile=1 distractor=0
Setting `pad_token_id` to `eos_token_id`:151645 for open-end generation.
Setting `pad_token_id` to `eos_token_id`:151645 for open-end generation.
Setting `pad_token_id` to `eos_token_id`:151645 for open-end generation.
2026-07-06 15:08:28,473 INFO B[52/80] name hit none=1 profile=1 distractor=1
Setting `pad_token_id` to `eos_token_id`:151645 for open-end generation.
Setting `pad_token_id` to `eos_token_id`:151645 for open-end generation.
Setting `pad_token_id` to `eos_token_id`:151645 for open-end generation.
2026-07-06 15:08:29,503 INFO B[53/80] email hit none=0 profile=0 distractor=0
Setting `pad_token_id` to `eos_token_id`:151645 for open-end generation.
Setting `pad_token_id` to `eos_token_id`:151645 for open-end generation.
Setting `pad_token_id` to `eos_token_id`:151645 for open-end generation.
2026-07-06 15:08:31,260 INFO B[54/80] name hit none=1 profile=1 distractor=1
Setting `pad_token_id` to `eos_token_id`:151645 for open-end generation.
Setting `pad_token_id` to `eos_token_id`:151645 for open-end generation.
Setting `pad_token_id` to `eos_token_id`:151645 for open-end generation.
2026-07-06 15:08:32,292 INFO B[55/80] email hit none=0 profile=1 distractor=0
Setting `pad_token_id` to `eos_token_id`:151645 for open-end generation.
Setting `pad_token_id` to `eos_token_id`:151645 for open-end generation.
Setting `pad_token_id` to `eos_token_id`:151645 for open-end generation.
2026-07-06 15:08:34,101 INFO B[56/80] name hit none=1 profile=1 distractor=1
Setting `pad_token_id` to `eos_token_id`:151645 for open-end generation.
Setting `pad_token_id` to `eos_token_id`:151645 for open-end generation.
Setting `pad_token_id` to `eos_token_id`:151645 for open-end generation.
2026-07-06 15:08:35,093 INFO B[57/80] email hit none=1 profile=1 distractor=0
Setting `pad_token_id` to `eos_token_id`:151645 for open-end generation.
Setting `pad_token_id` to `eos_token_id`:151645 for open-end generation.
Setting `pad_token_id` to `eos_token_id`:151645 for open-end generation.
2026-07-06 15:08:36,499 INFO B[58/80] name hit none=1 profile=1 distractor=1
Setting `pad_token_id` to `eos_token_id`:151645 for open-end generation.
Setting `pad_token_id` to `eos_token_id`:151645 for open-end generation.
Setting `pad_token_id` to `eos_token_id`:151645 for open-end generation.
2026-07-06 15:08:37,645 INFO B[59/80] email hit none=0 profile=1 distractor=0
Setting `pad_token_id` to `eos_token_id`:151645 for open-end generation.
Setting `pad_token_id` to `eos_token_id`:151645 for open-end generation.
Setting `pad_token_id` to `eos_token_id`:151645 for open-end generation.
2026-07-06 15:08:39,542 INFO B[60/80] name hit none=1 profile=1 distractor=1
Setting `pad_token_id` to `eos_token_id`:151645 for open-end generation.
Setting `pad_token_id` to `eos_token_id`:151645 for open-end generation.
Setting `pad_token_id` to `eos_token_id`:151645 for open-end generation.
2026-07-06 15:08:40,554 INFO B[61/80] email hit none=0 profile=1 distractor=0
Setting `pad_token_id` to `eos_token_id`:151645 for open-end generation.
Setting `pad_token_id` to `eos_token_id`:151645 for open-end generation.
Setting `pad_token_id` to `eos_token_id`:151645 for open-end generation.
2026-07-06 15:08:42,221 INFO B[62/80] name hit none=1 profile=1 distractor=1
Setting `pad_token_id` to `eos_token_id`:151645 for open-end generation.
Setting `pad_token_id` to `eos_token_id`:151645 for open-end generation.
Setting `pad_token_id` to `eos_token_id`:151645 for open-end generation.
2026-07-06 15:08:43,122 INFO B[63/80] email hit none=0 profile=1 distractor=0
Setting `pad_token_id` to `eos_token_id`:151645 for open-end generation.
Setting `pad_token_id` to `eos_token_id`:151645 for open-end generation.
Setting `pad_token_id` to `eos_token_id`:151645 for open-end generation.
2026-07-06 15:08:44,756 INFO B[64/80] name hit none=1 profile=1 distractor=1
Setting `pad_token_id` to `eos_token_id`:151645 for open-end generation.
Setting `pad_token_id` to `eos_token_id`:151645 for open-end generation.
Setting `pad_token_id` to `eos_token_id`:151645 for open-end generation.
2026-07-06 15:08:45,816 INFO B[65/80] email hit none=0 profile=1 distractor=0
Setting `pad_token_id` to `eos_token_id`:151645 for open-end generation.
Setting `pad_token_id` to `eos_token_id`:151645 for open-end generation.
Setting `pad_token_id` to `eos_token_id`:151645 for open-end generation.
2026-07-06 15:08:47,160 INFO B[66/80] name hit none=1 profile=1 distractor=1
Setting `pad_token_id` to `eos_token_id`:151645 for open-end generation.
Setting `pad_token_id` to `eos_token_id`:151645 for open-end generation.
Setting `pad_token_id` to `eos_token_id`:151645 for open-end generation.
2026-07-06 15:08:48,178 INFO B[67/80] email hit none=0 profile=1 distractor=0
Setting `pad_token_id` to `eos_token_id`:151645 for open-end generation.
Setting `pad_token_id` to `eos_token_id`:151645 for open-end generation.
Setting `pad_token_id` to `eos_token_id`:151645 for open-end generation.
2026-07-06 15:08:49,976 INFO B[68/80] name hit none=1 profile=1 distractor=1
Setting `pad_token_id` to `eos_token_id`:151645 for open-end generation.
Setting `pad_token_id` to `eos_token_id`:151645 for open-end generation.
Setting `pad_token_id` to `eos_token_id`:151645 for open-end generation.
2026-07-06 15:08:51,065 INFO B[69/80] email hit none=0 profile=1 distractor=0
Setting `pad_token_id` to `eos_token_id`:151645 for open-end generation.
Setting `pad_token_id` to `eos_token_id`:151645 for open-end generation.
Setting `pad_token_id` to `eos_token_id`:151645 for open-end generation.
2026-07-06 15:08:52,913 INFO B[70/80] name hit none=1 profile=1 distractor=1
Setting `pad_token_id` to `eos_token_id`:151645 for open-end generation.
Setting `pad_token_id` to `eos_token_id`:151645 for open-end generation.
Setting `pad_token_id` to `eos_token_id`:151645 for open-end generation.
2026-07-06 15:08:53,762 INFO B[71/80] email hit none=0 profile=1 distractor=0
Setting `pad_token_id` to `eos_token_id`:151645 for open-end generation.
Setting `pad_token_id` to `eos_token_id`:151645 for open-end generation.
Setting `pad_token_id` to `eos_token_id`:151645 for open-end generation.
2026-07-06 15:08:55,250 INFO B[72/80] name hit none=1 profile=1 distractor=1
Setting `pad_token_id` to `eos_token_id`:151645 for open-end generation.
Setting `pad_token_id` to `eos_token_id`:151645 for open-end generation.
Setting `pad_token_id` to `eos_token_id`:151645 for open-end generation.
2026-07-06 15:08:56,178 INFO B[73/80] email hit none=0 profile=1 distractor=0
Setting `pad_token_id` to `eos_token_id`:151645 for open-end generation.
Setting `pad_token_id` to `eos_token_id`:151645 for open-end generation.
Setting `pad_token_id` to `eos_token_id`:151645 for open-end generation.
2026-07-06 15:08:57,671 INFO B[74/80] name hit none=1 profile=1 distractor=1
Setting `pad_token_id` to `eos_token_id`:151645 for open-end generation.
Setting `pad_token_id` to `eos_token_id`:151645 for open-end generation.
Setting `pad_token_id` to `eos_token_id`:151645 for open-end generation.
2026-07-06 15:08:58,787 INFO B[75/80] email hit none=0 profile=1 distractor=0
Setting `pad_token_id` to `eos_token_id`:151645 for open-end generation.
Setting `pad_token_id` to `eos_token_id`:151645 for open-end generation.
Setting `pad_token_id` to `eos_token_id`:151645 for open-end generation.
2026-07-06 15:09:00,477 INFO B[76/80] name hit none=1 profile=1 distractor=1
Setting `pad_token_id` to `eos_token_id`:151645 for open-end generation.
Setting `pad_token_id` to `eos_token_id`:151645 for open-end generation.
Setting `pad_token_id` to `eos_token_id`:151645 for open-end generation.
2026-07-06 15:09:01,670 INFO B[77/80] email hit none=0 profile=1 distractor=0
Setting `pad_token_id` to `eos_token_id`:151645 for open-end generation.
Setting `pad_token_id` to `eos_token_id`:151645 for open-end generation.
Setting `pad_token_id` to `eos_token_id`:151645 for open-end generation.
2026-07-06 15:09:03,645 INFO B[78/80] name hit none=1 profile=1 distractor=1
Setting `pad_token_id` to `eos_token_id`:151645 for open-end generation.
Setting `pad_token_id` to `eos_token_id`:151645 for open-end generation.
Setting `pad_token_id` to `eos_token_id`:151645 for open-end generation.
2026-07-06 15:09:04,632 INFO B[79/80] email hit none=1 profile=1 distractor=0
2026-07-06 15:09:04,632 INFO step 10500  prem=0.34 rec=0.80 | name+=1.00 email+=0.93 | intrusion=0.013
2026-07-06 15:09:04,638 INFO === 5 checkpoints pass the unified gate (prem<=0.6, email+>=0.85, intrusion<=0.06) ===
2026-07-06 15:09:04,638 INFO   step  1500  prem=0.04 email+=1.00 intrusion=0.025
2026-07-06 15:09:04,638 INFO   step  4500  prem=0.30 email+=0.93 intrusion=0.000
2026-07-06 15:09:04,638 INFO   step  7500  prem=0.48 email+=0.90 intrusion=0.013
2026-07-06 15:09:04,638 INFO   step  9000  prem=0.16 email+=0.85 intrusion=0.000
2026-07-06 15:09:04,638 INFO   step 10500  prem=0.34 email+=0.93 intrusion=0.013
2026-07-06 15:09:04,639 INFO Wrote research/131-v18seed2-sweep.json
